stock_code,stock_name,review_universe_source,source_file,source_type,source_title,research_only,used_for_signal,used_for_admission
000049,德赛电池,v5_hydrated,/Users/xiwei/stock_research/outputs/research/tech_bottleneck_latent_standard_backfill_queue_v1/cninfo_primary_source_pdfs/000049_德赛电池_2025-08-26_半年报_2025年半年度报告_1224564011.pdf,interim_report,2025年半年度报告,True,False,False
000049,德赛电池,v5_hydrated,/Users/xiwei/stock_research/outputs/research/tech_bottleneck_latent_standard_backfill_queue_v1/cninfo_primary_source_pdfs/000049_德赛电池_2026-04-23_年报_2025年年度报告_1225146147.pdf,annual_report,2025年年度报告,True,False,False
000049,德赛电池,v5_hydrated,/Users/xiwei/stock_research/outputs/research/tech_bottleneck_latent_standard_backfill_queue_v1/cninfo_primary_source_pdfs/000049_德赛电池_2026-04-23_日常经营_关于2026年度用自有资金购买银行理财产品的公告_1225152762.pdf,announcement,关于2026年度用自有资金购买银行理财产品的公告,True,False,False
000400,许继电气,v5_hydrated,/Users/xiwei/stock_research/outputs/research/tech_bottleneck_remaining_primary_source_collection_v1/cninfo_primary_source_pdfs/000400_许继电气_2025-08-21_半年报_2025年半年度报告_1224525622.pdf,interim_report,2025年半年度报告,True,False,False
000400,许继电气,v5_hydrated,/Users/xiwei/stock_research/outputs/research/tech_bottleneck_remaining_primary_source_collection_v1/cninfo_primary_source_pdfs/000400_许继电气_2026-04-11_年报_2025年年度报告_1225096177.pdf,annual_report,2025年年度报告,True,False,False
000400,许继电气,v5_hydrated,/Users/xiwei/stock_research/outputs/research/tech_bottleneck_remaining_primary_source_collection_v1/cninfo_primary_source_pdfs/000400_许继电气_2026-05-08_日常经营_关于产品中标的自愿性信息披露公告_1225281351.pdf,announcement,关于产品中标的自愿性信息披露公告,True,False,False
000551,创元科技,v5_hydrated,/Users/xiwei/stock_research/outputs/research/tech_bottleneck_false_negative_rescue_primary_source_backfill_v1/cninfo_primary_source_pdfs/000551_创元科技_2025-08-19_半年报_2025年半年度报告_1224501818.pdf,interim_report,2025年半年度报告,True,False,False
000551,创元科技,v5_hydrated,/Users/xiwei/stock_research/outputs/research/tech_bottleneck_false_negative_rescue_primary_source_backfill_v1/cninfo_primary_source_pdfs/000551_创元科技_2026-04-08_年报_2025年年度报告_1225082641.pdf,annual_report,2025年年度报告,True,False,False
000551,创元科技,v5_hydrated,/Users/xiwei/stock_research/outputs/research/tech_bottleneck_false_negative_rescue_primary_source_backfill_v1/cninfo_primary_source_pdfs/000551_创元科技_2026-06-24_日常经营_关于职工代表董事辞职及选举职工代表董事的公告_1225382872.pdf,announcement,关于职工代表董事辞职及选举职工代表董事的公告,True,False,False
000657,中钨高新,v5_hydrated,/Users/xiwei/stock_research/outputs/research/tech_bottleneck_data_gap_primary_source_backfill_v1/cninfo_primary_source_pdfs/000657_中钨高新_2025-08-27_半年报_2025年半年度报告_1224577056.pdf,interim_report,2025年半年度报告,True,False,False
000657,中钨高新,v5_hydrated,/Users/xiwei/stock_research/outputs/research/tech_bottleneck_data_gap_primary_source_backfill_v1/cninfo_primary_source_pdfs/000657_中钨高新_2026-04-27_年报_2025年年度报告_1225183873.pdf,annual_report,2025年年度报告,True,False,False
000657,中钨高新,v5_hydrated,/Users/xiwei/stock_research/outputs/research/tech_bottleneck_data_gap_primary_source_backfill_v1/cninfo_primary_source_pdfs/000657_中钨高新_2026-06-13_日常经营_关于调整2026年度与中国五矿日常关联交易预计的公告_1225368472.pdf,announcement,关于调整2026年度与中国五矿日常关联交易预计的公告,True,False,False
000682,东方电子,v7_proposal_new,/Users/xiwei/stock_research/outputs/research/tech_bottleneck_latent_manual_review_collection_batch1_v1/cninfo_primary_source_pdfs/000682_东方电子_2025-08-23_半年报_2025年半年度报告_1224554285.pdf,interim_report,2025年半年度报告,True,False,False
000682,东方电子,v7_proposal_new,/Users/xiwei/stock_research/outputs/research/tech_bottleneck_latent_manual_review_collection_batch1_v1/cninfo_primary_source_pdfs/000682_东方电子_2026-04-24_年报_2025年年度报告_1225161855.pdf,annual_report,2025年年度报告,True,False,False
000682,东方电子,v7_proposal_new,/Users/xiwei/stock_research/outputs/research/tech_bottleneck_latent_manual_review_collection_batch1_v1/cninfo_primary_source_pdfs/000682_东方电子_2026-05-13_日常经营_关于参加2026年山东辖区上市公司投资者网上集体接待日活动的公告_1225300811.pdf,announcement,关于参加2026年山东辖区上市公司投资者网上集体接待日活动的公告,True,False,False
000777,中核科技,v7_proposal_new,/Users/xiwei/stock_research/outputs/research/tech_bottleneck_latent_manual_review_standard_collection_v1/cninfo_primary_source_pdfs/000777_中核科技_2025-08-28_半年报_2025年半年度报告_1224595951.pdf,interim_report,2025年半年度报告,True,False,False
000777,中核科技,v7_proposal_new,/Users/xiwei/stock_research/outputs/research/tech_bottleneck_latent_manual_review_standard_collection_v1/cninfo_primary_source_pdfs/000777_中核科技_2026-04-28_年报_2025年年度报告_1225216044.pdf,annual_report,2025年年度报告,True,False,False
000777,中核科技,v7_proposal_new,/Users/xiwei/stock_research/outputs/research/tech_bottleneck_latent_manual_review_standard_collection_v1/cninfo_primary_source_pdfs/000777_中核科技_2026-05-28_日常经营_关于参加中核集团集体投资者交流会的公告_1225332612.pdf,announcement,关于参加中核集团集体投资者交流会的公告,True,False,False
000811,冰轮环境,v5_hydrated,/Users/xiwei/stock_research/outputs/research/tech_bottleneck_expansion_queue_primary_source_backfill_v1/cninfo_primary_source_pdfs/000811_冰轮环境_2025-08-21_半年报_2025年半年度报告_1224524269.pdf,interim_report,2025年半年度报告,True,False,False
000811,冰轮环境,v5_hydrated,/Users/xiwei/stock_research/outputs/research/tech_bottleneck_expansion_queue_primary_source_backfill_v1/cninfo_primary_source_pdfs/000811_冰轮环境_2026-04-11_年报_2025年年度报告_1225092828.pdf,annual_report,2025年年度报告,True,False,False
000811,冰轮环境,v5_hydrated,/Users/xiwei/stock_research/outputs/research/tech_bottleneck_expansion_queue_primary_source_backfill_v1/cninfo_primary_source_pdfs/000811_冰轮环境_2026-07-07_日常经营_关于收购控股子公司北京华源泰盟节能设备有限公司少数股权涉及关联交易的公告_1225411831.pdf,announcement,关于收购控股子公司北京华源泰盟节能设备有限公司少数股权涉及关联交易的公告,True,False,False
000967,盈峰环境,v5_hydrated,/Users/xiwei/stock_research/outputs/research/tech_bottleneck_false_negative_rescue_primary_source_backfill_v1/cninfo_primary_source_pdfs/000967_盈峰环境_2025-08-23_半年报_2025年半年度报告_1224554214.pdf,interim_report,2025年半年度报告,True,False,False
000967,盈峰环境,v5_hydrated,/Users/xiwei/stock_research/outputs/research/tech_bottleneck_false_negative_rescue_primary_source_backfill_v1/cninfo_primary_source_pdfs/000967_盈峰环境_2026-05-20_年报_2025年年度报告(英文版）_1225317378.pdf,annual_report,2025年年度报告(英文版）,True,False,False
000967,盈峰环境,v5_hydrated,/Users/xiwei/stock_research/outputs/research/tech_bottleneck_false_negative_rescue_primary_source_backfill_v1/cninfo_primary_source_pdfs/000967_盈峰环境_2026-07-02_日常经营_关于公司对子公司担保事项进展的公告_1225403884.pdf,announcement,关于公司对子公司担保事项进展的公告,True,False,False
000977,浪潮信息,v7_proposal_new,/Users/xiwei/stock_research/outputs/research/tech_bottleneck_latent_manual_review_standard_collection_v1/cninfo_primary_source_pdfs/000977_浪潮信息_2025-08-27_半年报_2025年半年度报告_1224584510.pdf,interim_report,2025年半年度报告,True,False,False
000977,浪潮信息,v7_proposal_new,/Users/xiwei/stock_research/outputs/research/tech_bottleneck_latent_manual_review_standard_collection_v1/cninfo_primary_source_pdfs/000977_浪潮信息_2026-04-11_年报_2025年年度报告_1225096638.pdf,annual_report,2025年年度报告,True,False,False
000977,浪潮信息,v7_proposal_new,/Users/xiwei/stock_research/outputs/research/tech_bottleneck_latent_manual_review_standard_collection_v1/cninfo_primary_source_pdfs/000977_浪潮信息_2026-05-09_日常经营_关于选举职工代表董事的公告_1225286944.pdf,announcement,关于选举职工代表董事的公告,True,False,False
000997,新 大 陆,v7_proposal_new,/Users/xiwei/stock_research/outputs/research/tech_bottleneck_latent_manual_review_standard_collection_v1/cninfo_primary_source_pdfs/000997_新 大 陆_2025-08-26_半年报_2025年半年度报告_1224570931.pdf,interim_report,2025年半年度报告,True,False,False
000997,新 大 陆,v7_proposal_new,/Users/xiwei/stock_research/outputs/research/tech_bottleneck_latent_manual_review_standard_collection_v1/cninfo_primary_source_pdfs/000997_新 大 陆_2026-04-25_年报_2025年年度报告_1225184535.pdf,annual_report,2025年年度报告,True,False,False
000997,新 大 陆,v7_proposal_new,/Users/xiwei/stock_research/outputs/research/tech_bottleneck_latent_manual_review_standard_collection_v1/cninfo_primary_source_pdfs/000997_新 大 陆_2026-06-12_日常经营_关于举办2025年度暨2026年第一季度业绩说明会的公告_1225364280.pdf,announcement,关于举办2025年度暨2026年第一季度业绩说明会的公告,True,False,False
001267,汇绿生态,v5_hydrated,/Users/xiwei/stock_research/outputs/research/tech_bottleneck_expansion_queue_primary_source_backfill_v1/cninfo_primary_source_pdfs/001267_汇绿生态_2025-08-26_半年报_2025年半年度报告_1224567514.pdf,interim_report,2025年半年度报告,True,False,False
001267,汇绿生态,v5_hydrated,/Users/xiwei/stock_research/outputs/research/tech_bottleneck_expansion_queue_primary_source_backfill_v1/cninfo_primary_source_pdfs/001267_汇绿生态_2026-04-03_年报_2025年年度报告_1225076556.pdf,annual_report,2025年年度报告,True,False,False
001267,汇绿生态,v5_hydrated,/Users/xiwei/stock_research/outputs/research/tech_bottleneck_expansion_queue_primary_source_backfill_v1/cninfo_primary_source_pdfs/001267_汇绿生态_2026-07-04_日常经营_关于开展外汇套期保值业务的可行性分析报告_1225407922.pdf,announcement,关于开展外汇套期保值业务的可行性分析报告,True,False,False
001309,德明利,v5_hydrated,/Users/xiwei/stock_research/outputs/research/tech_bottleneck_false_negative_rescue_primary_source_backfill_v1/cninfo_primary_source_pdfs/001309_德明利_2025-08-22_半年报_2025年半年度报告_1224536601.pdf,interim_report,2025年半年度报告,True,False,False
001309,德明利,v5_hydrated,/Users/xiwei/stock_research/outputs/research/tech_bottleneck_false_negative_rescue_primary_source_backfill_v1/cninfo_primary_source_pdfs/001309_德明利_2026-02-28_年报_2025年年度报告_1224989020.pdf,annual_report,2025年年度报告,True,False,False
001309,德明利,v5_hydrated,/Users/xiwei/stock_research/outputs/research/tech_bottleneck_false_negative_rescue_primary_source_backfill_v1/cninfo_primary_source_pdfs/001309_德明利_2026-07-03_日常经营_关于续聘2026年度会计师事务所的公告_1225406061.pdf,announcement,关于续聘2026年度会计师事务所的公告,True,False,False
001389,广合科技,v5_hydrated,/Users/xiwei/stock_research/outputs/research/tech_bottleneck_data_gap_primary_source_backfill_v1/cninfo_primary_source_pdfs/001389_广合科技_2025-08-22_半年报_2025年半年度报告_1224530722.pdf,interim_report,2025年半年度报告,True,False,False
001389,广合科技,v5_hydrated,/Users/xiwei/stock_research/outputs/research/tech_bottleneck_data_gap_primary_source_backfill_v1/cninfo_primary_source_pdfs/001389_广合科技_2026-03-28_年报_2025年年度报告_1225044663.pdf,annual_report,2025年年度报告,True,False,False
001389,广合科技,v5_hydrated,/Users/xiwei/stock_research/outputs/research/tech_bottleneck_data_gap_primary_source_backfill_v1/cninfo_primary_source_pdfs/001389_广合科技_2026-06-23_日常经营_前次募集资金使用情况鉴证报告_1225381154.pdf,announcement,前次募集资金使用情况鉴证报告,True,False,False
002006,精工科技,v7_proposal_new,/Users/xiwei/stock_research/outputs/research/tech_bottleneck_latent_manual_review_standard_collection_v1/cninfo_primary_source_pdfs/002006_精工科技_2025-08-16_半年报_2025年半年度报告_1224497735.pdf,interim_report,2025年半年度报告,True,False,False
002006,精工科技,v7_proposal_new,/Users/xiwei/stock_research/outputs/research/tech_bottleneck_latent_manual_review_standard_collection_v1/cninfo_primary_source_pdfs/002006_精工科技_2026-04-18_年报_2025年年度报告_1225115471.pdf,annual_report,2025年年度报告,True,False,False
002006,精工科技,v7_proposal_new,/Users/xiwei/stock_research/outputs/research/tech_bottleneck_latent_manual_review_standard_collection_v1/cninfo_primary_source_pdfs/002006_精工科技_2026-06-26_日常经营_关于独立董事辞职暨完成独立董事补选的公告_1225387413.pdf,announcement,关于独立董事辞职暨完成独立董事补选的公告,True,False,False
002008,大族激光,v5_hydrated,/Users/xiwei/stock_research/outputs/research/tech_bottleneck_expansion_queue_primary_source_backfill_v1/cninfo_primary_source_pdfs/002008_大族激光_2025-08-26_半年报_2025年半年度报告_1224573139.pdf,interim_report,2025年半年度报告,True,False,False
002008,大族激光,v5_hydrated,/Users/xiwei/stock_research/outputs/research/tech_bottleneck_expansion_queue_primary_source_backfill_v1/cninfo_primary_source_pdfs/002008_大族激光_2026-04-17_年报_2025年年度报告_1225114033.pdf,annual_report,2025年年度报告,True,False,False
002008,大族激光,v5_hydrated,/Users/xiwei/stock_research/outputs/research/tech_bottleneck_expansion_queue_primary_source_backfill_v1/cninfo_primary_source_pdfs/002008_大族激光_2026-06-26_日常经营_关于调整高级管理人员范围并修订《公司章程》的公告_1225389086.pdf,announcement,关于调整高级管理人员范围并修订《公司章程》的公告,True,False,False
002025,航天电器,v7_proposal_new,/Users/xiwei/stock_research/outputs/research/tech_bottleneck_latent_manual_review_collection_batch1_v1/cninfo_primary_source_pdfs/002025_航天电器_2025-08-22_半年报_2025年半年度报告_1224534378.pdf,interim_report,2025年半年度报告,True,False,False
002025,航天电器,v7_proposal_new,/Users/xiwei/stock_research/outputs/research/tech_bottleneck_latent_manual_review_collection_batch1_v1/cninfo_primary_source_pdfs/002025_航天电器_2026-03-31_年报_2025年年度报告_1225054265.pdf,annual_report,2025年年度报告,True,False,False
002025,航天电器,v7_proposal_new,/Users/xiwei/stock_research/outputs/research/tech_bottleneck_latent_manual_review_collection_batch1_v1/cninfo_primary_source_pdfs/002025_航天电器_2026-07-01_日常经营_贵州航天电器股份有限公司关于控股子公司接受关联方财务资助暨签署借款展期协议的公告_1225399442.pdf,announcement,贵州航天电器股份有限公司关于控股子公司接受关联方财务资助暨签署借款展期协议的公告,True,False,False
002028,思源电气,v5_targeted_hydrated,/Users/xiwei/stock_research/outputs/research/data_to_brief_docling_30_stock_batch_pilot_v1/source_acquisition/yanbaoke_pdfs/2024-04-19-深交所-思源电气_2023年年度报告_300页_12mb.pdf,local_pdf,2024-04-19-深交所-思源电气_2023年年度报告_300页_12mb.pdf,True,False,False
002074,国轩高科,v7_proposal_new,/Users/xiwei/stock_research/outputs/research/tech_bottleneck_latent_manual_review_collection_batch1_v1/cninfo_primary_source_pdfs/002074_国轩高科_2025-08-30_半年报_2025年半年度报告_1224628140.pdf,interim_report,2025年半年度报告,True,False,False
002074,国轩高科,v7_proposal_new,/Users/xiwei/stock_research/outputs/research/tech_bottleneck_latent_manual_review_collection_batch1_v1/cninfo_primary_source_pdfs/002074_国轩高科_2026-04-29_年报_2025年年度报告_1225254220.pdf,annual_report,2025年年度报告,True,False,False
002074,国轩高科,v7_proposal_new,/Users/xiwei/stock_research/outputs/research/tech_bottleneck_latent_manual_review_collection_batch1_v1/cninfo_primary_source_pdfs/002074_国轩高科_2026-07-04_日常经营_关于全资子公司出售股票资产情况的公告_1225408055.pdf,announcement,关于全资子公司出售股票资产情况的公告,True,False,False
002121,科陆电子,v5_targeted_hydrated,/Users/xiwei/stock_research/outputs/research/data_to_brief_docling_90_stock_pdf_acquisition_v1/yanbaoke_pdfs/2021-08-27-深交所-科陆电子_2021年半年度报告_209页_1mb.pdf,local_pdf,2021-08-27-深交所-科陆电子_2021年半年度报告_209页_1mb.pdf,True,False,False
002153,石基信息,v7_proposal_new,/Users/xiwei/stock_research/outputs/research/tech_bottleneck_latent_manual_review_standard_collection_v1/cninfo_primary_source_pdfs/002153_石基信息_2025-08-28_半年报_2025年半年度报告_1224592561.pdf,interim_report,2025年半年度报告,True,False,False
002153,石基信息,v7_proposal_new,/Users/xiwei/stock_research/outputs/research/tech_bottleneck_latent_manual_review_standard_collection_v1/cninfo_primary_source_pdfs/002153_石基信息_2026-03-26_年报_2025年年度报告_1225032378.pdf,annual_report,2025年年度报告,True,False,False
002153,石基信息,v7_proposal_new,/Users/xiwei/stock_research/outputs/research/tech_bottleneck_latent_manual_review_standard_collection_v1/cninfo_primary_source_pdfs/002153_石基信息_2026-07-02_日常经营_关于发行股份购买资产报告书（草案）（注册稿）修订说明的公告_1225403611.pdf,announcement,关于发行股份购买资产报告书（草案）（注册稿）修订说明的公告,True,False,False
002156,通富微电,v5_hydrated,/Users/xiwei/stock_research/outputs/research/tech_bottleneck_data_gap_primary_source_backfill_v1/cninfo_primary_source_pdfs/002156_通富微电_2025-08-29_半年报_2025年半年度报告_1224607849.pdf,interim_report,2025年半年度报告,True,False,False
002156,通富微电,v5_hydrated,/Users/xiwei/stock_research/outputs/research/tech_bottleneck_data_gap_primary_source_backfill_v1/cninfo_primary_source_pdfs/002156_通富微电_2026-04-17_年报_2025年年度报告_1225112762.pdf,annual_report,2025年年度报告,True,False,False
002156,通富微电,v5_hydrated,/Users/xiwei/stock_research/outputs/research/tech_bottleneck_data_gap_primary_source_backfill_v1/cninfo_primary_source_pdfs/002156_通富微电_2026-06-26_日常经营_关于持股5%以上股东股份变动比例触及5%整数倍暨披露权益变动报告书的提示性公告_1225388684.pdf,announcement,关于持股5%以上股东股份变动比例触及5%整数倍暨披露权益变动报告书的提示性公告,True,False,False
002169,智光电气,v5_hydrated,/Users/xiwei/stock_research/outputs/research/tech_bottleneck_expansion_queue_primary_source_backfill_v1/cninfo_primary_source_pdfs/002169_智光电气_2025-08-23_半年报_2025年半年度报告_1224555387.pdf,interim_report,2025年半年度报告,True,False,False
002169,智光电气,v5_hydrated,/Users/xiwei/stock_research/outputs/research/tech_bottleneck_expansion_queue_primary_source_backfill_v1/cninfo_primary_source_pdfs/002169_智光电气_2026-04-15_年报_2025年年度报告_1225103142.pdf,annual_report,2025年年度报告,True,False,False
002169,智光电气,v5_hydrated,/Users/xiwei/stock_research/outputs/research/tech_bottleneck_expansion_queue_primary_source_backfill_v1/cninfo_primary_source_pdfs/002169_智光电气_2026-06-06_日常经营_关于公司及子公司向银行等金融机构申请综合授信额度及担保事项的进展公告_1225353558.pdf,announcement,关于公司及子公司向银行等金融机构申请综合授信额度及担保事项的进展公告,True,False,False
002171,楚江新材,v5_hydrated,/Users/xiwei/stock_research/outputs/research/tech_bottleneck_remaining_primary_source_collection_v1/cninfo_primary_source_pdfs/002171_楚江新材_2025-08-28_半年报_2025年半年度报告_1224590761.pdf,interim_report,2025年半年度报告,True,False,False
002171,楚江新材,v5_hydrated,/Users/xiwei/stock_research/outputs/research/tech_bottleneck_remaining_primary_source_collection_v1/cninfo_primary_source_pdfs/002171_楚江新材_2026-04-25_年报_2025年年度报告_1225181815.pdf,annual_report,2025年年度报告,True,False,False
002171,楚江新材,v5_hydrated,/Users/xiwei/stock_research/outputs/research/tech_bottleneck_remaining_primary_source_collection_v1/cninfo_primary_source_pdfs/002171_楚江新材_2026-07-01_日常经营_安徽楚江科技新材料股份有限公司关于控股子公司拟终止向不特定合格投资者公开发行股票并在北京证券交易所上市申请并撤回申请文件的公告_1225399146.pdf,announcement,安徽楚江科技新材料股份有限公司关于控股子公司拟终止向不特定合格投资者公开发行股票并在北京证券交易所上市申请并撤回申请文件的公告,True,False,False
002176,江特电机,v5_hydrated,/Users/xiwei/stock_research/outputs/research/tech_bottleneck_remaining_primary_source_collection_v1/cninfo_primary_source_pdfs/002176_江特电机_2025-08-22_半年报_2025年半年度报告_1224531239.pdf,interim_report,2025年半年度报告,True,False,False
002176,江特电机,v5_hydrated,/Users/xiwei/stock_research/outputs/research/tech_bottleneck_remaining_primary_source_collection_v1/cninfo_primary_source_pdfs/002176_江特电机_2026-04-29_年报_2025年年度报告_1225240831.pdf,annual_report,2025年年度报告,True,False,False
002176,江特电机,v5_hydrated,/Users/xiwei/stock_research/outputs/research/tech_bottleneck_remaining_primary_source_collection_v1/cninfo_primary_source_pdfs/002176_江特电机_2026-07-07_日常经营_关于控股股东部分股权解除质押的公告_1225411490.pdf,announcement,关于控股股东部分股权解除质押的公告,True,False,False
002179,中航光电,v7_proposal_new,/Users/xiwei/stock_research/outputs/research/tech_bottleneck_latent_manual_review_collection_batch1_v1/cninfo_primary_source_pdfs/002179_中航光电_2025-08-30_半年报_2025年半年度报告_1224628246.pdf,interim_report,2025年半年度报告,True,False,False
002179,中航光电,v7_proposal_new,/Users/xiwei/stock_research/outputs/research/tech_bottleneck_latent_manual_review_collection_batch1_v1/cninfo_primary_source_pdfs/002179_中航光电_2026-03-28_年报_2025年年度报告_1225044952.pdf,annual_report,2025年年度报告,True,False,False
002179,中航光电,v7_proposal_new,/Users/xiwei/stock_research/outputs/research/tech_bottleneck_latent_manual_review_collection_batch1_v1/cninfo_primary_source_pdfs/002179_中航光电_2026-06-18_日常经营_关于选举职工代表董事及调整董事会部分专业委员会委员的公告_1225376767.pdf,announcement,关于选举职工代表董事及调整董事会部分专业委员会委员的公告,True,False,False
002182,宝武镁业,v5_hydrated,/Users/xiwei/stock_research/outputs/research/tech_bottleneck_latent_standard_backfill_queue_v1/cninfo_primary_source_pdfs/002182_宝武镁业_2025-08-28_半年报_2025年半年度报告_1224596935.pdf,interim_report,2025年半年度报告,True,False,False
002182,宝武镁业,v5_hydrated,/Users/xiwei/stock_research/outputs/research/tech_bottleneck_latent_standard_backfill_queue_v1/cninfo_primary_source_pdfs/002182_宝武镁业_2026-04-29_年报_2025年年度报告_1225223859.pdf,annual_report,2025年年度报告,True,False,False
002182,宝武镁业,v5_hydrated,/Users/xiwei/stock_research/outputs/research/tech_bottleneck_latent_standard_backfill_queue_v1/cninfo_primary_source_pdfs/002182_宝武镁业_2026-04-29_日常经营_关于续聘会计师事务所的公告_1225223895.pdf,announcement,关于续聘会计师事务所的公告,True,False,False
002185,华天科技,v5_targeted_hydrated,/Users/xiwei/stock_research/outputs/research/data_to_brief_docling_90_stock_pdf_acquisition_v1/yanbaoke_pdfs/2021-08-27-深交所-华天科技_2021年半年度报告_158页_2mb.pdf,local_pdf,2021-08-27-深交所-华天科技_2021年半年度报告_158页_2mb.pdf,True,False,False
002222,福晶科技,v5_hydrated,/Users/xiwei/stock_research/outputs/research/tech_bottleneck_likely_core_36_primary_source_backfill_v1/cninfo_primary_source_pdfs/002222_福晶科技_2025-08-28_半年报_2025年半年度报告_1224586966.pdf,interim_report,2025年半年度报告,True,False,False
002222,福晶科技,v5_hydrated,/Users/xiwei/stock_research/outputs/research/tech_bottleneck_likely_core_36_primary_source_backfill_v1/cninfo_primary_source_pdfs/002222_福晶科技_2026-04-29_年报_2025年年度报告_1225227139.pdf,annual_report,2025年年度报告,True,False,False
002222,福晶科技,v5_hydrated,/Users/xiwei/stock_research/outputs/research/tech_bottleneck_likely_core_36_primary_source_backfill_v1/cninfo_primary_source_pdfs/002222_福晶科技_2026-04-29_日常经营_关于拟续聘会计师事务所的公告_1225227164.pdf,announcement,关于拟续聘会计师事务所的公告,True,False,False
002230,科大讯飞,v7_proposal_new,/Users/xiwei/stock_research/outputs/research/tech_bottleneck_latent_manual_review_standard_collection_v1/cninfo_primary_source_pdfs/002230_科大讯飞_2025-08-22_半年报_2025年半年度报告_1224535261.pdf,interim_report,2025年半年度报告,True,False,False
002230,科大讯飞,v7_proposal_new,/Users/xiwei/stock_research/outputs/research/tech_bottleneck_latent_manual_review_standard_collection_v1/cninfo_primary_source_pdfs/002230_科大讯飞_2026-04-29_年报_2025年年度报告_1225233581.pdf,annual_report,2025年年度报告,True,False,False
002230,科大讯飞,v7_proposal_new,/Users/xiwei/stock_research/outputs/research/tech_bottleneck_latent_manual_review_standard_collection_v1/cninfo_primary_source_pdfs/002230_科大讯飞_2026-06-22_日常经营_董事会关于会计估计变更合理性的说明_1225378400.pdf,announcement,董事会关于会计估计变更合理性的说明,True,False,False
002281,光迅科技,v5_hydrated,/Users/xiwei/stock_research/outputs/research/tech_bottleneck_likely_core_36_primary_source_backfill_v1/cninfo_primary_source_pdfs/002281_光迅科技_2025-08-28_半年报_2025年半年度报告_1224600367.pdf,interim_report,2025年半年度报告,True,False,False
002281,光迅科技,v5_hydrated,/Users/xiwei/stock_research/outputs/research/tech_bottleneck_likely_core_36_primary_source_backfill_v1/cninfo_primary_source_pdfs/002281_光迅科技_2026-04-23_年报_2025年年度报告_1225148212.pdf,annual_report,2025年年度报告,True,False,False
002281,光迅科技,v5_hydrated,/Users/xiwei/stock_research/outputs/research/tech_bottleneck_likely_core_36_primary_source_backfill_v1/cninfo_primary_source_pdfs/002281_光迅科技_2026-07-07_日常经营_武汉光迅科技股份有限公司关于授权公司管理层启动公司境外发行股份（H股）并在香港联合交易所有限公司上市相关筹备工作的提示性公告_1225411868.pdf,announcement,武汉光迅科技股份有限公司关于授权公司管理层启动公司境外发行股份（H股）并在香港联合交易所有限公司上市相关筹备工作的提示性公告,True,False,False
002322,理工能科,v7_proposal_new,/Users/xiwei/stock_research/outputs/research/tech_bottleneck_latent_manual_review_standard_collection_v1/cninfo_primary_source_pdfs/002322_理工能科_2025-08-22_半年报_2025年半年度报告_1224532616.pdf,interim_report,2025年半年度报告,True,False,False
002322,理工能科,v7_proposal_new,/Users/xiwei/stock_research/outputs/research/tech_bottleneck_latent_manual_review_standard_collection_v1/cninfo_primary_source_pdfs/002322_理工能科_2026-03-31_年报_2025年年度报告_1225054909.pdf,annual_report,2025年年度报告,True,False,False
002322,理工能科,v7_proposal_new,/Users/xiwei/stock_research/outputs/research/tech_bottleneck_latent_manual_review_standard_collection_v1/cninfo_primary_source_pdfs/002322_理工能科_2026-05-27_日常经营_关于为全资子公司提供担保额度的进展公告_1225330304.pdf,announcement,关于为全资子公司提供担保额度的进展公告,True,False,False
002324,普利特,v5_targeted_hydrated,/Users/xiwei/stock_research/outputs/research/data_to_brief_docling_90_stock_pdf_acquisition_v1/yanbaoke_pdfs/2021-08-05-深交所-普利特_2021年半年度报告_165页_2mb.pdf,local_pdf,2021-08-05-深交所-普利特_2021年半年度报告_165页_2mb.pdf,True,False,False
002335,科华数据,v7_proposal_new,/Users/xiwei/stock_research/outputs/research/tech_bottleneck_latent_manual_review_standard_collection_v1/cninfo_primary_source_pdfs/002335_科华数据_2025-08-30_半年报_2025年半年度报告_1224622984.pdf,interim_report,2025年半年度报告,True,False,False
002335,科华数据,v7_proposal_new,/Users/xiwei/stock_research/outputs/research/tech_bottleneck_latent_manual_review_standard_collection_v1/cninfo_primary_source_pdfs/002335_科华数据_2026-04-27_年报_2025年年度报告_1225194937.pdf,annual_report,2025年年度报告,True,False,False
002335,科华数据,v7_proposal_new,/Users/xiwei/stock_research/outputs/research/tech_bottleneck_latent_manual_review_standard_collection_v1/cninfo_primary_source_pdfs/002335_科华数据_2026-04-27_日常经营_2025年度商誉减值测试报告_1225194972.pdf,announcement,2025年度商誉减值测试报告,True,False,False
002353,杰瑞股份,v5_hydrated,/Users/xiwei/stock_research/outputs/research/tech_bottleneck_expansion_queue_primary_source_backfill_v1/cninfo_primary_source_pdfs/002353_杰瑞股份_2025-08-07_半年报_2025年半年度报告_1224413291.pdf,interim_report,2025年半年度报告,True,False,False
002353,杰瑞股份,v5_hydrated,/Users/xiwei/stock_research/outputs/research/tech_bottleneck_expansion_queue_primary_source_backfill_v1/cninfo_primary_source_pdfs/002353_杰瑞股份_2026-04-17_年报_2025年年度报告_1225113312.pdf,annual_report,2025年年度报告,True,False,False
002353,杰瑞股份,v5_hydrated,/Users/xiwei/stock_research/outputs/research/tech_bottleneck_expansion_queue_primary_source_backfill_v1/cninfo_primary_source_pdfs/002353_杰瑞股份_2026-06-27_日常经营_关于公司副总裁辞任的公告_1225391585.pdf,announcement,关于公司副总裁辞任的公告,True,False,False
002368,太极股份,v5_hydrated,/Users/xiwei/stock_research/outputs/research/tech_bottleneck_latent_pending_primary_source_collection_v1/cninfo_primary_source_pdfs/002368_太极股份_2025-08-29_半年报_2025年半年度报告_1224603203.pdf,interim_report,2025年半年度报告,True,False,False
002368,太极股份,v5_hydrated,/Users/xiwei/stock_research/outputs/research/tech_bottleneck_latent_pending_primary_source_collection_v1/cninfo_primary_source_pdfs/002368_太极股份_2026-04-30_年报_2025年年度报告_1225266598.pdf,annual_report,2025年年度报告,True,False,False
002368,太极股份,v5_hydrated,/Users/xiwei/stock_research/outputs/research/tech_bottleneck_latent_pending_primary_source_collection_v1/cninfo_primary_source_pdfs/002368_太极股份_2026-06-30_日常经营_关于再次延期披露前期会计差错更正专项鉴证报告的公告_1225395504.pdf,announcement,关于再次延期披露前期会计差错更正专项鉴证报告的公告,True,False,False
002371,北方华创,v5_hydrated,/Users/xiwei/stock_research/outputs/research/tech_bottleneck_likely_core_36_primary_source_backfill_v1/cninfo_primary_source_pdfs/002371_北方华创_2025-08-29_半年报_2025年半年度报告_1224615664.pdf,interim_report,2025年半年度报告,True,False,False
002371,北方华创,v5_hydrated,/Users/xiwei/stock_research/outputs/research/tech_bottleneck_likely_core_36_primary_source_backfill_v1/cninfo_primary_source_pdfs/002371_北方华创_2026-04-18_年报_2025年年度报告_1225122918.pdf,annual_report,2025年年度报告,True,False,False
002371,北方华创,v5_hydrated,/Users/xiwei/stock_research/outputs/research/tech_bottleneck_likely_core_36_primary_source_backfill_v1/cninfo_primary_source_pdfs/002371_北方华创_2026-06-23_日常经营_关于放弃参股公司增资优先认购权暨关联交易的公告_1225381704.pdf,announcement,关于放弃参股公司增资优先认购权暨关联交易的公告,True,False,False
002402,和而泰,v5_hydrated,/Users/xiwei/stock_research/outputs/research/tech_bottleneck_likely_core_36_primary_source_backfill_v1/cninfo_primary_source_pdfs/002402_和而泰_2025-08-15_半年报_2025年半年度报告_1224486931.pdf,interim_report,2025年半年度报告,True,False,False
002402,和而泰,v5_hydrated,/Users/xiwei/stock_research/outputs/research/tech_bottleneck_likely_core_36_primary_source_backfill_v1/cninfo_primary_source_pdfs/002402_和而泰_2026-04-28_年报_2025年年度报告_1225209728.pdf,annual_report,2025年年度报告,True,False,False
002402,和而泰,v5_hydrated,/Users/xiwei/stock_research/outputs/research/tech_bottleneck_likely_core_36_primary_source_backfill_v1/cninfo_primary_source_pdfs/002402_和而泰_2026-06-26_日常经营_关于副总裁、财务负责人辞职暨聘任财务负责人的公告_1225387145.pdf,announcement,关于副总裁、财务负责人辞职暨聘任财务负责人的公告,True,False,False
002409,雅克科技,v5_hydrated,/Users/xiwei/stock_research/outputs/research/tech_bottleneck_likely_core_36_primary_source_backfill_v1/cninfo_primary_source_pdfs/002409_雅克科技_2025-08-28_半年报_2025年半年度报告_1224588180.pdf,interim_report,2025年半年度报告,True,False,False
002409,雅克科技,v5_hydrated,/Users/xiwei/stock_research/outputs/research/tech_bottleneck_likely_core_36_primary_source_backfill_v1/cninfo_primary_source_pdfs/002409_雅克科技_2026-04-28_年报_2025年年度报告_1225216877.pdf,annual_report,2025年年度报告,True,False,False
002409,雅克科技,v5_hydrated,/Users/xiwei/stock_research/outputs/research/tech_bottleneck_likely_core_36_primary_source_backfill_v1/cninfo_primary_source_pdfs/002409_雅克科技_2026-06-04_日常经营_关于全资子公司对参股公司增资暨关联交易的公告_1225348032.pdf,announcement,关于全资子公司对参股公司增资暨关联交易的公告,True,False,False
002414,高德红外,v5_hydrated,/Users/xiwei/stock_research/outputs/research/tech_bottleneck_remaining_primary_source_collection_v1/cninfo_primary_source_pdfs/002414_高德红外_2025-08-26_半年报_2025年半年度报告_1224572284.pdf,interim_report,2025年半年度报告,True,False,False
002414,高德红外,v5_hydrated,/Users/xiwei/stock_research/outputs/research/tech_bottleneck_remaining_primary_source_collection_v1/cninfo_primary_source_pdfs/002414_高德红外_2026-04-15_年报_2025年年度报告_1225101748.pdf,annual_report,2025年年度报告,True,False,False
002414,高德红外,v5_hydrated,/Users/xiwei/stock_research/outputs/research/tech_bottleneck_remaining_primary_source_collection_v1/cninfo_primary_source_pdfs/002414_高德红外_2026-05-16_日常经营_关于董事会延期换届的提示性公告_1225308975.pdf,announcement,关于董事会延期换届的提示性公告,True,False,False
002429,兆驰股份,v5_hydrated,/Users/xiwei/stock_research/outputs/research/tech_bottleneck_latent_pending_primary_source_collection_v1/cninfo_primary_source_pdfs/002429_兆驰股份_2025-08-23_半年报_2025年半年度报告_1224556283.pdf,interim_report,2025年半年度报告,True,False,False
002429,兆驰股份,v5_hydrated,/Users/xiwei/stock_research/outputs/research/tech_bottleneck_latent_pending_primary_source_collection_v1/cninfo_primary_source_pdfs/002429_兆驰股份_2026-04-24_年报_2025年年度报告_1225172227.pdf,annual_report,2025年年度报告,True,False,False
002429,兆驰股份,v5_hydrated,/Users/xiwei/stock_research/outputs/research/tech_bottleneck_latent_pending_primary_source_collection_v1/cninfo_primary_source_pdfs/002429_兆驰股份_2026-06-10_日常经营_关于为下属子公司申请综合授信提供担保的进展公告_1225360262.pdf,announcement,关于为下属子公司申请综合授信提供担保的进展公告,True,False,False
002434,万里扬,v5_hydrated,/Users/xiwei/stock_research/outputs/research/tech_bottleneck_latent_standard_backfill_queue_v1/cninfo_primary_source_pdfs/002434_万里扬_2025-08-22_半年报_2025年半年度报告_1224531348.pdf,interim_report,2025年半年度报告,True,False,False
002434,万里扬,v5_hydrated,/Users/xiwei/stock_research/outputs/research/tech_bottleneck_latent_standard_backfill_queue_v1/cninfo_primary_source_pdfs/002434_万里扬_2026-04-21_年报_2025年年度报告_1225128108.pdf,annual_report,2025年年度报告,True,False,False
002434,万里扬,v5_hydrated,/Users/xiwei/stock_research/outputs/research/tech_bottleneck_latent_standard_backfill_queue_v1/cninfo_primary_source_pdfs/002434_万里扬_2026-06-27_日常经营_关于为下属子公司提供担保的进展公告_1225389697.pdf,announcement,关于为下属子公司提供担保的进展公告,True,False,False
002463,沪电股份,v5_hydrated,/Users/xiwei/stock_research/outputs/research/tech_bottleneck_remaining_primary_source_collection_v1/cninfo_primary_source_pdfs/002463_沪电股份_2025-08-22_半年报_2025年半年度报告_1224535064.pdf,interim_report,2025年半年度报告,True,False,False
002463,沪电股份,v5_hydrated,/Users/xiwei/stock_research/outputs/research/tech_bottleneck_remaining_primary_source_collection_v1/cninfo_primary_source_pdfs/002463_沪电股份_2026-03-25_年报_2025年年度报告_1225027832.pdf,annual_report,2025年年度报告,True,False,False
002463,沪电股份,v5_hydrated,/Users/xiwei/stock_research/outputs/research/tech_bottleneck_remaining_primary_source_collection_v1/cninfo_primary_source_pdfs/002463_沪电股份_2026-06-09_日常经营_关于向香港联交所递交H股发行上市申请并刊发申请资料的进展公告_1225356935.pdf,announcement,关于向香港联交所递交H股发行上市申请并刊发申请资料的进展公告,True,False,False
002465,海格通信,v7_proposal_new,/Users/xiwei/stock_research/outputs/research/tech_bottleneck_latent_manual_review_collection_batch1_v1/cninfo_primary_source_pdfs/002465_海格通信_2025-08-09_半年报_2025年半年度报告_1224442476.pdf,interim_report,2025年半年度报告,True,False,False
002465,海格通信,v7_proposal_new,/Users/xiwei/stock_research/outputs/research/tech_bottleneck_latent_manual_review_collection_batch1_v1/cninfo_primary_source_pdfs/002465_海格通信_2026-03-28_年报_2025年年度报告_1225044009.pdf,annual_report,2025年年度报告,True,False,False
002465,海格通信,v7_proposal_new,/Users/xiwei/stock_research/outputs/research/tech_bottleneck_latent_manual_review_collection_batch1_v1/cninfo_primary_source_pdfs/002465_海格通信_2026-06-09_日常经营_关于使用部分暂时闲置募集资金进行现金管理的公告_1225357076.pdf,announcement,关于使用部分暂时闲置募集资金进行现金管理的公告,True,False,False
002490,山东墨龙,v5_hydrated,/Users/xiwei/stock_research/outputs/research/tech_bottleneck_false_negative_rescue_primary_source_backfill_v1/cninfo_primary_source_pdfs/002490_山东墨龙_2025-08-23_半年报_2025年半年度报告_1224557425.pdf,interim_report,2025年半年度报告,True,False,False
002490,山东墨龙,v5_hydrated,/Users/xiwei/stock_research/outputs/research/tech_bottleneck_false_negative_rescue_primary_source_backfill_v1/cninfo_primary_source_pdfs/002490_山东墨龙_2026-04-01_年报_2025年年度报告_1225066944.pdf,annual_report,2025年年度报告,True,False,False
002490,山东墨龙,v5_hydrated,/Users/xiwei/stock_research/outputs/research/tech_bottleneck_false_negative_rescue_primary_source_backfill_v1/cninfo_primary_source_pdfs/002490_山东墨龙_2026-06-22_日常经营_关于控股股东部分股份解除质押及质押的公告_1225378992.pdf,announcement,关于控股股东部分股份解除质押及质押的公告,True,False,False
002536,飞龙股份,v5_hydrated,/Users/xiwei/stock_research/outputs/research/tech_bottleneck_likely_core_36_primary_source_backfill_v1/cninfo_primary_source_pdfs/002536_飞龙股份_2025-07-23_半年报_2025年半年度报告_1224255932.pdf,interim_report,2025年半年度报告,True,False,False
002536,飞龙股份,v5_hydrated,/Users/xiwei/stock_research/outputs/research/tech_bottleneck_likely_core_36_primary_source_backfill_v1/cninfo_primary_source_pdfs/002536_飞龙股份_2026-03-20_年报_2025年年度报告_1225017484.pdf,annual_report,2025年年度报告,True,False,False
002536,飞龙股份,v5_hydrated,/Users/xiwei/stock_research/outputs/research/tech_bottleneck_likely_core_36_primary_source_backfill_v1/cninfo_primary_source_pdfs/002536_飞龙股份_2026-06-30_日常经营_关于使用暂时闲置募集资金及自有资金进行现金管理到期赎回的公告_1225395769.pdf,announcement,关于使用暂时闲置募集资金及自有资金进行现金管理到期赎回的公告,True,False,False
002549,凯美特气,v5_hydrated,/Users/xiwei/stock_research/outputs/research/tech_bottleneck_data_gap_primary_source_backfill_v1/cninfo_primary_source_pdfs/002549_凯美特气_2025-07-30_半年报_2025年半年度报告_1224328791.pdf,interim_report,2025年半年度报告,True,False,False
002549,凯美特气,v5_hydrated,/Users/xiwei/stock_research/outputs/research/tech_bottleneck_data_gap_primary_source_backfill_v1/cninfo_primary_source_pdfs/002549_凯美特气_2026-04-22_年报_2025年年度报告_1225134893.pdf,annual_report,2025年年度报告,True,False,False
002549,凯美特气,v5_hydrated,/Users/xiwei/stock_research/outputs/research/tech_bottleneck_data_gap_primary_source_backfill_v1/cninfo_primary_source_pdfs/002549_凯美特气_2026-06-27_日常经营_关于海南凯美特气体有限公司例行停车检修的公告_1225389955.pdf,announcement,关于海南凯美特气体有限公司例行停车检修的公告,True,False,False
002579,中京电子,v5_hydrated,/Users/xiwei/stock_research/outputs/research/tech_bottleneck_likely_core_36_primary_source_backfill_v1/cninfo_primary_source_pdfs/002579_中京电子_2025-08-20_半年报_2025年半年度报告_1224517823.pdf,interim_report,2025年半年度报告,True,False,False
002579,中京电子,v5_hydrated,/Users/xiwei/stock_research/outputs/research/tech_bottleneck_likely_core_36_primary_source_backfill_v1/cninfo_primary_source_pdfs/002579_中京电子_2026-04-24_年报_2025年年度报告_1225167909.pdf,annual_report,2025年年度报告,True,False,False
002579,中京电子,v5_hydrated,/Users/xiwei/stock_research/outputs/research/tech_bottleneck_likely_core_36_primary_source_backfill_v1/cninfo_primary_source_pdfs/002579_中京电子_2026-06-09_日常经营_募集说明书（申报稿）_1225357936.pdf,announcement,募集说明书（申报稿）,True,False,False
002580,圣阳股份,v5_hydrated,/Users/xiwei/stock_research/outputs/research/tech_bottleneck_expansion_queue_primary_source_backfill_v1/cninfo_primary_source_pdfs/002580_圣阳股份_2025-08-23_半年报_2025年半年度报告_1224556065.pdf,interim_report,2025年半年度报告,True,False,False
002580,圣阳股份,v5_hydrated,/Users/xiwei/stock_research/outputs/research/tech_bottleneck_expansion_queue_primary_source_backfill_v1/cninfo_primary_source_pdfs/002580_圣阳股份_2026-04-24_年报_2025年年度报告_1225172160.pdf,annual_report,2025年年度报告,True,False,False
002580,圣阳股份,v5_hydrated,/Users/xiwei/stock_research/outputs/research/tech_bottleneck_expansion_queue_primary_source_backfill_v1/cninfo_primary_source_pdfs/002580_圣阳股份_2026-06-05_日常经营_关于为控股子公司山东圣阳锂科新能源有限公司申请综合授信提供担保及接受关联方提供反担保的进展公告_1225350723.pdf,announcement,关于为控股子公司山东圣阳锂科新能源有限公司申请综合授信提供担保及接受关联方提供反担保的进展公告,True,False,False
002643,万润股份,v5_hydrated,/Users/xiwei/stock_research/outputs/research/tech_bottleneck_latent_pending_primary_source_collection_v1/cninfo_primary_source_pdfs/002643_万润股份_2025-08-22_半年报_2025年半年度报告_1224534368.pdf,interim_report,2025年半年度报告,True,False,False
002643,万润股份,v5_hydrated,/Users/xiwei/stock_research/outputs/research/tech_bottleneck_latent_pending_primary_source_collection_v1/cninfo_primary_source_pdfs/002643_万润股份_2026-04-25_年报_2025年年度报告_1225191914.pdf,annual_report,2025年年度报告,True,False,False
002643,万润股份,v5_hydrated,/Users/xiwei/stock_research/outputs/research/tech_bottleneck_latent_pending_primary_source_collection_v1/cninfo_primary_source_pdfs/002643_万润股份_2026-05-13_日常经营_关于参加2026年山东辖区上市公司投资者网上集体接待日活动的公告_1225300185.pdf,announcement,关于参加2026年山东辖区上市公司投资者网上集体接待日活动的公告,True,False,False
002730,电光科技,v5_hydrated,/Users/xiwei/stock_research/outputs/research/tech_bottleneck_latent_standard_backfill_queue_v1/cninfo_primary_source_pdfs/002730_电光科技_2025-08-27_半年报_2025年半年度报告_1224576514.pdf,interim_report,2025年半年度报告,True,False,False
002730,电光科技,v5_hydrated,/Users/xiwei/stock_research/outputs/research/tech_bottleneck_latent_standard_backfill_queue_v1/cninfo_primary_source_pdfs/002730_电光科技_2026-04-10_年报_2025年年度报告_1225089068.pdf,annual_report,2025年年度报告,True,False,False
002730,电光科技,v5_hydrated,/Users/xiwei/stock_research/outputs/research/tech_bottleneck_latent_standard_backfill_queue_v1/cninfo_primary_source_pdfs/002730_电光科技_2026-06-15_日常经营_天健会计师事务所（特殊普通合伙）关于前次募集资金使用情况的鉴证报告_1225368289.pdf,announcement,天健会计师事务所（特殊普通合伙）关于前次募集资金使用情况的鉴证报告,True,False,False
002787,华源控股,v5_hydrated,/Users/xiwei/stock_research/outputs/research/tech_bottleneck_data_gap_primary_source_backfill_v1/cninfo_primary_source_pdfs/002787_华源控股_2025-07-31_半年报_2025年半年度报告_1224341896.pdf,interim_report,2025年半年度报告,True,False,False
002787,华源控股,v5_hydrated,/Users/xiwei/stock_research/outputs/research/tech_bottleneck_data_gap_primary_source_backfill_v1/cninfo_primary_source_pdfs/002787_华源控股_2026-03-31_年报_2025年年度报告_1225058552.pdf,annual_report,2025年年度报告,True,False,False
002787,华源控股,v5_hydrated,/Users/xiwei/stock_research/outputs/research/tech_bottleneck_data_gap_primary_source_backfill_v1/cninfo_primary_source_pdfs/002787_华源控股_2026-06-22_日常经营_关于为全资子公司提供担保的进展公告_1225377449.pdf,announcement,关于为全资子公司提供担保的进展公告,True,False,False
002837,英维克,v5_hydrated,/Users/xiwei/stock_research/outputs/research/tech_bottleneck_expansion_queue_primary_source_backfill_v1/cninfo_primary_source_pdfs/002837_英维克_2025-08-19_半年报_2025年半年度报告_1224505163.pdf,interim_report,2025年半年度报告,True,False,False
002837,英维克,v5_hydrated,/Users/xiwei/stock_research/outputs/research/tech_bottleneck_expansion_queue_primary_source_backfill_v1/cninfo_primary_source_pdfs/002837_英维克_2026-04-21_年报_2025年年度报告_1225131813.pdf,annual_report,2025年年度报告,True,False,False
002837,英维克,v5_hydrated,/Users/xiwei/stock_research/outputs/research/tech_bottleneck_expansion_queue_primary_source_backfill_v1/cninfo_primary_source_pdfs/002837_英维克_2026-06-05_日常经营_关于为全资下属公司PT_ENVICOOL_TECHNOLOGY_INDONESIA提供担保的进展公告_1225351371.pdf,announcement,关于为全资下属公司PT ENVICOOL TECHNOLOGY INDONESIA提供担保的进展公告,True,False,False
002859,洁美科技,v5_hydrated,/Users/xiwei/stock_research/outputs/research/tech_bottleneck_likely_core_36_primary_source_backfill_v1/cninfo_primary_source_pdfs/002859_洁美科技_2025-08-12_半年报_2025年半年度报告_1224444697.pdf,interim_report,2025年半年度报告,True,False,False
002859,洁美科技,v5_hydrated,/Users/xiwei/stock_research/outputs/research/tech_bottleneck_likely_core_36_primary_source_backfill_v1/cninfo_primary_source_pdfs/002859_洁美科技_2026-04-21_年报_2025年年度报告_1225129614.pdf,annual_report,2025年年度报告,True,False,False
002859,洁美科技,v5_hydrated,/Users/xiwei/stock_research/outputs/research/tech_bottleneck_likely_core_36_primary_source_backfill_v1/cninfo_primary_source_pdfs/002859_洁美科技_2026-06-25_日常经营_2025年度可持续发展报告（英文版）_1225385300.pdf,announcement,2025年度可持续发展报告（英文版）,True,False,False
002876,三利谱,v7_proposal_new,/Users/xiwei/stock_research/outputs/research/tech_bottleneck_latent_manual_review_standard_collection_v1/cninfo_primary_source_pdfs/002876_三利谱_2025-08-28_半年报_2025年半年度报告_1224592552.pdf,interim_report,2025年半年度报告,True,False,False
002876,三利谱,v7_proposal_new,/Users/xiwei/stock_research/outputs/research/tech_bottleneck_latent_manual_review_standard_collection_v1/cninfo_primary_source_pdfs/002876_三利谱_2026-04-03_年报_2025年年度报告_1225077501.pdf,annual_report,2025年年度报告,True,False,False
002876,三利谱,v7_proposal_new,/Users/xiwei/stock_research/outputs/research/tech_bottleneck_latent_manual_review_standard_collection_v1/cninfo_primary_source_pdfs/002876_三利谱_2026-06-26_日常经营_关于为子公司提供对外担保的进展公告_1225388186.pdf,announcement,关于为子公司提供对外担保的进展公告,True,False,False
002885,京泉华,v5_targeted_hydrated,/Users/xiwei/stock_research/outputs/research/data_to_brief_docling_adapter_provenance_backfill_and_10_stock_batch_pilot_v1/source_acquisition/yanbaoke_pdfs/2025-10-29-深交所-京泉华_2025年三季度报告_12页_375kb.pdf,local_pdf,2025-10-29-深交所-京泉华_2025年三季度报告_12页_375kb.pdf,True,False,False
002896,中大力德,v5_hydrated,/Users/xiwei/stock_research/outputs/research/tech_bottleneck_expansion_queue_primary_source_backfill_v1/cninfo_primary_source_pdfs/002896_中大力德_2025-08-26_半年报_2025年半年度报告_1224569822.pdf,interim_report,2025年半年度报告,True,False,False
002896,中大力德,v5_hydrated,/Users/xiwei/stock_research/outputs/research/tech_bottleneck_expansion_queue_primary_source_backfill_v1/cninfo_primary_source_pdfs/002896_中大力德_2026-04-16_年报_2025年年度报告_1225108100.pdf,annual_report,2025年年度报告,True,False,False
002896,中大力德,v5_hydrated,/Users/xiwei/stock_research/outputs/research/tech_bottleneck_expansion_queue_primary_source_backfill_v1/cninfo_primary_source_pdfs/002896_中大力德_2026-06-25_日常经营_关于公司为子公司提供担保的进展公告_1225386521.pdf,announcement,关于公司为子公司提供担保的进展公告,True,False,False
002913,奥士康,v5_hydrated,/Users/xiwei/stock_research/outputs/research/tech_bottleneck_expansion_queue_primary_source_backfill_v1/cninfo_primary_source_pdfs/002913_奥士康_2025-08-13_半年报_2025年半年度报告_1224462089.pdf,interim_report,2025年半年度报告,True,False,False
002913,奥士康,v5_hydrated,/Users/xiwei/stock_research/outputs/research/tech_bottleneck_expansion_queue_primary_source_backfill_v1/cninfo_primary_source_pdfs/002913_奥士康_2026-04-29_年报_2025年年度报告_1225229100.pdf,annual_report,2025年年度报告,True,False,False
002913,奥士康,v5_hydrated,/Users/xiwei/stock_research/outputs/research/tech_bottleneck_expansion_queue_primary_source_backfill_v1/cninfo_primary_source_pdfs/002913_奥士康_2026-06-10_日常经营_关于为子公司提供担保的进展公告_1225359310.pdf,announcement,关于为子公司提供担保的进展公告,True,False,False
002916,深南电路,v5_hydrated,/Users/xiwei/stock_research/outputs/research/tech_bottleneck_likely_core_36_primary_source_backfill_v1/cninfo_primary_source_pdfs/002916_深南电路_2025-08-28_半年报_2025年半年度报告_1224596190.pdf,interim_report,2025年半年度报告,True,False,False
002916,深南电路,v5_hydrated,/Users/xiwei/stock_research/outputs/research/tech_bottleneck_likely_core_36_primary_source_backfill_v1/cninfo_primary_source_pdfs/002916_深南电路_2026-03-13_年报_2025年年度报告_1225006760.pdf,annual_report,2025年年度报告,True,False,False
002916,深南电路,v5_hydrated,/Users/xiwei/stock_research/outputs/research/tech_bottleneck_likely_core_36_primary_source_backfill_v1/cninfo_primary_source_pdfs/002916_深南电路_2026-06-13_日常经营_董事会审计委员会关于公司2026年度向特定对象发行股票相关事项的书面审核意见_1225369247.pdf,announcement,董事会审计委员会关于公司2026年度向特定对象发行股票相关事项的书面审核意见,True,False,False
002920,德赛西威,v7_proposal_new,/Users/xiwei/stock_research/outputs/research/tech_bottleneck_latent_manual_review_standard_collection_v1/cninfo_primary_source_pdfs/002920_德赛西威_2025-08-12_半年报_2025年半年度报告_1224445080.pdf,interim_report,2025年半年度报告,True,False,False
002920,德赛西威,v7_proposal_new,/Users/xiwei/stock_research/outputs/research/tech_bottleneck_latent_manual_review_standard_collection_v1/cninfo_primary_source_pdfs/002920_德赛西威_2026-03-06_年报_2025年年度报告_1224998406.pdf,annual_report,2025年年度报告,True,False,False
002920,德赛西威,v7_proposal_new,/Users/xiwei/stock_research/outputs/research/tech_bottleneck_latent_manual_review_standard_collection_v1/cninfo_primary_source_pdfs/002920_德赛西威_2026-06-17_日常经营_关于2025年员工持股计划第一期部分股份非交易过户完成的公告_1225373415.pdf,announcement,关于2025年员工持股计划第一期部分股份非交易过户完成的公告,True,False,False
002931,锋龙股份,v5_hydrated,/Users/xiwei/stock_research/outputs/research/tech_bottleneck_false_negative_rescue_primary_source_backfill_v1/cninfo_primary_source_pdfs/002931_锋龙股份_2025-08-26_半年报_2025年半年度报告_1224565085.pdf,interim_report,2025年半年度报告,True,False,False
002931,锋龙股份,v5_hydrated,/Users/xiwei/stock_research/outputs/research/tech_bottleneck_false_negative_rescue_primary_source_backfill_v1/cninfo_primary_source_pdfs/002931_锋龙股份_2026-04-28_年报_2025年年度报告_1225214620.pdf,annual_report,2025年年度报告,True,False,False
002931,锋龙股份,v5_hydrated,/Users/xiwei/stock_research/outputs/research/tech_bottleneck_false_negative_rescue_primary_source_backfill_v1/cninfo_primary_source_pdfs/002931_锋龙股份_2026-06-24_日常经营_关于新增2026年度日常关联交易预计的公告_1225383706.pdf,announcement,关于新增2026年度日常关联交易预计的公告,True,False,False
002937,兴瑞科技,v5_hydrated,/Users/xiwei/stock_research/outputs/research/tech_bottleneck_data_gap_primary_source_backfill_v1/cninfo_primary_source_pdfs/002937_兴瑞科技_2025-08-27_半年报_2025年半年度报告_1224577829.pdf,interim_report,2025年半年度报告,True,False,False
002937,兴瑞科技,v5_hydrated,/Users/xiwei/stock_research/outputs/research/tech_bottleneck_data_gap_primary_source_backfill_v1/cninfo_primary_source_pdfs/002937_兴瑞科技_2026-04-24_年报_2025年年度报告_1225161950.pdf,annual_report,2025年年度报告,True,False,False
002937,兴瑞科技,v5_hydrated,/Users/xiwei/stock_research/outputs/research/tech_bottleneck_data_gap_primary_source_backfill_v1/cninfo_primary_source_pdfs/002937_兴瑞科技_2026-06-25_日常经营_关于注销控股子公司的进展公告_1225385297.pdf,announcement,关于注销控股子公司的进展公告,True,False,False
002938,鹏鼎控股,v5_hydrated,/Users/xiwei/stock_research/outputs/research/tech_bottleneck_likely_core_36_primary_source_backfill_v1/cninfo_primary_source_pdfs/002938_鹏鼎控股_2025-08-13_半年报_2025年半年度报告_1224462589.pdf,interim_report,2025年半年度报告,True,False,False
002938,鹏鼎控股,v5_hydrated,/Users/xiwei/stock_research/outputs/research/tech_bottleneck_likely_core_36_primary_source_backfill_v1/cninfo_primary_source_pdfs/002938_鹏鼎控股_2026-03-31_年报_2025年年度报告_1225062281.pdf,annual_report,2025年年度报告,True,False,False
002938,鹏鼎控股,v5_hydrated,/Users/xiwei/stock_research/outputs/research/tech_bottleneck_likely_core_36_primary_source_backfill_v1/cninfo_primary_source_pdfs/002938_鹏鼎控股_2026-07-07_日常经营_鹏鼎控股（深圳）股份有限公司2026年6月营业收入简报_1225411078.pdf,announcement,鹏鼎控股（深圳）股份有限公司2026年6月营业收入简报,True,False,False
002943,宇晶股份,v5_hydrated,/Users/xiwei/stock_research/outputs/research/tech_bottleneck_data_gap_primary_source_backfill_v1/cninfo_primary_source_pdfs/002943_宇晶股份_2025-08-27_半年报_2025年半年度报告_1224582231.pdf,interim_report,2025年半年度报告,True,False,False
002943,宇晶股份,v5_hydrated,/Users/xiwei/stock_research/outputs/research/tech_bottleneck_data_gap_primary_source_backfill_v1/cninfo_primary_source_pdfs/002943_宇晶股份_2026-04-29_年报_2025年年度报告_1225245691.pdf,annual_report,2025年年度报告,True,False,False
002943,宇晶股份,v5_hydrated,/Users/xiwei/stock_research/outputs/research/tech_bottleneck_data_gap_primary_source_backfill_v1/cninfo_primary_source_pdfs/002943_宇晶股份_2026-05-15_日常经营_关于公司控股股东部分股份解除质押的公告_1225305767.pdf,announcement,关于公司控股股东部分股份解除质押的公告,True,False,False
002947,恒铭达,v5_hydrated,/Users/xiwei/stock_research/outputs/research/tech_bottleneck_data_gap_primary_source_backfill_v1/cninfo_primary_source_pdfs/002947_恒铭达_2025-08-21_半年报_2025年半年度报告_1224525193.pdf,interim_report,2025年半年度报告,True,False,False
002947,恒铭达,v5_hydrated,/Users/xiwei/stock_research/outputs/research/tech_bottleneck_data_gap_primary_source_backfill_v1/cninfo_primary_source_pdfs/002947_恒铭达_2026-03-21_年报_2025年年度报告_1225023412.pdf,annual_report,2025年年度报告,True,False,False
002947,恒铭达,v5_hydrated,/Users/xiwei/stock_research/outputs/research/tech_bottleneck_data_gap_primary_source_backfill_v1/cninfo_primary_source_pdfs/002947_恒铭达_2026-06-30_日常经营_关于注销控股子公司的公告_1225396249.pdf,announcement,关于注销控股子公司的公告,True,False,False
002957,科瑞技术,v5_hydrated,/Users/xiwei/stock_research/outputs/research/tech_bottleneck_false_negative_rescue_primary_source_backfill_v1/cninfo_primary_source_pdfs/002957_科瑞技术_2025-08-29_半年报_2025年半年度报告_1224605905.pdf,interim_report,2025年半年度报告,True,False,False
002957,科瑞技术,v5_hydrated,/Users/xiwei/stock_research/outputs/research/tech_bottleneck_false_negative_rescue_primary_source_backfill_v1/cninfo_primary_source_pdfs/002957_科瑞技术_2026-04-24_年报_2025年年度报告_1225165073.pdf,annual_report,2025年年度报告,True,False,False
002957,科瑞技术,v5_hydrated,/Users/xiwei/stock_research/outputs/research/tech_bottleneck_false_negative_rescue_primary_source_backfill_v1/cninfo_primary_source_pdfs/002957_科瑞技术_2026-07-02_日常经营_关于使用部分自有闲置资金进行理财的进展公告_1225402378.pdf,announcement,关于使用部分自有闲置资金进行理财的进展公告,True,False,False
002967,广电计量,v7_proposal_new,/Users/xiwei/stock_research/outputs/research/tech_bottleneck_latent_manual_review_standard_collection_v1/cninfo_primary_source_pdfs/002967_广电计量_2025-08-29_半年报_2025年半年度报告_1224601880.pdf,interim_report,2025年半年度报告,True,False,False
002967,广电计量,v7_proposal_new,/Users/xiwei/stock_research/outputs/research/tech_bottleneck_latent_manual_review_standard_collection_v1/cninfo_primary_source_pdfs/002967_广电计量_2026-03-27_年报_2025年年度报告_1225036877.pdf,annual_report,2025年年度报告,True,False,False
002967,广电计量,v7_proposal_new,/Users/xiwei/stock_research/outputs/research/tech_bottleneck_latent_manual_review_standard_collection_v1/cninfo_primary_source_pdfs/002967_广电计量_2026-06-23_日常经营_关于完成工商变更登记并换发营业执照的公告_1225380636.pdf,announcement,关于完成工商变更登记并换发营业执照的公告,True,False,False
002975,博杰股份,v5_hydrated,/Users/xiwei/stock_research/outputs/research/tech_bottleneck_expansion_queue_primary_source_backfill_v1/cninfo_primary_source_pdfs/002975_博杰股份_2025-08-30_半年报_2025年半年度报告_1224621262.pdf,interim_report,2025年半年度报告,True,False,False
002975,博杰股份,v5_hydrated,/Users/xiwei/stock_research/outputs/research/tech_bottleneck_expansion_queue_primary_source_backfill_v1/cninfo_primary_source_pdfs/002975_博杰股份_2026-04-01_年报_2025年年度报告_1225066268.pdf,annual_report,2025年年度报告,True,False,False
002975,博杰股份,v5_hydrated,/Users/xiwei/stock_research/outputs/research/tech_bottleneck_expansion_queue_primary_source_backfill_v1/cninfo_primary_source_pdfs/002975_博杰股份_2026-06-27_日常经营_关于转让参股公司股权的进展公告_1225391498.pdf,announcement,关于转让参股公司股权的进展公告,True,False,False
002979,雷赛智能,v5_targeted_hydrated,/Users/xiwei/stock_research/outputs/research/data_to_brief_docling_90_stock_pdf_acquisition_v1/yanbaoke_pdfs/2021-08-29-深交所-雷赛智能_2021年半年度报告_232页_1mb.pdf,local_pdf,2021-08-29-深交所-雷赛智能_2021年半年度报告_232页_1mb.pdf,True,False,False
002980,华盛昌,v5_hydrated,/Users/xiwei/stock_research/outputs/research/tech_bottleneck_expansion_queue_primary_source_backfill_v1/cninfo_primary_source_pdfs/002980_华盛昌_2025-08-26_半年报_2025年半年度报告_1224569168.pdf,interim_report,2025年半年度报告,True,False,False
002980,华盛昌,v5_hydrated,/Users/xiwei/stock_research/outputs/research/tech_bottleneck_expansion_queue_primary_source_backfill_v1/cninfo_primary_source_pdfs/002980_华盛昌_2026-04-28_年报_2025年年度报告_1225201949.pdf,annual_report,2025年年度报告,True,False,False
002980,华盛昌,v5_hydrated,/Users/xiwei/stock_research/outputs/research/tech_bottleneck_expansion_queue_primary_source_backfill_v1/cninfo_primary_source_pdfs/002980_华盛昌_2026-07-07_日常经营_关于现金购买资产进展暨过渡期损益情况的自愿性公告_1225411361.pdf,announcement,关于现金购买资产进展暨过渡期损益情况的自愿性公告,True,False,False
003026,中晶科技,v5_targeted_hydrated,/Users/xiwei/stock_research/data/manual/yanbaoke_reports_p1_remaining4_annual_20260618/2024-04-28-深交所-中晶科技_2023年年度报告_222页_1mb.pdf,local_pdf,2024-04-28-深交所-中晶科技_2023年年度报告_222页_1mb.pdf,True,False,False
003043,华亚智能,v5_hydrated,/Users/xiwei/stock_research/outputs/research/tech_bottleneck_data_gap_primary_source_backfill_v1/cninfo_primary_source_pdfs/003043_华亚智能_2025-08-27_半年报_2025年半年度报告_1224581314.pdf,interim_report,2025年半年度报告,True,False,False
003043,华亚智能,v5_hydrated,/Users/xiwei/stock_research/outputs/research/tech_bottleneck_data_gap_primary_source_backfill_v1/cninfo_primary_source_pdfs/003043_华亚智能_2026-04-29_年报_2025年年度报告_1225236180.pdf,annual_report,2025年年度报告,True,False,False
003043,华亚智能,v5_hydrated,/Users/xiwei/stock_research/outputs/research/tech_bottleneck_data_gap_primary_source_backfill_v1/cninfo_primary_source_pdfs/003043_华亚智能_2026-07-01_日常经营_关于回购注销部分股票减少注册资本暨通知债权人的公告_1225399614.pdf,announcement,关于回购注销部分股票减少注册资本暨通知债权人的公告,True,False,False
300014,亿纬锂能,v7_proposal_new,/Users/xiwei/stock_research/outputs/research/tech_bottleneck_latent_manual_review_collection_batch1_v1/cninfo_primary_source_pdfs/300014_亿纬锂能_2025-08-22_半年报_2025年半年度报告_1224535979.pdf,interim_report,2025年半年度报告,True,False,False
300014,亿纬锂能,v7_proposal_new,/Users/xiwei/stock_research/outputs/research/tech_bottleneck_latent_manual_review_collection_batch1_v1/cninfo_primary_source_pdfs/300014_亿纬锂能_2026-03-28_年报_2025年年度报告_1225045391.pdf,annual_report,2025年年度报告,True,False,False
300014,亿纬锂能,v7_proposal_new,/Users/xiwei/stock_research/outputs/research/tech_bottleneck_latent_manual_review_collection_batch1_v1/cninfo_primary_source_pdfs/300014_亿纬锂能_2026-07-07_日常经营_关于子公司完成工商变更登记的公告_1225413937.pdf,announcement,关于子公司完成工商变更登记的公告,True,False,False
300034,钢研高纳,v5_hydrated,/Users/xiwei/stock_research/outputs/research/tech_bottleneck_latent_standard_backfill_queue_v1/cninfo_primary_source_pdfs/300034_钢研高纳_2025-08-26_半年报_2025年半年度报告_1224567673.pdf,interim_report,2025年半年度报告,True,False,False
300034,钢研高纳,v5_hydrated,/Users/xiwei/stock_research/outputs/research/tech_bottleneck_latent_standard_backfill_queue_v1/cninfo_primary_source_pdfs/300034_钢研高纳_2026-03-20_年报_2025年年度报告_1225018881.pdf,annual_report,2025年年度报告,True,False,False
300034,钢研高纳,v5_hydrated,/Users/xiwei/stock_research/outputs/research/tech_bottleneck_latent_standard_backfill_queue_v1/cninfo_primary_source_pdfs/300034_钢研高纳_2026-05-19_日常经营_关于为全资子公司辽宁钢研高纳智能制造有限公司提供担保的进展公告_1225315612.pdf,announcement,关于为全资子公司辽宁钢研高纳智能制造有限公司提供担保的进展公告,True,False,False
300035,中科电气,v5_targeted_hydrated,/Users/xiwei/stock_research/outputs/research/data_to_brief_docling_90_stock_pdf_acquisition_v1/yanbaoke_pdfs/2021-08-24-深交所-中科电气_2021年半年度报告_123页_1mb.pdf,local_pdf,2021-08-24-深交所-中科电气_2021年半年度报告_123页_1mb.pdf,True,False,False
300036,超图软件,v5_targeted_hydrated,/Users/xiwei/stock_research/outputs/research/data_to_brief_docling_90_stock_pdf_acquisition_v1/yanbaoke_pdfs/2021-08-08-深交所-超图软件_2021年半年度报告_168页_1mb.pdf,local_pdf,2021-08-08-深交所-超图软件_2021年半年度报告_168页_1mb.pdf,True,False,False
300045,华力创通,v5_targeted_hydrated,/Users/xiwei/stock_research/outputs/research/data_to_brief_docling_90_stock_pdf_acquisition_v1/yanbaoke_pdfs/2021-08-26-深交所-华力创通_2021年半年度报告_178页_979kb.pdf,local_pdf,2021-08-26-深交所-华力创通_2021年半年度报告_178页_979kb.pdf,True,False,False
300054,鼎龙股份,v5_targeted_hydrated,/Users/xiwei/stock_research/outputs/research/data_to_brief_docling_90_stock_pdf_acquisition_v1/yanbaoke_pdfs/2021-08-18-深交所-鼎龙股份_2021年半年度报告_185页_5mb.pdf,local_pdf,2021-08-18-深交所-鼎龙股份_2021年半年度报告_185页_5mb.pdf,True,False,False
300073,当升科技,v7_proposal_new,/Users/xiwei/stock_research/outputs/research/tech_bottleneck_latent_manual_review_collection_batch1_v1/cninfo_primary_source_pdfs/300073_当升科技_2025-08-27_半年报_2025年半年度报告_1224575493.pdf,interim_report,2025年半年度报告,True,False,False
300073,当升科技,v7_proposal_new,/Users/xiwei/stock_research/outputs/research/tech_bottleneck_latent_manual_review_collection_batch1_v1/cninfo_primary_source_pdfs/300073_当升科技_2026-03-31_年报_2025年年度报告_1225057127.pdf,annual_report,2025年年度报告,True,False,False
300073,当升科技,v7_proposal_new,/Users/xiwei/stock_research/outputs/research/tech_bottleneck_latent_manual_review_collection_batch1_v1/cninfo_primary_source_pdfs/300073_当升科技_2026-06-16_日常经营_关于子公司完成工商变更登记的公告_1225373014.pdf,announcement,关于子公司完成工商变更登记的公告,True,False,False
300100,双林股份,v5_hydrated,/Users/xiwei/stock_research/outputs/research/tech_bottleneck_latent_standard_backfill_queue_v1/cninfo_primary_source_pdfs/300100_双林股份_2025-08-28_半年报_2025年半年度报告_1224592445.pdf,interim_report,2025年半年度报告,True,False,False
300100,双林股份,v5_hydrated,/Users/xiwei/stock_research/outputs/research/tech_bottleneck_latent_standard_backfill_queue_v1/cninfo_primary_source_pdfs/300100_双林股份_2026-03-25_年报_2025年年度报告_1225028868.pdf,annual_report,2025年年度报告,True,False,False
300100,双林股份,v5_hydrated,/Users/xiwei/stock_research/outputs/research/tech_bottleneck_latent_standard_backfill_queue_v1/cninfo_primary_source_pdfs/300100_双林股份_2026-07-04_日常经营_独立董事提名人声明与承诺（刘俐君）_1225407995.pdf,announcement,独立董事提名人声明与承诺（刘俐君）,True,False,False
300161,华中数控,v5_hydrated,/Users/xiwei/stock_research/outputs/research/tech_bottleneck_latent_pending_primary_source_collection_v1/cninfo_primary_source_pdfs/300161_华中数控_2025-08-29_半年报_2025年半年度报告_1224607930.pdf,interim_report,2025年半年度报告,True,False,False
300161,华中数控,v5_hydrated,/Users/xiwei/stock_research/outputs/research/tech_bottleneck_latent_pending_primary_source_collection_v1/cninfo_primary_source_pdfs/300161_华中数控_2026-04-29_年报_2025年年度报告_1225236346.pdf,annual_report,2025年年度报告,True,False,False
300161,华中数控,v5_hydrated,/Users/xiwei/stock_research/outputs/research/tech_bottleneck_latent_pending_primary_source_collection_v1/cninfo_primary_source_pdfs/300161_华中数控_2026-07-07_日常经营_关于为全资子公司深圳华数申请银行贷款提供担保的进展公告_1225412828.pdf,announcement,关于为全资子公司深圳华数申请银行贷款提供担保的进展公告,True,False,False
300179,四方达,v5_hydrated,/Users/xiwei/stock_research/outputs/research/tech_bottleneck_data_gap_primary_source_backfill_v1/cninfo_primary_source_pdfs/300179_四方达_2025-08-19_半年报_2025年半年度报告_1224505385.pdf,interim_report,2025年半年度报告,True,False,False
300179,四方达,v5_hydrated,/Users/xiwei/stock_research/outputs/research/tech_bottleneck_data_gap_primary_source_backfill_v1/cninfo_primary_source_pdfs/300179_四方达_2026-04-02_年报_2025年年度报告_1225073611.pdf,annual_report,2025年年度报告,True,False,False
300179,四方达,v5_hydrated,/Users/xiwei/stock_research/outputs/research/tech_bottleneck_data_gap_primary_source_backfill_v1/cninfo_primary_source_pdfs/300179_四方达_2026-07-01_日常经营_关于无需编制前次募集资金使用情况报告的公告_1225401198.pdf,announcement,关于无需编制前次募集资金使用情况报告的公告,True,False,False
300201,海伦哲,v5_hydrated,/Users/xiwei/stock_research/outputs/research/tech_bottleneck_false_negative_rescue_primary_source_backfill_v1/cninfo_primary_source_pdfs/300201_海伦哲_2025-08-16_半年报_2025年半年度报告_1224497764.pdf,interim_report,2025年半年度报告,True,False,False
300201,海伦哲,v5_hydrated,/Users/xiwei/stock_research/outputs/research/tech_bottleneck_false_negative_rescue_primary_source_backfill_v1/cninfo_primary_source_pdfs/300201_海伦哲_2026-04-21_年报_2025年年度报告_1225128524.pdf,annual_report,2025年年度报告,True,False,False
300201,海伦哲,v5_hydrated,/Users/xiwei/stock_research/outputs/research/tech_bottleneck_false_negative_rescue_primary_source_backfill_v1/cninfo_primary_source_pdfs/300201_海伦哲_2026-07-07_日常经营_关于公司取得发明专利证书的公告_1225410510.pdf,announcement,关于公司取得发明专利证书的公告,True,False,False
300203,聚光科技,v7_proposal_new,/Users/xiwei/stock_research/outputs/research/tech_bottleneck_latent_manual_review_standard_collection_v1/cninfo_primary_source_pdfs/300203_聚光科技_2025-08-26_半年报_2025年半年度报告_1224564933.pdf,interim_report,2025年半年度报告,True,False,False
300203,聚光科技,v7_proposal_new,/Users/xiwei/stock_research/outputs/research/tech_bottleneck_latent_manual_review_standard_collection_v1/cninfo_primary_source_pdfs/300203_聚光科技_2026-04-21_年报_2025年年度报告_1225127483.pdf,annual_report,2025年年度报告,True,False,False
300203,聚光科技,v7_proposal_new,/Users/xiwei/stock_research/outputs/research/tech_bottleneck_latent_manual_review_standard_collection_v1/cninfo_primary_source_pdfs/300203_聚光科技_2026-06-23_日常经营_关于控股股东部分股份解除质押的公告_1225382574.pdf,announcement,关于控股股东部分股份解除质押的公告,True,False,False
300207,欣旺达,v5_hydrated,/Users/xiwei/stock_research/outputs/research/tech_bottleneck_latent_standard_backfill_queue_v1/cninfo_primary_source_pdfs/300207_欣旺达_2025-08-28_半年报_2025年半年度报告_1224597127.pdf,interim_report,2025年半年度报告,True,False,False
300207,欣旺达,v5_hydrated,/Users/xiwei/stock_research/outputs/research/tech_bottleneck_latent_standard_backfill_queue_v1/cninfo_primary_source_pdfs/300207_欣旺达_2026-04-24_年报_2025年年度报告_1225160491.pdf,annual_report,2025年年度报告,True,False,False
300207,欣旺达,v5_hydrated,/Users/xiwei/stock_research/outputs/research/tech_bottleneck_latent_standard_backfill_queue_v1/cninfo_primary_source_pdfs/300207_欣旺达_2026-07-01_日常经营_关于控股股东部分股份质押的公告_1225403052.pdf,announcement,关于控股股东部分股份质押的公告,True,False,False
300236,上海新阳,v5_hydrated,/Users/xiwei/stock_research/outputs/research/tech_bottleneck_likely_core_36_primary_source_backfill_v1/cninfo_primary_source_pdfs/300236_上海新阳_2025-08-28_半年报_2025年半年度报告_1224597868.pdf,interim_report,2025年半年度报告,True,False,False
300236,上海新阳,v5_hydrated,/Users/xiwei/stock_research/outputs/research/tech_bottleneck_likely_core_36_primary_source_backfill_v1/cninfo_primary_source_pdfs/300236_上海新阳_2026-03-13_年报_2025年年度报告_1225006867.pdf,annual_report,2025年年度报告,True,False,False
300236,上海新阳,v5_hydrated,/Users/xiwei/stock_research/outputs/research/tech_bottleneck_likely_core_36_primary_source_backfill_v1/cninfo_primary_source_pdfs/300236_上海新阳_2026-07-06_日常经营_关于子公司完成工商变更登记的公告_1225411368.pdf,announcement,关于子公司完成工商变更登记的公告,True,False,False
300246,宝莱特,v5_hydrated,/Users/xiwei/stock_research/outputs/research/tech_bottleneck_false_negative_rescue_primary_source_backfill_v1/cninfo_primary_source_pdfs/300246_宝莱特_2025-08-16_半年报_2025年半年度报告_1224498315.pdf,interim_report,2025年半年度报告,True,False,False
300246,宝莱特,v5_hydrated,/Users/xiwei/stock_research/outputs/research/tech_bottleneck_false_negative_rescue_primary_source_backfill_v1/cninfo_primary_source_pdfs/300246_宝莱特_2026-04-25_年报_2025年年度报告_1225189062.pdf,annual_report,2025年年度报告,True,False,False
300246,宝莱特,v5_hydrated,/Users/xiwei/stock_research/outputs/research/tech_bottleneck_false_negative_rescue_primary_source_backfill_v1/cninfo_primary_source_pdfs/300246_宝莱特_2026-06-18_日常经营_关于使用暂时闲置募集资金进行现金管理的公告_1225378384.pdf,announcement,关于使用暂时闲置募集资金进行现金管理的公告,True,False,False
300274,阳光电源,v5_hydrated,/Users/xiwei/stock_research/outputs/research/tech_bottleneck_latent_standard_backfill_queue_v1/cninfo_primary_source_pdfs/300274_阳光电源_2025-08-26_半年报_2025年半年度报告_1224567943.pdf,interim_report,2025年半年度报告,True,False,False
300274,阳光电源,v5_hydrated,/Users/xiwei/stock_research/outputs/research/tech_bottleneck_latent_standard_backfill_queue_v1/cninfo_primary_source_pdfs/300274_阳光电源_2026-06-08_年报_关于2025年年度报告（英文简版）的自愿性披露公告_1225358187.pdf,annual_report,关于2025年年度报告（英文简版）的自愿性披露公告,True,False,False
300274,阳光电源,v5_hydrated,/Users/xiwei/stock_research/outputs/research/tech_bottleneck_latent_standard_backfill_queue_v1/cninfo_primary_source_pdfs/300274_阳光电源_2026-06-30_日常经营_关于为子公司提供担保额度预计的进展公告_1225400434.pdf,announcement,关于为子公司提供担保额度预计的进展公告,True,False,False
300308,中际旭创,v5_hydrated,/Users/xiwei/stock_research/outputs/research/tech_bottleneck_remaining_primary_source_collection_v1/cninfo_primary_source_pdfs/300308_中际旭创_2025-08-27_半年报_2025年半年度报告_1224585964.pdf,interim_report,2025年半年度报告,True,False,False
300308,中际旭创,v5_hydrated,/Users/xiwei/stock_research/outputs/research/tech_bottleneck_remaining_primary_source_collection_v1/cninfo_primary_source_pdfs/300308_中际旭创_2026-03-31_年报_2025年年度报告_1225056459.pdf,annual_report,2025年年度报告,True,False,False
300308,中际旭创,v5_hydrated,/Users/xiwei/stock_research/outputs/research/tech_bottleneck_remaining_primary_source_collection_v1/cninfo_primary_source_pdfs/300308_中际旭创_2026-06-12_日常经营_关于选举第六届董事会职工代表董事的公告_1225368701.pdf,announcement,关于选举第六届董事会职工代表董事的公告,True,False,False
300316,晶盛机电,v5_hydrated,/Users/xiwei/stock_research/outputs/research/tech_bottleneck_likely_core_36_primary_source_backfill_v1/cninfo_primary_source_pdfs/300316_晶盛机电_2025-08-23_半年报_2025年半年度报告_1224559154.pdf,interim_report,2025年半年度报告,True,False,False
300316,晶盛机电,v5_hydrated,/Users/xiwei/stock_research/outputs/research/tech_bottleneck_likely_core_36_primary_source_backfill_v1/cninfo_primary_source_pdfs/300316_晶盛机电_2026-04-11_年报_2025年年度报告_1225095476.pdf,annual_report,2025年年度报告,True,False,False
300316,晶盛机电,v5_hydrated,/Users/xiwei/stock_research/outputs/research/tech_bottleneck_likely_core_36_primary_source_backfill_v1/cninfo_primary_source_pdfs/300316_晶盛机电_2026-06-13_日常经营_关于证券事务代表辞职的公告_1225368722.pdf,announcement,关于证券事务代表辞职的公告,True,False,False
300322,硕贝德,v5_targeted_hydrated,/Users/xiwei/stock_research/outputs/research/data_to_brief_docling_90_stock_pdf_acquisition_v1/yanbaoke_pdfs/2021-08-27-深交所-硕贝德_2021年半年度报告_147页_1mb.pdf,local_pdf,2021-08-27-深交所-硕贝德_2021年半年度报告_147页_1mb.pdf,True,False,False
300346,南大光电,v5_hydrated,/Users/xiwei/stock_research/outputs/research/tech_bottleneck_expansion_queue_primary_source_backfill_v1/cninfo_primary_source_pdfs/300346_南大光电_2025-08-27_半年报_2025年半年度报告_1224574859.pdf,interim_report,2025年半年度报告,True,False,False
300346,南大光电,v5_hydrated,/Users/xiwei/stock_research/outputs/research/tech_bottleneck_expansion_queue_primary_source_backfill_v1/cninfo_primary_source_pdfs/300346_南大光电_2026-04-10_年报_2025年年度报告_1225087469.pdf,annual_report,2025年年度报告,True,False,False
300346,南大光电,v5_hydrated,/Users/xiwei/stock_research/outputs/research/tech_bottleneck_expansion_queue_primary_source_backfill_v1/cninfo_primary_source_pdfs/300346_南大光电_2026-06-29_日常经营_关于变更保荐代表人的公告_1225396978.pdf,announcement,关于变更保荐代表人的公告,True,False,False
300349,金卡智能,v5_hydrated,/Users/xiwei/stock_research/outputs/research/tech_bottleneck_latent_pending_primary_source_collection_v1/cninfo_primary_source_pdfs/300349_金卡智能_2025-08-27_半年报_2025年半年度报告_1224585007.pdf,interim_report,2025年半年度报告,True,False,False
300349,金卡智能,v5_hydrated,/Users/xiwei/stock_research/outputs/research/tech_bottleneck_latent_pending_primary_source_collection_v1/cninfo_primary_source_pdfs/300349_金卡智能_2026-04-23_年报_2025年年度报告_1225144869.pdf,annual_report,2025年年度报告,True,False,False
300349,金卡智能,v5_hydrated,/Users/xiwei/stock_research/outputs/research/tech_bottleneck_latent_pending_primary_source_collection_v1/cninfo_primary_source_pdfs/300349_金卡智能_2026-06-13_日常经营_关于董事会秘书不再兼任财务总监暨聘任财务总监的公告_1225367730.pdf,announcement,关于董事会秘书不再兼任财务总监暨聘任财务总监的公告,True,False,False
300373,扬杰科技,v5_targeted_hydrated,/Users/xiwei/stock_research/outputs/research/data_to_brief_docling_90_stock_pdf_acquisition_v1/yanbaoke_pdfs/2021-08-19-深交所-扬杰科技_2021年半年度报告_184页_2mb.pdf,local_pdf,2021-08-19-深交所-扬杰科技_2021年半年度报告_184页_2mb.pdf,True,False,False
300376,易事特,v5_hydrated,/Users/xiwei/stock_research/outputs/research/tech_bottleneck_latent_standard_backfill_queue_v1/cninfo_primary_source_pdfs/300376_易事特_2025-08-29_半年报_2025年半年度报告_1224603963.pdf,interim_report,2025年半年度报告,True,False,False
300376,易事特,v5_hydrated,/Users/xiwei/stock_research/outputs/research/tech_bottleneck_latent_standard_backfill_queue_v1/cninfo_primary_source_pdfs/300376_易事特_2026-04-29_年报_2025年年度报告_1225232534.pdf,annual_report,2025年年度报告,True,False,False
300376,易事特,v5_hydrated,/Users/xiwei/stock_research/outputs/research/tech_bottleneck_latent_standard_backfill_queue_v1/cninfo_primary_source_pdfs/300376_易事特_2026-07-06_日常经营_关于公司第一大股东部分股份解除质押的公告_1225410521.pdf,announcement,关于公司第一大股东部分股份解除质押的公告,True,False,False
300378,鼎捷数智,v7_proposal_new,/Users/xiwei/stock_research/outputs/research/tech_bottleneck_latent_manual_review_standard_collection_v1/cninfo_primary_source_pdfs/300378_鼎捷数智_2025-08-30_半年报_2025年半年度报告_1224625087.pdf,interim_report,2025年半年度报告,True,False,False
300378,鼎捷数智,v7_proposal_new,/Users/xiwei/stock_research/outputs/research/tech_bottleneck_latent_manual_review_standard_collection_v1/cninfo_primary_source_pdfs/300378_鼎捷数智_2026-04-02_年报_2025年年度报告_1225073175.pdf,annual_report,2025年年度报告,True,False,False
300378,鼎捷数智,v7_proposal_new,/Users/xiwei/stock_research/outputs/research/tech_bottleneck_latent_manual_review_standard_collection_v1/cninfo_primary_source_pdfs/300378_鼎捷数智_2026-06-13_日常经营_关于收购能誉科技51%股权的公告_1225369073.pdf,announcement,关于收购能誉科技51%股权的公告,True,False,False
300394,天孚通信,v5_hydrated,/Users/xiwei/stock_research/outputs/research/tech_bottleneck_expansion_queue_primary_source_backfill_v1/cninfo_primary_source_pdfs/300394_天孚通信_2025-08-26_半年报_2025年半年度报告_1224568964.pdf,interim_report,2025年半年度报告,True,False,False
300394,天孚通信,v5_hydrated,/Users/xiwei/stock_research/outputs/research/tech_bottleneck_expansion_queue_primary_source_backfill_v1/cninfo_primary_source_pdfs/300394_天孚通信_2026-04-08_年报_2025年年度报告_1225082705.pdf,annual_report,2025年年度报告,True,False,False
300394,天孚通信,v5_hydrated,/Users/xiwei/stock_research/outputs/research/tech_bottleneck_expansion_queue_primary_source_backfill_v1/cninfo_primary_source_pdfs/300394_天孚通信_2026-07-07_日常经营_关于独立董事取得独立董事资格证书的公告_1225411275.pdf,announcement,关于独立董事取得独立董事资格证书的公告,True,False,False
300398,飞凯材料,v5_hydrated,/Users/xiwei/stock_research/outputs/research/tech_bottleneck_expansion_queue_primary_source_backfill_v1/cninfo_primary_source_pdfs/300398_飞凯材料_2025-08-28_半年报_2025年半年度报告_1224587110.pdf,interim_report,2025年半年度报告,True,False,False
300398,飞凯材料,v5_hydrated,/Users/xiwei/stock_research/outputs/research/tech_bottleneck_expansion_queue_primary_source_backfill_v1/cninfo_primary_source_pdfs/300398_飞凯材料_2026-04-22_年报_2025年年度报告_1225137425.pdf,annual_report,2025年年度报告,True,False,False
300398,飞凯材料,v5_hydrated,/Users/xiwei/stock_research/outputs/research/tech_bottleneck_expansion_queue_primary_source_backfill_v1/cninfo_primary_source_pdfs/300398_飞凯材料_2026-06-10_日常经营_关于公司控股股东及其一致行动人股份减持计划的预披露公告_1225363294.pdf,announcement,关于公司控股股东及其一致行动人股份减持计划的预披露公告,True,False,False
300408,三环集团,v5_hydrated,/Users/xiwei/stock_research/outputs/research/tech_bottleneck_likely_core_36_primary_source_backfill_v1/cninfo_primary_source_pdfs/300408_三环集团_2025-08-29_半年报_2025年半年度报告_1224606967.pdf,interim_report,2025年半年度报告,True,False,False
300408,三环集团,v5_hydrated,/Users/xiwei/stock_research/outputs/research/tech_bottleneck_likely_core_36_primary_source_backfill_v1/cninfo_primary_source_pdfs/300408_三环集团_2026-03-28_年报_2025年年度报告_1225041594.pdf,annual_report,2025年年度报告,True,False,False
300408,三环集团,v5_hydrated,/Users/xiwei/stock_research/outputs/research/tech_bottleneck_likely_core_36_primary_source_backfill_v1/cninfo_primary_source_pdfs/300408_三环集团_2026-06-30_日常经营_关于刊发H股招股说明书、H股发行价格上限及H股香港公开发售等事宜的公告_1225398191.pdf,announcement,关于刊发H股招股说明书、H股发行价格上限及H股香港公开发售等事宜的公告,True,False,False
300442,润泽科技,v7_proposal_new,/Users/xiwei/stock_research/outputs/research/tech_bottleneck_latent_manual_review_standard_collection_v1/cninfo_primary_source_pdfs/300442_润泽科技_2025-08-29_半年报_2025年半年度报告_1224612227.pdf,interim_report,2025年半年度报告,True,False,False
300442,润泽科技,v7_proposal_new,/Users/xiwei/stock_research/outputs/research/tech_bottleneck_latent_manual_review_standard_collection_v1/cninfo_primary_source_pdfs/300442_润泽科技_2026-04-10_年报_2025年年度报告_1225090821.pdf,annual_report,2025年年度报告,True,False,False
300442,润泽科技,v7_proposal_new,/Users/xiwei/stock_research/outputs/research/tech_bottleneck_latent_manual_review_standard_collection_v1/cninfo_primary_source_pdfs/300442_润泽科技_2026-06-26_日常经营_关于发行可转换公司债券购买资产并募集配套资金报告书（草案）（修订稿）修订说明的公告_1225389099.pdf,announcement,关于发行可转换公司债券购买资产并募集配套资金报告书（草案）（修订稿）修订说明的公告,True,False,False
300461,田中精机,v5_hydrated,/Users/xiwei/stock_research/outputs/research/tech_bottleneck_false_negative_rescue_primary_source_backfill_v1/cninfo_primary_source_pdfs/300461_田中精机_2025-08-29_半年报_2025年半年度报告_1224602674.pdf,interim_report,2025年半年度报告,True,False,False
300461,田中精机,v5_hydrated,/Users/xiwei/stock_research/outputs/research/tech_bottleneck_false_negative_rescue_primary_source_backfill_v1/cninfo_primary_source_pdfs/300461_田中精机_2026-04-24_年报_2025年年度报告_1225160924.pdf,annual_report,2025年年度报告,True,False,False
300461,田中精机,v5_hydrated,/Users/xiwei/stock_research/outputs/research/tech_bottleneck_false_negative_rescue_primary_source_backfill_v1/cninfo_primary_source_pdfs/300461_田中精机_2026-06-22_日常经营_关于副总经理、董事会秘书辞职的公告_1225380255.pdf,announcement,关于副总经理、董事会秘书辞职的公告,True,False,False
300476,胜宏科技,v5_hydrated,/Users/xiwei/stock_research/outputs/research/tech_bottleneck_expansion_queue_primary_source_backfill_v1/cninfo_primary_source_pdfs/300476_胜宏科技_2025-08-27_半年报_2025年半年度报告_1224583516.pdf,interim_report,2025年半年度报告,True,False,False
300476,胜宏科技,v5_hydrated,/Users/xiwei/stock_research/outputs/research/tech_bottleneck_expansion_queue_primary_source_backfill_v1/cninfo_primary_source_pdfs/300476_胜宏科技_2026-03-13_年报_2025年年度报告_1225007455.pdf,annual_report,2025年年度报告,True,False,False
300476,胜宏科技,v5_hydrated,/Users/xiwei/stock_research/outputs/research/tech_bottleneck_expansion_queue_primary_source_backfill_v1/cninfo_primary_source_pdfs/300476_胜宏科技_2026-07-03_日常经营_H股公告-证券变动月报表_1225409613.pdf,announcement,H股公告-证券变动月报表,True,False,False
300480,光力科技,v5_hydrated,/Users/xiwei/stock_research/outputs/research/tech_bottleneck_expansion_queue_primary_source_backfill_v1/cninfo_primary_source_pdfs/300480_光力科技_2025-08-27_半年报_2025年半年度报告_1224576081.pdf,interim_report,2025年半年度报告,True,False,False
300480,光力科技,v5_hydrated,/Users/xiwei/stock_research/outputs/research/tech_bottleneck_expansion_queue_primary_source_backfill_v1/cninfo_primary_source_pdfs/300480_光力科技_2026-04-24_年报_2025年年度报告_1225166158.pdf,annual_report,2025年年度报告,True,False,False
300480,光力科技,v5_hydrated,/Users/xiwei/stock_research/outputs/research/tech_bottleneck_expansion_queue_primary_source_backfill_v1/cninfo_primary_source_pdfs/300480_光力科技_2026-06-17_日常经营_光力科技股份有限公司关于完成工商变更登记的公告_1225375054.pdf,announcement,光力科技股份有限公司关于完成工商变更登记的公告,True,False,False
300489,光智科技,v5_targeted_hydrated,/Users/xiwei/stock_research/outputs/research/data_to_brief_docling_90_stock_pdf_acquisition_v1/yanbaoke_pdfs/2023-08-30-深交所-光智科技_2023年半年度报告_150页_1mb.pdf,local_pdf,2023-08-30-深交所-光智科技_2023年半年度报告_150页_1mb.pdf,True,False,False
300496,中科创达,v5_hydrated,/Users/xiwei/stock_research/outputs/research/tech_bottleneck_latent_pending_primary_source_collection_v1/cninfo_primary_source_pdfs/300496_中科创达_2025-08-27_半年报_2025年半年度报告_1224581372.pdf,interim_report,2025年半年度报告,True,False,False
300496,中科创达,v5_hydrated,/Users/xiwei/stock_research/outputs/research/tech_bottleneck_latent_pending_primary_source_collection_v1/cninfo_primary_source_pdfs/300496_中科创达_2026-04-22_年报_2025年年度报告_1225141001.pdf,annual_report,2025年年度报告,True,False,False
300496,中科创达,v5_hydrated,/Users/xiwei/stock_research/outputs/research/tech_bottleneck_latent_pending_primary_source_collection_v1/cninfo_primary_source_pdfs/300496_中科创达_2026-06-15_日常经营_关于控股股东部分股份质押及解质押的公告_1225371631.pdf,announcement,关于控股股东部分股份质押及解质押的公告,True,False,False
300499,高澜股份,v5_hydrated,/Users/xiwei/stock_research/outputs/research/tech_bottleneck_latent_pending_primary_source_collection_v1/cninfo_primary_source_pdfs/300499_高澜股份_2025-08-23_半年报_2025年半年度报告_1224555292.pdf,interim_report,2025年半年度报告,True,False,False
300499,高澜股份,v5_hydrated,/Users/xiwei/stock_research/outputs/research/tech_bottleneck_latent_pending_primary_source_collection_v1/cninfo_primary_source_pdfs/300499_高澜股份_2026-04-24_年报_2025年年度报告_1225160679.pdf,annual_report,2025年年度报告,True,False,False
300499,高澜股份,v5_hydrated,/Users/xiwei/stock_research/outputs/research/tech_bottleneck_latent_pending_primary_source_collection_v1/cninfo_primary_source_pdfs/300499_高澜股份_2026-05-16_日常经营_关于独立董事辞任暨调整董事会专门委员会委员的公告_1225311150.pdf,announcement,关于独立董事辞任暨调整董事会专门委员会委员的公告,True,False,False
300502,新易盛,v5_hydrated,/Users/xiwei/stock_research/outputs/research/tech_bottleneck_likely_core_36_primary_source_backfill_v1/cninfo_primary_source_pdfs/300502_新易盛_2025-08-26_半年报_2025年半年度报告_1224571129.pdf,interim_report,2025年半年度报告,True,False,False
300502,新易盛,v5_hydrated,/Users/xiwei/stock_research/outputs/research/tech_bottleneck_likely_core_36_primary_source_backfill_v1/cninfo_primary_source_pdfs/300502_新易盛_2026-04-24_年报_2025年年度报告_1225172598.pdf,annual_report,2025年年度报告,True,False,False
300502,新易盛,v5_hydrated,/Users/xiwei/stock_research/outputs/research/tech_bottleneck_likely_core_36_primary_source_backfill_v1/cninfo_primary_source_pdfs/300502_新易盛_2026-06-26_日常经营_关于完成更换公司董事的公告_1225391491.pdf,announcement,关于完成更换公司董事的公告,True,False,False
300553,集智股份,v5_hydrated,/Users/xiwei/stock_research/outputs/research/tech_bottleneck_expansion_queue_primary_source_backfill_v1/cninfo_primary_source_pdfs/300553_集智股份_2025-08-23_半年报_2025年半年度报告_1224554101.pdf,interim_report,2025年半年度报告,True,False,False
300553,集智股份,v5_hydrated,/Users/xiwei/stock_research/outputs/research/tech_bottleneck_expansion_queue_primary_source_backfill_v1/cninfo_primary_source_pdfs/300553_集智股份_2026-04-22_年报_2025年年度报告_1225135535.pdf,annual_report,2025年年度报告,True,False,False
300553,集智股份,v5_hydrated,/Users/xiwei/stock_research/outputs/research/tech_bottleneck_expansion_queue_primary_source_backfill_v1/cninfo_primary_source_pdfs/300553_集智股份_2026-06-18_日常经营_关于终止股权收购意向协议的公告_1225377396.pdf,announcement,关于终止股权收购意向协议的公告,True,False,False
300566,激智科技,v7_proposal_new,/Users/xiwei/stock_research/outputs/research/tech_bottleneck_latent_manual_review_collection_batch1_v1/cninfo_primary_source_pdfs/300566_激智科技_2025-08-27_半年报_2025年半年度报告_1224581162.pdf,interim_report,2025年半年度报告,True,False,False
300566,激智科技,v7_proposal_new,/Users/xiwei/stock_research/outputs/research/tech_bottleneck_latent_manual_review_collection_batch1_v1/cninfo_primary_source_pdfs/300566_激智科技_2026-04-29_年报_2025年年度报告_1225225647.pdf,annual_report,2025年年度报告,True,False,False
300566,激智科技,v7_proposal_new,/Users/xiwei/stock_research/outputs/research/tech_bottleneck_latent_manual_review_collection_batch1_v1/cninfo_primary_source_pdfs/300566_激智科技_2026-07-01_日常经营_关于控股股东、实际控制人部分股份解除质押的公告_1225398275.pdf,announcement,关于控股股东、实际控制人部分股份解除质押的公告,True,False,False
300567,精测电子,v5_hydrated,/Users/xiwei/stock_research/outputs/research/tech_bottleneck_likely_core_36_primary_source_backfill_v1/cninfo_primary_source_pdfs/300567_精测电子_2025-08-27_半年报_2025年半年度报告_1224577979.pdf,interim_report,2025年半年度报告,True,False,False
300567,精测电子,v5_hydrated,/Users/xiwei/stock_research/outputs/research/tech_bottleneck_likely_core_36_primary_source_backfill_v1/cninfo_primary_source_pdfs/300567_精测电子_2026-04-28_年报_2025年年度报告_1225201722.pdf,annual_report,2025年年度报告,True,False,False
300567,精测电子,v5_hydrated,/Users/xiwei/stock_research/outputs/research/tech_bottleneck_likely_core_36_primary_source_backfill_v1/cninfo_primary_source_pdfs/300567_精测电子_2026-06-27_日常经营_武汉精测电子集团股份有限公司关于控股股东、实际控制人部分股权解除质押的公告_1225392446.pdf,announcement,武汉精测电子集团股份有限公司关于控股股东、实际控制人部分股权解除质押的公告,True,False,False
300580,贝斯特,v5_hydrated,/Users/xiwei/stock_research/outputs/research/tech_bottleneck_likely_core_36_primary_source_backfill_v1/cninfo_primary_source_pdfs/300580_贝斯特_2025-08-15_半年报_2025年半年度报告_1224487598.pdf,interim_report,2025年半年度报告,True,False,False
300580,贝斯特,v5_hydrated,/Users/xiwei/stock_research/outputs/research/tech_bottleneck_likely_core_36_primary_source_backfill_v1/cninfo_primary_source_pdfs/300580_贝斯特_2026-03-31_年报_2025年年度报告_1225057936.pdf,annual_report,2025年年度报告,True,False,False
300580,贝斯特,v5_hydrated,/Users/xiwei/stock_research/outputs/research/tech_bottleneck_likely_core_36_primary_source_backfill_v1/cninfo_primary_source_pdfs/300580_贝斯特_2026-07-02_日常经营_关于选举第五届董事会职工代表董事的公告_1225404261.pdf,announcement,关于选举第五届董事会职工代表董事的公告,True,False,False
300602,飞荣达,v5_hydrated,/Users/xiwei/stock_research/outputs/research/tech_bottleneck_likely_core_36_primary_source_backfill_v1/cninfo_primary_source_pdfs/300602_飞荣达_2025-08-19_半年报_2025年半年度报告_1224504291.pdf,interim_report,2025年半年度报告,True,False,False
300602,飞荣达,v5_hydrated,/Users/xiwei/stock_research/outputs/research/tech_bottleneck_likely_core_36_primary_source_backfill_v1/cninfo_primary_source_pdfs/300602_飞荣达_2026-04-28_年报_2025年年度报告_1225207279.pdf,annual_report,2025年年度报告,True,False,False
300602,飞荣达,v5_hydrated,/Users/xiwei/stock_research/outputs/research/tech_bottleneck_likely_core_36_primary_source_backfill_v1/cninfo_primary_source_pdfs/300602_飞荣达_2026-05-22_日常经营_关于完成工商变更的公告_1225324784.pdf,announcement,关于完成工商变更的公告,True,False,False
300604,长川科技,v5_hydrated,/Users/xiwei/stock_research/outputs/research/tech_bottleneck_likely_core_36_primary_source_backfill_v1/cninfo_primary_source_pdfs/300604_长川科技_2025-07-22_半年报_2025年半年度报告_1224237926.pdf,interim_report,2025年半年度报告,True,False,False
300604,长川科技,v5_hydrated,/Users/xiwei/stock_research/outputs/research/tech_bottleneck_likely_core_36_primary_source_backfill_v1/cninfo_primary_source_pdfs/300604_长川科技_2026-04-25_年报_2025年年度报告_1225193261.pdf,annual_report,2025年年度报告,True,False,False
300604,长川科技,v5_hydrated,/Users/xiwei/stock_research/outputs/research/tech_bottleneck_likely_core_36_primary_source_backfill_v1/cninfo_primary_source_pdfs/300604_长川科技_2026-04-29_日常经营_杭州长川科技股份有限公司关于公司实际控制人之一致行动人权益变动比例触及1%整数倍暨减持计划实施完毕暨自愿承诺未来12个月内不减持公司股份的公告_1225261541.pdf,announcement,杭州长川科技股份有限公司关于公司实际控制人之一致行动人权益变动比例触及1%整数倍暨减持计划实施完毕暨自愿承诺未来12个月内不减持公司股份的公告,True,False,False
300607,拓斯达,v7_proposal_new,/Users/xiwei/stock_research/outputs/research/tech_bottleneck_latent_manual_review_standard_collection_v1/cninfo_primary_source_pdfs/300607_拓斯达_2025-08-22_半年报_2025年半年度报告_1224537082.pdf,interim_report,2025年半年度报告,True,False,False
300607,拓斯达,v7_proposal_new,/Users/xiwei/stock_research/outputs/research/tech_bottleneck_latent_manual_review_standard_collection_v1/cninfo_primary_source_pdfs/300607_拓斯达_2026-03-31_年报_2025年年度报告_1225058061.pdf,annual_report,2025年年度报告,True,False,False
300607,拓斯达,v7_proposal_new,/Users/xiwei/stock_research/outputs/research/tech_bottleneck_latent_manual_review_standard_collection_v1/cninfo_primary_source_pdfs/300607_拓斯达_2026-06-30_日常经营_关于董事会完成换届选举暨聘任高级管理人员及其他人员的公告_1225401706.pdf,announcement,关于董事会完成换届选举暨聘任高级管理人员及其他人员的公告,True,False,False
300656,民德电子,v5_hydrated,/Users/xiwei/stock_research/outputs/research/tech_bottleneck_latent_pending_primary_source_collection_v1/cninfo_primary_source_pdfs/300656_民德电子_2025-08-28_半年报_2025年半年度报告_1224591776.pdf,interim_report,2025年半年度报告,True,False,False
300656,民德电子,v5_hydrated,/Users/xiwei/stock_research/outputs/research/tech_bottleneck_latent_pending_primary_source_collection_v1/cninfo_primary_source_pdfs/300656_民德电子_2026-04-29_年报_2025年年度报告_1225355453.pdf,annual_report,2025年年度报告,True,False,False
300656,民德电子,v5_hydrated,/Users/xiwei/stock_research/outputs/research/tech_bottleneck_latent_pending_primary_source_collection_v1/cninfo_primary_source_pdfs/300656_民德电子_2026-06-26_日常经营_关于控股子公司增资暨公司放弃优先认购权的公告_1225391111.pdf,announcement,关于控股子公司增资暨公司放弃优先认购权的公告,True,False,False
300666,江丰电子,v5_targeted_hydrated,/Users/xiwei/stock_research/outputs/research/data_to_brief_docling_90_stock_pdf_acquisition_v1/yanbaoke_pdfs/2021-08-26-深交所-江丰电子_2021年半年度报告_200页_2mb.pdf,local_pdf,2021-08-26-深交所-江丰电子_2021年半年度报告_200页_2mb.pdf,True,False,False
300687,赛意信息,v7_proposal_new,/Users/xiwei/stock_research/outputs/research/tech_bottleneck_latent_manual_review_standard_collection_v1/cninfo_primary_source_pdfs/300687_赛意信息_2025-08-22_半年报_2025年半年度报告_1224535301.pdf,interim_report,2025年半年度报告,True,False,False
300687,赛意信息,v7_proposal_new,/Users/xiwei/stock_research/outputs/research/tech_bottleneck_latent_manual_review_standard_collection_v1/cninfo_primary_source_pdfs/300687_赛意信息_2026-04-29_年报_2025年年度报告_1225239760.pdf,annual_report,2025年年度报告,True,False,False
300687,赛意信息,v7_proposal_new,/Users/xiwei/stock_research/outputs/research/tech_bottleneck_latent_manual_review_standard_collection_v1/cninfo_primary_source_pdfs/300687_赛意信息_2026-07-02_日常经营_关于公司完成经营范围变更及章程备案的公告_1225403281.pdf,announcement,关于公司完成经营范围变更及章程备案的公告,True,False,False
300699,光威复材,v7_proposal_new,/Users/xiwei/stock_research/outputs/research/tech_bottleneck_latent_manual_review_standard_collection_v1/cninfo_primary_source_pdfs/300699_光威复材_2025-08-19_半年报_2025年半年度报告_1224502484.pdf,interim_report,2025年半年度报告,True,False,False
300699,光威复材,v7_proposal_new,/Users/xiwei/stock_research/outputs/research/tech_bottleneck_latent_manual_review_standard_collection_v1/cninfo_primary_source_pdfs/300699_光威复材_2026-03-31_年报_2025年年度报告_1225052430.pdf,annual_report,2025年年度报告,True,False,False
300699,光威复材,v7_proposal_new,/Users/xiwei/stock_research/outputs/research/tech_bottleneck_latent_manual_review_standard_collection_v1/cninfo_primary_source_pdfs/300699_光威复材_2026-05-13_日常经营_关于参加2026年山东辖区上市公司投资者网上集体接待日活动的公告_1225300456.pdf,announcement,关于参加2026年山东辖区上市公司投资者网上集体接待日活动的公告,True,False,False
300724,捷佳伟创,v7_proposal_new,/Users/xiwei/stock_research/outputs/research/tech_bottleneck_latent_manual_review_standard_collection_v1/cninfo_primary_source_pdfs/300724_捷佳伟创_2025-08-28_半年报_2025年半年度报告_1224595554.pdf,interim_report,2025年半年度报告,True,False,False
300724,捷佳伟创,v7_proposal_new,/Users/xiwei/stock_research/outputs/research/tech_bottleneck_latent_manual_review_standard_collection_v1/cninfo_primary_source_pdfs/300724_捷佳伟创_2026-04-27_年报_2025年年度报告_1225192952.pdf,annual_report,2025年年度报告,True,False,False
300724,捷佳伟创,v7_proposal_new,/Users/xiwei/stock_research/outputs/research/tech_bottleneck_latent_manual_review_standard_collection_v1/cninfo_primary_source_pdfs/300724_捷佳伟创_2026-07-06_日常经营_关于控股股东、实际控制人股份解除质押的公告_1225410555.pdf,announcement,关于控股股东、实际控制人股份解除质押的公告,True,False,False
300731,科创新源,v5_hydrated,/Users/xiwei/stock_research/outputs/research/tech_bottleneck_likely_core_36_primary_source_backfill_v1/cninfo_primary_source_pdfs/300731_科创新源_2025-08-25_半年报_2025年半年度报告_1224557351.pdf,interim_report,2025年半年度报告,True,False,False
300731,科创新源,v5_hydrated,/Users/xiwei/stock_research/outputs/research/tech_bottleneck_likely_core_36_primary_source_backfill_v1/cninfo_primary_source_pdfs/300731_科创新源_2026-04-29_年报_2025年年度报告_1225235910.pdf,annual_report,2025年年度报告,True,False,False
300731,科创新源,v5_hydrated,/Users/xiwei/stock_research/outputs/research/tech_bottleneck_likely_core_36_primary_source_backfill_v1/cninfo_primary_source_pdfs/300731_科创新源_2026-07-01_日常经营_关于完成工商变更登记的公告_1225402395.pdf,announcement,关于完成工商变更登记的公告,True,False,False
300747,锐科激光,v5_hydrated,/Users/xiwei/stock_research/outputs/research/tech_bottleneck_expansion_queue_primary_source_backfill_v1/cninfo_primary_source_pdfs/300747_锐科激光_2025-08-28_半年报_2025年半年度报告_1224599579.pdf,interim_report,2025年半年度报告,True,False,False
300747,锐科激光,v5_hydrated,/Users/xiwei/stock_research/outputs/research/tech_bottleneck_expansion_queue_primary_source_backfill_v1/cninfo_primary_source_pdfs/300747_锐科激光_2026-04-23_年报_2025年年度报告_1225154627.pdf,annual_report,2025年年度报告,True,False,False
300747,锐科激光,v5_hydrated,/Users/xiwei/stock_research/outputs/research/tech_bottleneck_expansion_queue_primary_source_backfill_v1/cninfo_primary_source_pdfs/300747_锐科激光_2026-07-02_日常经营_关于参加湖北辖区上市公司2026年投资者集体接待日活动暨2025年度业绩说明会的公告_1225405174.pdf,announcement,关于参加湖北辖区上市公司2026年投资者集体接待日活动暨2025年度业绩说明会的公告,True,False,False
300750,宁德时代,v7_proposal_new,/Users/xiwei/stock_research/outputs/research/tech_bottleneck_latent_manual_review_collection_batch1_v1/cninfo_primary_source_pdfs/300750_宁德时代_2025-07-31_半年报_2025年半年度报告_1224342874.pdf,interim_report,2025年半年度报告,True,False,False
300750,宁德时代,v7_proposal_new,/Users/xiwei/stock_research/outputs/research/tech_bottleneck_latent_manual_review_collection_batch1_v1/cninfo_primary_source_pdfs/300750_宁德时代_2026-03-10_年报_2025年年度报告_1225002214.pdf,annual_report,2025年年度报告,True,False,False
300750,宁德时代,v7_proposal_new,/Users/xiwei/stock_research/outputs/research/tech_bottleneck_latent_manual_review_collection_batch1_v1/cninfo_primary_source_pdfs/300750_宁德时代_2026-07-06_日常经营_H股公告（截至2026年6月30日止股份发行人的证券变动月报表）_1225412109.pdf,announcement,H股公告（截至2026年6月30日止股份发行人的证券变动月报表）,True,False,False
300751,迈为股份,v5_hydrated,/Users/xiwei/stock_research/outputs/research/tech_bottleneck_expansion_queue_primary_source_backfill_v1/cninfo_primary_source_pdfs/300751_迈为股份_2025-08-22_半年报_2025年半年度报告_1224533117.pdf,interim_report,2025年半年度报告,True,False,False
300751,迈为股份,v5_hydrated,/Users/xiwei/stock_research/outputs/research/tech_bottleneck_expansion_queue_primary_source_backfill_v1/cninfo_primary_source_pdfs/300751_迈为股份_2026-04-28_年报_2025年年度报告_1225211530.pdf,annual_report,2025年年度报告,True,False,False
300751,迈为股份,v5_hydrated,/Users/xiwei/stock_research/outputs/research/tech_bottleneck_expansion_queue_primary_source_backfill_v1/cninfo_primary_source_pdfs/300751_迈为股份_2026-05-28_日常经营_关于完成工商变更登记的公告_1225332584.pdf,announcement,关于完成工商变更登记的公告,True,False,False
300757,罗博特科,v5_hydrated,/Users/xiwei/stock_research/outputs/research/tech_bottleneck_expansion_queue_primary_source_backfill_v1/cninfo_primary_source_pdfs/300757_罗博特科_2025-08-28_半年报_2025年半年度报告_1224600641.pdf,interim_report,2025年半年度报告,True,False,False
300757,罗博特科,v5_hydrated,/Users/xiwei/stock_research/outputs/research/tech_bottleneck_expansion_queue_primary_source_backfill_v1/cninfo_primary_source_pdfs/300757_罗博特科_2026-03-31_年报_2025年年度报告_1225059372.pdf,annual_report,2025年年度报告,True,False,False
300757,罗博特科,v5_hydrated,/Users/xiwei/stock_research/outputs/research/tech_bottleneck_expansion_queue_primary_source_backfill_v1/cninfo_primary_source_pdfs/300757_罗博特科_2026-06-22_日常经营_关于发行境外上市外资股（H股）获得中国证监会备案的公告_1225381994.pdf,announcement,关于发行境外上市外资股（H股）获得中国证监会备案的公告,True,False,False
300769,德方纳米,v5_hydrated,/Users/xiwei/stock_research/outputs/research/tech_bottleneck_latent_standard_backfill_queue_v1/cninfo_primary_source_pdfs/300769_德方纳米_2025-08-29_半年报_2025年半年度报告_1224611528.pdf,interim_report,2025年半年度报告,True,False,False
300769,德方纳米,v5_hydrated,/Users/xiwei/stock_research/outputs/research/tech_bottleneck_latent_standard_backfill_queue_v1/cninfo_primary_source_pdfs/300769_德方纳米_2026-04-29_年报_2025年年度报告_1225249571.pdf,annual_report,2025年年度报告,True,False,False
300769,德方纳米,v5_hydrated,/Users/xiwei/stock_research/outputs/research/tech_bottleneck_latent_standard_backfill_queue_v1/cninfo_primary_source_pdfs/300769_德方纳米_2026-06-26_日常经营_关于对外担保的进展公告_1225392041.pdf,announcement,关于对外担保的进展公告,True,False,False
300776,帝尔激光,v5_hydrated,/Users/xiwei/stock_research/outputs/research/tech_bottleneck_expansion_queue_primary_source_backfill_v1/cninfo_primary_source_pdfs/300776_帝尔激光_2025-08-12_半年报_2025年半年度报告_1224443851.pdf,interim_report,2025年半年度报告,True,False,False
300776,帝尔激光,v5_hydrated,/Users/xiwei/stock_research/outputs/research/tech_bottleneck_expansion_queue_primary_source_backfill_v1/cninfo_primary_source_pdfs/300776_帝尔激光_2026-03-31_年报_2025年年度报告_1225055756.pdf,annual_report,2025年年度报告,True,False,False
300776,帝尔激光,v5_hydrated,/Users/xiwei/stock_research/outputs/research/tech_bottleneck_expansion_queue_primary_source_backfill_v1/cninfo_primary_source_pdfs/300776_帝尔激光_2026-07-07_日常经营_关于参加湖北辖区上市公司2026年投资者集体接待日活动暨2025年度业绩说明会的公告_1225412138.pdf,announcement,关于参加湖北辖区上市公司2026年投资者集体接待日活动暨2025年度业绩说明会的公告,True,False,False
300777,中简科技,v5_hydrated,/Users/xiwei/stock_research/outputs/research/tech_bottleneck_latent_standard_backfill_queue_v1/cninfo_primary_source_pdfs/300777_中简科技_2025-08-27_半年报_2025年半年度报告_1224577973.pdf,interim_report,2025年半年度报告,True,False,False
300777,中简科技,v5_hydrated,/Users/xiwei/stock_research/outputs/research/tech_bottleneck_latent_standard_backfill_queue_v1/cninfo_primary_source_pdfs/300777_中简科技_2026-05-21_日常经营_关于公司与专业投资机构共同投资暨关联交易的进展公告_1225322384.pdf,announcement,关于公司与专业投资机构共同投资暨关联交易的进展公告,True,False,False
300777,中简科技,v5_hydrated,/Users/xiwei/stock_research/outputs/research/tech_bottleneck_latent_standard_backfill_queue_v1/cninfo_primary_source_pdfs/300777_中简科技_2026-07-02_年报_2025年年度报告(更正后)_1225405726.pdf,annual_report,2025年年度报告(更正后),True,False,False
300782,卓胜微,v7_proposal_new,/Users/xiwei/stock_research/outputs/research/tech_bottleneck_latent_manual_review_standard_collection_v1/cninfo_primary_source_pdfs/300782_卓胜微_2025-08-22_半年报_2025年半年度报告_1224536566.pdf,interim_report,2025年半年度报告,True,False,False
300782,卓胜微,v7_proposal_new,/Users/xiwei/stock_research/outputs/research/tech_bottleneck_latent_manual_review_standard_collection_v1/cninfo_primary_source_pdfs/300782_卓胜微_2026-04-28_年报_2025年年度报告_1225220151.pdf,annual_report,2025年年度报告,True,False,False
300782,卓胜微,v7_proposal_new,/Users/xiwei/stock_research/outputs/research/tech_bottleneck_latent_manual_review_standard_collection_v1/cninfo_primary_source_pdfs/300782_卓胜微_2026-06-30_日常经营_关于公司提起诉讼的公告_1225401377.pdf,announcement,关于公司提起诉讼的公告,True,False,False
300797,钢研纳克,v7_proposal_new,/Users/xiwei/stock_research/outputs/research/tech_bottleneck_latent_manual_review_standard_collection_v1/cninfo_primary_source_pdfs/300797_钢研纳克_2025-08-27_半年报_2025年半年度报告_1224578011.pdf,interim_report,2025年半年度报告,True,False,False
300797,钢研纳克,v7_proposal_new,/Users/xiwei/stock_research/outputs/research/tech_bottleneck_latent_manual_review_standard_collection_v1/cninfo_primary_source_pdfs/300797_钢研纳克_2026-04-27_年报_2025年年度报告_1225175446.pdf,annual_report,2025年年度报告,True,False,False
300797,钢研纳克,v7_proposal_new,/Users/xiwei/stock_research/outputs/research/tech_bottleneck_latent_manual_review_standard_collection_v1/cninfo_primary_source_pdfs/300797_钢研纳克_2026-06-27_日常经营_董事会薪酬与考核委员会关于回购注销部分限制性股票事项的意见_1225391574.pdf,announcement,董事会薪酬与考核委员会关于回购注销部分限制性股票事项的意见,True,False,False
300809,华辰装备,v7_proposal_new,/Users/xiwei/stock_research/outputs/research/tech_bottleneck_latent_manual_review_standard_collection_v1/cninfo_primary_source_pdfs/300809_华辰装备_2025-08-23_半年报_2025年半年度报告_1224555476.pdf,interim_report,2025年半年度报告,True,False,False
300809,华辰装备,v7_proposal_new,/Users/xiwei/stock_research/outputs/research/tech_bottleneck_latent_manual_review_standard_collection_v1/cninfo_primary_source_pdfs/300809_华辰装备_2026-04-25_年报_2025年年度报告_1225179447.pdf,annual_report,2025年年度报告,True,False,False
300809,华辰装备,v7_proposal_new,/Users/xiwei/stock_research/outputs/research/tech_bottleneck_latent_manual_review_standard_collection_v1/cninfo_primary_source_pdfs/300809_华辰装备_2026-06-16_日常经营_华辰装备关于募集资金专户完成注销的公告_1225373064.pdf,announcement,华辰装备关于募集资金专户完成注销的公告,True,False,False
300810,中科海讯,v7_proposal_new,/Users/xiwei/stock_research/outputs/research/tech_bottleneck_latent_manual_review_standard_collection_v1/cninfo_primary_source_pdfs/300810_中科海讯_2025-08-27_半年报_2025年半年度报告_1224584658.pdf,interim_report,2025年半年度报告,True,False,False
300810,中科海讯,v7_proposal_new,/Users/xiwei/stock_research/outputs/research/tech_bottleneck_latent_manual_review_standard_collection_v1/cninfo_primary_source_pdfs/300810_中科海讯_2026-04-17_年报_2025年年度报告_1225113928.pdf,annual_report,2025年年度报告,True,False,False
300810,中科海讯,v7_proposal_new,/Users/xiwei/stock_research/outputs/research/tech_bottleneck_latent_manual_review_standard_collection_v1/cninfo_primary_source_pdfs/300810_中科海讯_2026-05-18_日常经营_关于中标项目进展暨签订合同的公告_1225313696.pdf,announcement,关于中标项目进展暨签订合同的公告,True,False,False
300820,英杰电气,v7_proposal_new,/Users/xiwei/stock_research/outputs/research/tech_bottleneck_latent_manual_review_collection_batch1_v1/cninfo_primary_source_pdfs/300820_英杰电气_2025-08-22_半年报_2025年半年度报告_1224533827.pdf,interim_report,2025年半年度报告,True,False,False
300820,英杰电气,v7_proposal_new,/Users/xiwei/stock_research/outputs/research/tech_bottleneck_latent_manual_review_collection_batch1_v1/cninfo_primary_source_pdfs/300820_英杰电气_2026-04-28_年报_2025年年度报告_1225210229.pdf,annual_report,2025年年度报告,True,False,False
300820,英杰电气,v7_proposal_new,/Users/xiwei/stock_research/outputs/research/tech_bottleneck_latent_manual_review_collection_batch1_v1/cninfo_primary_source_pdfs/300820_英杰电气_2026-07-03_日常经营_关于调整公司组织架构的公告_1225409070.pdf,announcement,关于调整公司组织架构的公告,True,False,False
300832,新产业,v7_proposal_new,/Users/xiwei/stock_research/outputs/research/tech_bottleneck_latent_manual_review_standard_collection_v1/cninfo_primary_source_pdfs/300832_新产业_2025-08-26_半年报_2025年半年度报告_1224564186.pdf,interim_report,2025年半年度报告,True,False,False
300832,新产业,v7_proposal_new,/Users/xiwei/stock_research/outputs/research/tech_bottleneck_latent_manual_review_standard_collection_v1/cninfo_primary_source_pdfs/300832_新产业_2026-04-28_年报_2025年年度报告_1225208420.pdf,annual_report,2025年年度报告,True,False,False
300832,新产业,v7_proposal_new,/Users/xiwei/stock_research/outputs/research/tech_bottleneck_latent_manual_review_standard_collection_v1/cninfo_primary_source_pdfs/300832_新产业_2026-07-06_日常经营_关于公司实际控制人被留置的公告_1225412284.pdf,announcement,关于公司实际控制人被留置的公告,True,False,False
300836,佰奥智能,v5_hydrated,/Users/xiwei/stock_research/outputs/research/tech_bottleneck_false_negative_rescue_primary_source_backfill_v1/cninfo_primary_source_pdfs/300836_佰奥智能_2025-08-26_半年报_2025年半年度报告_1224562856.pdf,interim_report,2025年半年度报告,True,False,False
300836,佰奥智能,v5_hydrated,/Users/xiwei/stock_research/outputs/research/tech_bottleneck_false_negative_rescue_primary_source_backfill_v1/cninfo_primary_source_pdfs/300836_佰奥智能_2026-04-24_年报_2025年年度报告_1225164226.pdf,annual_report,2025年年度报告,True,False,False
300836,佰奥智能,v5_hydrated,/Users/xiwei/stock_research/outputs/research/tech_bottleneck_false_negative_rescue_primary_source_backfill_v1/cninfo_primary_source_pdfs/300836_佰奥智能_2026-05-18_日常经营_关于公司控股股东、实际控制人股份减持计划的预披露公告_1225313909.pdf,announcement,关于公司控股股东、实际控制人股份减持计划的预披露公告,True,False,False
300838,浙江力诺,v5_targeted_hydrated,/Users/xiwei/stock_research/outputs/research/data_to_brief_docling_adapter_provenance_backfill_and_10_stock_batch_pilot_v1/source_acquisition/yanbaoke_pdfs/2021-10-21-深交所-浙江力诺_2021年第三季度报告_15页_187kb.pdf,local_pdf,2021-10-21-深交所-浙江力诺_2021年第三季度报告_15页_187kb.pdf,True,False,False
300843,胜蓝股份,v5_hydrated,/Users/xiwei/stock_research/outputs/research/tech_bottleneck_data_gap_primary_source_backfill_v1/cninfo_primary_source_pdfs/300843_胜蓝股份_2025-08-28_半年报_2025年半年度报告_1224594396.pdf,interim_report,2025年半年度报告,True,False,False
300843,胜蓝股份,v5_hydrated,/Users/xiwei/stock_research/outputs/research/tech_bottleneck_data_gap_primary_source_backfill_v1/cninfo_primary_source_pdfs/300843_胜蓝股份_2026-04-03_年报_2025年年度报告_1225075658.pdf,annual_report,2025年年度报告,True,False,False
300843,胜蓝股份,v5_hydrated,/Users/xiwei/stock_research/outputs/research/tech_bottleneck_data_gap_primary_source_backfill_v1/cninfo_primary_source_pdfs/300843_胜蓝股份_2026-06-26_日常经营_关于为全资子公司提供担保的进展公告_1225390019.pdf,announcement,关于为全资子公司提供担保的进展公告,True,False,False
300852,四会富仕,v5_hydrated,/Users/xiwei/stock_research/outputs/research/tech_bottleneck_expansion_queue_primary_source_backfill_v1/cninfo_primary_source_pdfs/300852_四会富仕_2025-08-28_半年报_2025年半年度报告_1224588393.pdf,interim_report,2025年半年度报告,True,False,False
300852,四会富仕,v5_hydrated,/Users/xiwei/stock_research/outputs/research/tech_bottleneck_expansion_queue_primary_source_backfill_v1/cninfo_primary_source_pdfs/300852_四会富仕_2026-03-31_年报_2025年年度报告_1225060159.pdf,annual_report,2025年年度报告,True,False,False
300852,四会富仕,v5_hydrated,/Users/xiwei/stock_research/outputs/research/tech_bottleneck_expansion_queue_primary_source_backfill_v1/cninfo_primary_source_pdfs/300852_四会富仕_2026-06-29_日常经营_关于部分闲置募集资金现金管理到期赎回并继续进行现金管理的公告_1225395131.pdf,announcement,关于部分闲置募集资金现金管理到期赎回并继续进行现金管理的公告,True,False,False
300910,瑞丰新材,v7_proposal_new,/Users/xiwei/stock_research/outputs/research/tech_bottleneck_latent_manual_review_standard_collection_v1/cninfo_primary_source_pdfs/300910_瑞丰新材_2025-08-23_半年报_2025年半年度报告_1224559237.pdf,interim_report,2025年半年度报告,True,False,False
300910,瑞丰新材,v7_proposal_new,/Users/xiwei/stock_research/outputs/research/tech_bottleneck_latent_manual_review_standard_collection_v1/cninfo_primary_source_pdfs/300910_瑞丰新材_2026-03-21_年报_2025年年度报告_1225022739.pdf,annual_report,2025年年度报告,True,False,False
300910,瑞丰新材,v7_proposal_new,/Users/xiwei/stock_research/outputs/research/tech_bottleneck_latent_manual_review_standard_collection_v1/cninfo_primary_source_pdfs/300910_瑞丰新材_2026-06-30_日常经营_关于完成补选第四届董事会独立董事的公告_1225401050.pdf,announcement,关于完成补选第四届董事会独立董事的公告,True,False,False
300916,朗特智能,v5_targeted_hydrated,/Users/xiwei/stock_research/outputs/research/data_to_brief_docling_90_stock_pdf_acquisition_v1/yanbaoke_pdfs/2021-08-17-深交所-朗特智能_2021年半年度报告_131页_2mb.pdf,local_pdf,2021-08-17-深交所-朗特智能_2021年半年度报告_131页_2mb.pdf,True,False,False
300976,达瑞电子,v5_hydrated,/Users/xiwei/stock_research/outputs/research/tech_bottleneck_latent_pending_primary_source_collection_v1/cninfo_primary_source_pdfs/300976_达瑞电子_2025-08-15_半年报_2025年半年度报告_1224487504.pdf,interim_report,2025年半年度报告,True,False,False
300976,达瑞电子,v5_hydrated,/Users/xiwei/stock_research/outputs/research/tech_bottleneck_latent_pending_primary_source_collection_v1/cninfo_primary_source_pdfs/300976_达瑞电子_2026-04-24_年报_2025年年度报告_1225173550.pdf,annual_report,2025年年度报告,True,False,False
300976,达瑞电子,v5_hydrated,/Users/xiwei/stock_research/outputs/research/tech_bottleneck_latent_pending_primary_source_collection_v1/cninfo_primary_source_pdfs/300976_达瑞电子_2026-05-26_日常经营_关于全资子公司转让投资基金份额暨退出投资基金的公告_1225328342.pdf,announcement,关于全资子公司转让投资基金份额暨退出投资基金的公告,True,False,False
300996,普联软件,v5_hydrated,/Users/xiwei/stock_research/outputs/research/tech_bottleneck_latent_pending_primary_source_collection_v1/cninfo_primary_source_pdfs/300996_普联软件_2025-08-27_半年报_2025年半年度报告_1224575000.pdf,interim_report,2025年半年度报告,True,False,False
300996,普联软件,v5_hydrated,/Users/xiwei/stock_research/outputs/research/tech_bottleneck_latent_pending_primary_source_collection_v1/cninfo_primary_source_pdfs/300996_普联软件_2026-03-31_年报_2025年年度报告_1225051315.pdf,annual_report,2025年年度报告,True,False,False
300996,普联软件,v5_hydrated,/Users/xiwei/stock_research/outputs/research/tech_bottleneck_latent_pending_primary_source_collection_v1/cninfo_primary_source_pdfs/300996_普联软件_2026-06-23_日常经营_关于完成工商变更登记并换发营业执照的公告_1225382973.pdf,announcement,关于完成工商变更登记并换发营业执照的公告,True,False,False
301013,利和兴,v5_hydrated,/Users/xiwei/stock_research/outputs/research/tech_bottleneck_false_negative_rescue_primary_source_backfill_v1/cninfo_primary_source_pdfs/301013_利和兴_2025-08-08_半年报_2025年半年度报告_1224426240.pdf,interim_report,2025年半年度报告,True,False,False
301013,利和兴,v5_hydrated,/Users/xiwei/stock_research/outputs/research/tech_bottleneck_false_negative_rescue_primary_source_backfill_v1/cninfo_primary_source_pdfs/301013_利和兴_2026-04-27_年报_2025年年度报告_1225192988.pdf,annual_report,2025年年度报告,True,False,False
301013,利和兴,v5_hydrated,/Users/xiwei/stock_research/outputs/research/tech_bottleneck_false_negative_rescue_primary_source_backfill_v1/cninfo_primary_source_pdfs/301013_利和兴_2026-06-30_日常经营_关于购买土地使用权并投资建设项目的进展公告_1225400451.pdf,announcement,关于购买土地使用权并投资建设项目的进展公告,True,False,False
301018,申菱环境,v5_hydrated,/Users/xiwei/stock_research/outputs/research/tech_bottleneck_expansion_queue_primary_source_backfill_v1/cninfo_primary_source_pdfs/301018_申菱环境_2025-08-29_半年报_2025年半年度报告_1224614643.pdf,interim_report,2025年半年度报告,True,False,False
301018,申菱环境,v5_hydrated,/Users/xiwei/stock_research/outputs/research/tech_bottleneck_expansion_queue_primary_source_backfill_v1/cninfo_primary_source_pdfs/301018_申菱环境_2026-04-27_年报_2025年年度报告_1225181199.pdf,annual_report,2025年年度报告,True,False,False
301018,申菱环境,v5_hydrated,/Users/xiwei/stock_research/outputs/research/tech_bottleneck_expansion_queue_primary_source_backfill_v1/cninfo_primary_source_pdfs/301018_申菱环境_2026-06-22_日常经营_关于向不特定对象发行可转换公司债券的审核问询函回复及募集说明书等申请文件更新的提示性公告_1225381322.pdf,announcement,关于向不特定对象发行可转换公司债券的审核问询函回复及募集说明书等申请文件更新的提示性公告,True,False,False
301023,奕帆传动,v5_hydrated,/Users/xiwei/stock_research/outputs/research/tech_bottleneck_latent_standard_backfill_queue_v1/cninfo_primary_source_pdfs/301023_奕帆传动_2025-08-23_半年报_2025年半年度报告_1224556702.pdf,interim_report,2025年半年度报告,True,False,False
301023,奕帆传动,v5_hydrated,/Users/xiwei/stock_research/outputs/research/tech_bottleneck_latent_standard_backfill_queue_v1/cninfo_primary_source_pdfs/301023_奕帆传动_2026-04-25_年报_2025年年度报告_1225175136.pdf,annual_report,2025年年度报告,True,False,False
301023,奕帆传动,v5_hydrated,/Users/xiwei/stock_research/outputs/research/tech_bottleneck_latent_standard_backfill_queue_v1/cninfo_primary_source_pdfs/301023_奕帆传动_2026-06-08_日常经营_关于对外投资进展暨完成工商变更登记并取得营业执照的公告_1225357776.pdf,announcement,关于对外投资进展暨完成工商变更登记并取得营业执照的公告,True,False,False
301086,鸿富瀚,v5_hydrated,/Users/xiwei/stock_research/outputs/research/tech_bottleneck_expansion_queue_primary_source_backfill_v1/cninfo_primary_source_pdfs/301086_鸿富瀚_2025-08-28_半年报_2025年半年度报告_1224591624.pdf,interim_report,2025年半年度报告,True,False,False
301086,鸿富瀚,v5_hydrated,/Users/xiwei/stock_research/outputs/research/tech_bottleneck_expansion_queue_primary_source_backfill_v1/cninfo_primary_source_pdfs/301086_鸿富瀚_2026-04-15_年报_2025年年度报告_1225101030.pdf,annual_report,2025年年度报告,True,False,False
301086,鸿富瀚,v5_hydrated,/Users/xiwei/stock_research/outputs/research/tech_bottleneck_expansion_queue_primary_source_backfill_v1/cninfo_primary_source_pdfs/301086_鸿富瀚_2026-06-17_日常经营_关于为子公司提供担保的进展公告_1225375579.pdf,announcement,关于为子公司提供担保的进展公告,True,False,False
301095,广立微,v5_targeted_hydrated,/Users/xiwei/stock_research/outputs/research/data_to_brief_docling_90_stock_pdf_acquisition_v1/yanbaoke_pdfs/2023-03-23-深交所-广立微_2022年年度报告_175页_3mb.pdf,local_pdf,2023-03-23-深交所-广立微_2022年年度报告_175页_3mb.pdf,True,False,False
301128,强瑞技术,v5_hydrated,/Users/xiwei/stock_research/outputs/research/tech_bottleneck_false_negative_rescue_primary_source_backfill_v1/cninfo_primary_source_pdfs/301128_强瑞技术_2025-08-26_半年报_2025年半年度报告_1224565791.pdf,interim_report,2025年半年度报告,True,False,False
301128,强瑞技术,v5_hydrated,/Users/xiwei/stock_research/outputs/research/tech_bottleneck_false_negative_rescue_primary_source_backfill_v1/cninfo_primary_source_pdfs/301128_强瑞技术_2026-04-16_年报_2025年年度报告_1225107202.pdf,annual_report,2025年年度报告,True,False,False
301128,强瑞技术,v5_hydrated,/Users/xiwei/stock_research/outputs/research/tech_bottleneck_false_negative_rescue_primary_source_backfill_v1/cninfo_primary_source_pdfs/301128_强瑞技术_2026-07-01_日常经营_关于公司及子公司向金融机构申请综合授信额度及担保的进展公告_1225402423.pdf,announcement,关于公司及子公司向金融机构申请综合授信额度及担保的进展公告,True,False,False
301155,海力风电,v7_proposal_new,/Users/xiwei/stock_research/outputs/research/tech_bottleneck_latent_manual_review_standard_collection_v1/cninfo_primary_source_pdfs/301155_海力风电_2025-08-29_半年报_2025年半年度报告_1224603939.pdf,interim_report,2025年半年度报告,True,False,False
301155,海力风电,v7_proposal_new,/Users/xiwei/stock_research/outputs/research/tech_bottleneck_latent_manual_review_standard_collection_v1/cninfo_primary_source_pdfs/301155_海力风电_2026-04-29_年报_2025年年度报告_1225233522.pdf,annual_report,2025年年度报告,True,False,False
301155,海力风电,v7_proposal_new,/Users/xiwei/stock_research/outputs/research/tech_bottleneck_latent_manual_review_standard_collection_v1/cninfo_primary_source_pdfs/301155_海力风电_2026-04-29_日常经营_关于为全资子公司提供担保的进展公告_1225255560.pdf,announcement,关于为全资子公司提供担保的进展公告,True,False,False
301165,锐捷网络,v7_proposal_new,/Users/xiwei/stock_research/outputs/research/tech_bottleneck_latent_manual_review_standard_collection_v1/cninfo_primary_source_pdfs/301165_锐捷网络_2025-08-22_半年报_2025年半年度报告_1224531147.pdf,interim_report,2025年半年度报告,True,False,False
301165,锐捷网络,v7_proposal_new,/Users/xiwei/stock_research/outputs/research/tech_bottleneck_latent_manual_review_standard_collection_v1/cninfo_primary_source_pdfs/301165_锐捷网络_2026-03-28_年报_2025年年度报告_1225040067.pdf,annual_report,2025年年度报告,True,False,False
301165,锐捷网络,v7_proposal_new,/Users/xiwei/stock_research/outputs/research/tech_bottleneck_latent_manual_review_standard_collection_v1/cninfo_primary_source_pdfs/301165_锐捷网络_2026-06-13_日常经营_关于变更注册资本、修订《公司章程》及制定、修订部分公司治理制度的公告_1225367837.pdf,announcement,关于变更注册资本、修订《公司章程》及制定、修订部分公司治理制度的公告,True,False,False
301191,菲菱科思,v7_proposal_new,/Users/xiwei/stock_research/outputs/research/tech_bottleneck_latent_manual_review_standard_collection_v1/cninfo_primary_source_pdfs/301191_菲菱科思_2025-08-20_半年报_2025年半年度报告_1224517165.pdf,interim_report,2025年半年度报告,True,False,False
301191,菲菱科思,v7_proposal_new,/Users/xiwei/stock_research/outputs/research/tech_bottleneck_latent_manual_review_standard_collection_v1/cninfo_primary_source_pdfs/301191_菲菱科思_2026-04-28_年报_2025年年度报告_1225200812.pdf,annual_report,2025年年度报告,True,False,False
301191,菲菱科思,v7_proposal_new,/Users/xiwei/stock_research/outputs/research/tech_bottleneck_latent_manual_review_standard_collection_v1/cninfo_primary_source_pdfs/301191_菲菱科思_2026-07-06_日常经营_关于使用部分自有资金和暂时闲置的募集资金进行现金管理的进展公告_1225412498.pdf,announcement,关于使用部分自有资金和暂时闲置的募集资金进行现金管理的进展公告,True,False,False
301200,大族数控,v5_hydrated,/Users/xiwei/stock_research/outputs/research/tech_bottleneck_expansion_queue_primary_source_backfill_v1/cninfo_primary_source_pdfs/301200_大族数控_2025-08-20_半年报_2025年半年度报告_1224517851.pdf,interim_report,2025年半年度报告,True,False,False
301200,大族数控,v5_hydrated,/Users/xiwei/stock_research/outputs/research/tech_bottleneck_expansion_queue_primary_source_backfill_v1/cninfo_primary_source_pdfs/301200_大族数控_2026-03-31_年报_2025年年度报告_1225057160.pdf,annual_report,2025年年度报告,True,False,False
301200,大族数控,v5_hydrated,/Users/xiwei/stock_research/outputs/research/tech_bottleneck_expansion_queue_primary_source_backfill_v1/cninfo_primary_source_pdfs/301200_大族数控_2026-07-02_日常经营_H股公告-截至2026年6月30日止月份之股份发行人的证券变动月报表_1225406306.pdf,announcement,H股公告-截至2026年6月30日止月份之股份发行人的证券变动月报表,True,False,False
301236,软通动力,v5_hydrated,/Users/xiwei/stock_research/outputs/research/tech_bottleneck_latent_pending_primary_source_collection_v1/cninfo_primary_source_pdfs/301236_软通动力_2025-08-28_半年报_2025年半年度报告_1224597417.pdf,interim_report,2025年半年度报告,True,False,False
301236,软通动力,v5_hydrated,/Users/xiwei/stock_research/outputs/research/tech_bottleneck_latent_pending_primary_source_collection_v1/cninfo_primary_source_pdfs/301236_软通动力_2026-04-25_年报_2025年年度报告_1225192662.pdf,annual_report,2025年年度报告,True,False,False
301236,软通动力,v5_hydrated,/Users/xiwei/stock_research/outputs/research/tech_bottleneck_latent_pending_primary_source_collection_v1/cninfo_primary_source_pdfs/301236_软通动力_2026-06-24_日常经营_关于与专业投资机构共同投资的公告_1225386302.pdf,announcement,关于与专业投资机构共同投资的公告,True,False,False
301269,华大九天,v7_proposal_new,/Users/xiwei/stock_research/outputs/research/tech_bottleneck_latent_manual_review_collection_batch1_v1/cninfo_primary_source_pdfs/301269_华大九天_2025-08-16_半年报_2025年半年度报告_1224500455.pdf,interim_report,2025年半年度报告,True,False,False
301269,华大九天,v7_proposal_new,/Users/xiwei/stock_research/outputs/research/tech_bottleneck_latent_manual_review_collection_batch1_v1/cninfo_primary_source_pdfs/301269_华大九天_2026-04-28_年报_2025年年度报告_1225217315.pdf,annual_report,2025年年度报告,True,False,False
301269,华大九天,v7_proposal_new,/Users/xiwei/stock_research/outputs/research/tech_bottleneck_latent_manual_review_collection_batch1_v1/cninfo_primary_source_pdfs/301269_华大九天_2026-05-13_日常经营_关于举行2025年度暨2026年第一季度业绩说明会的公告_1225302940.pdf,announcement,关于举行2025年度暨2026年第一季度业绩说明会的公告,True,False,False
301272,英华特,v7_proposal_new,/Users/xiwei/stock_research/outputs/research/tech_bottleneck_latent_manual_review_standard_collection_v1/cninfo_primary_source_pdfs/301272_英华特_2025-08-28_半年报_2025年半年度报告_1224595294.pdf,interim_report,2025年半年度报告,True,False,False
301272,英华特,v7_proposal_new,/Users/xiwei/stock_research/outputs/research/tech_bottleneck_latent_manual_review_standard_collection_v1/cninfo_primary_source_pdfs/301272_英华特_2026-04-28_年报_2025年年度报告_1225204945.pdf,annual_report,2025年年度报告,True,False,False
301272,英华特,v7_proposal_new,/Users/xiwei/stock_research/outputs/research/tech_bottleneck_latent_manual_review_standard_collection_v1/cninfo_primary_source_pdfs/301272_英华特_2026-07-01_日常经营_苏州英华特涡旋技术股份有限公司关于回购注销部分限制性股票减少注册资本暨通知债权人的公告_1225400365.pdf,announcement,苏州英华特涡旋技术股份有限公司关于回购注销部分限制性股票减少注册资本暨通知债权人的公告,True,False,False
301307,美利信,v5_hydrated,/Users/xiwei/stock_research/outputs/research/tech_bottleneck_data_gap_primary_source_backfill_v1/cninfo_primary_source_pdfs/301307_美利信_2025-08-27_半年报_2025年半年度报告_1224580634.pdf,interim_report,2025年半年度报告,True,False,False
301307,美利信,v5_hydrated,/Users/xiwei/stock_research/outputs/research/tech_bottleneck_data_gap_primary_source_backfill_v1/cninfo_primary_source_pdfs/301307_美利信_2026-04-24_年报_2025年年度报告_1225162161.pdf,annual_report,2025年年度报告,True,False,False
301307,美利信,v5_hydrated,/Users/xiwei/stock_research/outputs/research/tech_bottleneck_data_gap_primary_source_backfill_v1/cninfo_primary_source_pdfs/301307_美利信_2026-07-01_日常经营_募集说明书_1225403975.pdf,announcement,募集说明书,True,False,False
301312,智立方,v5_hydrated,/Users/xiwei/stock_research/outputs/research/tech_bottleneck_false_negative_rescue_primary_source_backfill_v1/cninfo_primary_source_pdfs/301312_智立方_2025-08-27_半年报_2025年半年度报告_1224585749.pdf,interim_report,2025年半年度报告,True,False,False
301312,智立方,v5_hydrated,/Users/xiwei/stock_research/outputs/research/tech_bottleneck_false_negative_rescue_primary_source_backfill_v1/cninfo_primary_source_pdfs/301312_智立方_2026-04-29_年报_2025年年度报告_1225228386.pdf,annual_report,2025年年度报告,True,False,False
301312,智立方,v5_hydrated,/Users/xiwei/stock_research/outputs/research/tech_bottleneck_false_negative_rescue_primary_source_backfill_v1/cninfo_primary_source_pdfs/301312_智立方_2026-06-26_日常经营_关于部分募投项目实施完毕及注销募集资金专户的公告_1225391448.pdf,announcement,关于部分募投项目实施完毕及注销募集资金专户的公告,True,False,False
301321,翰博高新,v5_hydrated,/Users/xiwei/stock_research/outputs/research/tech_bottleneck_expansion_queue_primary_source_backfill_v1/cninfo_primary_source_pdfs/301321_翰博高新_2025-08-22_半年报_2025年半年度报告_1224531823.pdf,interim_report,2025年半年度报告,True,False,False
301321,翰博高新,v5_hydrated,/Users/xiwei/stock_research/outputs/research/tech_bottleneck_expansion_queue_primary_source_backfill_v1/cninfo_primary_source_pdfs/301321_翰博高新_2026-04-25_年报_2025年年度报告_1225194636.pdf,annual_report,2025年年度报告,True,False,False
301321,翰博高新,v5_hydrated,/Users/xiwei/stock_research/outputs/research/tech_bottleneck_expansion_queue_primary_source_backfill_v1/cninfo_primary_source_pdfs/301321_翰博高新_2026-06-24_日常经营_关于公司为子公司提供担保的进展公告_1225385263.pdf,announcement,关于公司为子公司提供担保的进展公告,True,False,False
301328,维峰电子,v7_proposal_new,/Users/xiwei/stock_research/outputs/research/tech_bottleneck_latent_manual_review_standard_collection_v1/cninfo_primary_source_pdfs/301328_维峰电子_2025-08-23_半年报_2025年半年度报告_1224556635.pdf,interim_report,2025年半年度报告,True,False,False
301328,维峰电子,v7_proposal_new,/Users/xiwei/stock_research/outputs/research/tech_bottleneck_latent_manual_review_standard_collection_v1/cninfo_primary_source_pdfs/301328_维峰电子_2026-04-24_年报_2025年年度报告_1225158674.pdf,annual_report,2025年年度报告,True,False,False
301328,维峰电子,v7_proposal_new,/Users/xiwei/stock_research/outputs/research/tech_bottleneck_latent_manual_review_standard_collection_v1/cninfo_primary_source_pdfs/301328_维峰电子_2026-06-23_日常经营_关于关联方参与控股子公司增资暨公司放弃优先认缴出资权的公告_1225382725.pdf,announcement,关于关联方参与控股子公司增资暨公司放弃优先认缴出资权的公告,True,False,False
301362,民爆光电,v5_hydrated,/Users/xiwei/stock_research/outputs/research/tech_bottleneck_data_gap_primary_source_backfill_v1/cninfo_primary_source_pdfs/301362_民爆光电_2025-08-28_半年报_2025年半年度报告_1224587270.pdf,interim_report,2025年半年度报告,True,False,False
301362,民爆光电,v5_hydrated,/Users/xiwei/stock_research/outputs/research/tech_bottleneck_data_gap_primary_source_backfill_v1/cninfo_primary_source_pdfs/301362_民爆光电_2026-04-29_年报_2025年年度报告_1225235839.pdf,annual_report,2025年年度报告,True,False,False
301362,民爆光电,v5_hydrated,/Users/xiwei/stock_research/outputs/research/tech_bottleneck_data_gap_primary_source_backfill_v1/cninfo_primary_source_pdfs/301362_民爆光电_2026-07-01_日常经营_关于发行股份购买资产并募集配套资金暨关联交易事项的进展公告_1225399864.pdf,announcement,关于发行股份购买资产并募集配套资金暨关联交易事项的进展公告,True,False,False
301369,联动科技,v5_hydrated,/Users/xiwei/stock_research/outputs/research/tech_bottleneck_false_negative_rescue_primary_source_backfill_v1/cninfo_primary_source_pdfs/301369_联动科技_2025-08-26_半年报_2025年半年度报告_1224563678.pdf,interim_report,2025年半年度报告,True,False,False
301369,联动科技,v5_hydrated,/Users/xiwei/stock_research/outputs/research/tech_bottleneck_false_negative_rescue_primary_source_backfill_v1/cninfo_primary_source_pdfs/301369_联动科技_2026-03-31_年报_2025年年度报告_1225054584.pdf,annual_report,2025年年度报告,True,False,False
301369,联动科技,v5_hydrated,/Users/xiwei/stock_research/outputs/research/tech_bottleneck_false_negative_rescue_primary_source_backfill_v1/cninfo_primary_source_pdfs/301369_联动科技_2026-07-03_日常经营_关于收购Northstar_Technologies_Limited_100%股权的公告_1225409617.pdf,announcement,关于收购Northstar Technologies Limited 100%股权的公告,True,False,False
301377,鼎泰高科,v5_hydrated,/Users/xiwei/stock_research/outputs/research/tech_bottleneck_data_gap_primary_source_backfill_v1/cninfo_primary_source_pdfs/301377_鼎泰高科_2025-08-21_半年报_2025年半年度报告_1224524565.pdf,interim_report,2025年半年度报告,True,False,False
301377,鼎泰高科,v5_hydrated,/Users/xiwei/stock_research/outputs/research/tech_bottleneck_data_gap_primary_source_backfill_v1/cninfo_primary_source_pdfs/301377_鼎泰高科_2026-03-27_年报_2025年年度报告_1225036337.pdf,annual_report,2025年年度报告,True,False,False
301377,鼎泰高科,v5_hydrated,/Users/xiwei/stock_research/outputs/research/tech_bottleneck_data_gap_primary_source_backfill_v1/cninfo_primary_source_pdfs/301377_鼎泰高科_2026-07-02_日常经营_关于设立控股子公司并完成工商登记的公告_1225402724.pdf,announcement,关于设立控股子公司并完成工商登记的公告,True,False,False
301413,安培龙,v7_proposal_new,/Users/xiwei/stock_research/outputs/research/tech_bottleneck_latent_manual_review_standard_collection_v1/cninfo_primary_source_pdfs/301413_安培龙_2025-08-26_半年报_2025年半年度报告_1224569017.pdf,interim_report,2025年半年度报告,True,False,False
301413,安培龙,v7_proposal_new,/Users/xiwei/stock_research/outputs/research/tech_bottleneck_latent_manual_review_standard_collection_v1/cninfo_primary_source_pdfs/301413_安培龙_2026-04-24_年报_2025年年度报告_1225161084.pdf,annual_report,2025年年度报告,True,False,False
301413,安培龙,v7_proposal_new,/Users/xiwei/stock_research/outputs/research/tech_bottleneck_latent_manual_review_standard_collection_v1/cninfo_primary_source_pdfs/301413_安培龙_2026-07-07_日常经营_关于控股股东、实际控制人部分股份质押的公告_1225413106.pdf,announcement,关于控股股东、实际控制人部分股份质押的公告,True,False,False
301418,协昌科技,v5_hydrated,/Users/xiwei/stock_research/outputs/research/tech_bottleneck_likely_core_36_primary_source_backfill_v1/cninfo_primary_source_pdfs/301418_协昌科技_2025-08-27_半年报_2025年半年度报告_1224583731.pdf,interim_report,2025年半年度报告,True,False,False
301418,协昌科技,v5_hydrated,/Users/xiwei/stock_research/outputs/research/tech_bottleneck_likely_core_36_primary_source_backfill_v1/cninfo_primary_source_pdfs/301418_协昌科技_2026-04-28_年报_2025年年度报告_1225211968.pdf,annual_report,2025年年度报告,True,False,False
301418,协昌科技,v5_hydrated,/Users/xiwei/stock_research/outputs/research/tech_bottleneck_likely_core_36_primary_source_backfill_v1/cninfo_primary_source_pdfs/301418_协昌科技_2026-06-29_日常经营_关于向银行申请综合授信额度的公告_1225394953.pdf,announcement,关于向银行申请综合授信额度的公告,True,False,False
301468,博盈特焊,v5_hydrated,/Users/xiwei/stock_research/outputs/research/tech_bottleneck_false_negative_rescue_primary_source_backfill_v1/cninfo_primary_source_pdfs/301468_博盈特焊_2025-08-28_半年报_2025年半年度报告_1224593717.pdf,interim_report,2025年半年度报告,True,False,False
301468,博盈特焊,v5_hydrated,/Users/xiwei/stock_research/outputs/research/tech_bottleneck_false_negative_rescue_primary_source_backfill_v1/cninfo_primary_source_pdfs/301468_博盈特焊_2026-04-28_年报_2025年年度报告_1225217531.pdf,annual_report,2025年年度报告,True,False,False
301468,博盈特焊,v5_hydrated,/Users/xiwei/stock_research/outputs/research/tech_bottleneck_false_negative_rescue_primary_source_backfill_v1/cninfo_primary_source_pdfs/301468_博盈特焊_2026-07-03_日常经营_关于为孙公司新增银行授信提供担保的公告_1225408009.pdf,announcement,关于为孙公司新增银行授信提供担保的公告,True,False,False
301517,陕西华达,v5_hydrated,/Users/xiwei/stock_research/outputs/research/tech_bottleneck_latent_pending_primary_source_collection_v1/cninfo_primary_source_pdfs/301517_陕西华达_2025-08-26_半年报_2025年半年度报告_1224572891.pdf,interim_report,2025年半年度报告,True,False,False
301517,陕西华达,v5_hydrated,/Users/xiwei/stock_research/outputs/research/tech_bottleneck_latent_pending_primary_source_collection_v1/cninfo_primary_source_pdfs/301517_陕西华达_2026-04-28_年报_2025年年度报告_1225219972.pdf,annual_report,2025年年度报告,True,False,False
301517,陕西华达,v5_hydrated,/Users/xiwei/stock_research/outputs/research/tech_bottleneck_latent_pending_primary_source_collection_v1/cninfo_primary_source_pdfs/301517_陕西华达_2026-07-01_日常经营_关于董事长辞职及补选非独立董事的公告_1225402919.pdf,announcement,关于董事长辞职及补选非独立董事的公告,True,False,False
301522,上大股份,v5_hydrated,/Users/xiwei/stock_research/outputs/research/tech_bottleneck_latent_standard_backfill_queue_v1/cninfo_primary_source_pdfs/301522_上大股份_2025-08-26_半年报_2025年半年度报告_1224570044.pdf,interim_report,2025年半年度报告,True,False,False
301522,上大股份,v5_hydrated,/Users/xiwei/stock_research/outputs/research/tech_bottleneck_latent_standard_backfill_queue_v1/cninfo_primary_source_pdfs/301522_上大股份_2026-04-29_年报_2025年年度报告_1225239838.pdf,annual_report,2025年年度报告,True,False,False
301522,上大股份,v5_hydrated,/Users/xiwei/stock_research/outputs/research/tech_bottleneck_latent_standard_backfill_queue_v1/cninfo_primary_source_pdfs/301522_上大股份_2026-07-02_日常经营_关于变更保荐机构及保荐代表人的公告_1225405068.pdf,announcement,关于变更保荐机构及保荐代表人的公告,True,False,False
301568,思泰克,v5_hydrated,/Users/xiwei/stock_research/outputs/research/tech_bottleneck_false_negative_rescue_primary_source_backfill_v1/cninfo_primary_source_pdfs/301568_思泰克_2025-08-28_半年报_2025年半年度报告_1224588809.pdf,interim_report,2025年半年度报告,True,False,False
301568,思泰克,v5_hydrated,/Users/xiwei/stock_research/outputs/research/tech_bottleneck_false_negative_rescue_primary_source_backfill_v1/cninfo_primary_source_pdfs/301568_思泰克_2026-03-20_年报_2025年年度报告_1225019406.pdf,annual_report,2025年年度报告,True,False,False
301568,思泰克,v5_hydrated,/Users/xiwei/stock_research/outputs/research/tech_bottleneck_false_negative_rescue_primary_source_backfill_v1/cninfo_primary_source_pdfs/301568_思泰克_2026-05-27_日常经营_关于更换持续督导保荐代表人的公告_1225333812.pdf,announcement,关于更换持续督导保荐代表人的公告,True,False,False
301571,国科天成,v5_hydrated,/Users/xiwei/stock_research/outputs/research/tech_bottleneck_latent_pending_primary_source_collection_v1/cninfo_primary_source_pdfs/301571_国科天成_2025-08-21_半年报_2025年半年度报告_1224526506.pdf,interim_report,2025年半年度报告,True,False,False
301571,国科天成,v5_hydrated,/Users/xiwei/stock_research/outputs/research/tech_bottleneck_latent_pending_primary_source_collection_v1/cninfo_primary_source_pdfs/301571_国科天成_2026-04-28_年报_2025年年度报告_1225206182.pdf,annual_report,2025年年度报告,True,False,False
301571,国科天成,v5_hydrated,/Users/xiwei/stock_research/outputs/research/tech_bottleneck_latent_pending_primary_source_collection_v1/cninfo_primary_source_pdfs/301571_国科天成_2026-07-03_日常经营_关于国科天成科技股份有限公司申请向不特定对象发行可转换公司债券的审核中心意见落实函中有关财务会计问题的专项说明_1225409184.pdf,announcement,关于国科天成科技股份有限公司申请向不特定对象发行可转换公司债券的审核中心意见落实函中有关财务会计问题的专项说明,True,False,False
301577,美信科技,v5_hydrated,/Users/xiwei/stock_research/outputs/research/tech_bottleneck_latent_standard_backfill_queue_v1/cninfo_primary_source_pdfs/301577_美信科技_2025-08-28_半年报_2025年半年度报告_1224589478.pdf,interim_report,2025年半年度报告,True,False,False
301577,美信科技,v5_hydrated,/Users/xiwei/stock_research/outputs/research/tech_bottleneck_latent_standard_backfill_queue_v1/cninfo_primary_source_pdfs/301577_美信科技_2026-04-25_年报_2025年年度报告_1225181900.pdf,annual_report,2025年年度报告,True,False,False
301577,美信科技,v5_hydrated,/Users/xiwei/stock_research/outputs/research/tech_bottleneck_latent_standard_backfill_queue_v1/cninfo_primary_source_pdfs/301577_美信科技_2026-06-10_日常经营_关于特定股东减持股份预披露公告_1225361520.pdf,announcement,关于特定股东减持股份预披露公告,True,False,False
301608,博实结,v7_proposal_new,/Users/xiwei/stock_research/outputs/research/tech_bottleneck_latent_manual_review_standard_collection_v1/cninfo_primary_source_pdfs/301608_博实结_2025-08-28_半年报_2025年半年度报告_1224594969.pdf,interim_report,2025年半年度报告,True,False,False
301608,博实结,v7_proposal_new,/Users/xiwei/stock_research/outputs/research/tech_bottleneck_latent_manual_review_standard_collection_v1/cninfo_primary_source_pdfs/301608_博实结_2026-04-21_年报_2025年年度报告_1225125036.pdf,annual_report,2025年年度报告,True,False,False
301608,博实结,v7_proposal_new,/Users/xiwei/stock_research/outputs/research/tech_bottleneck_latent_manual_review_standard_collection_v1/cninfo_primary_source_pdfs/301608_博实结_2026-06-02_日常经营_关于完成工商变更登记的公告_1225345243.pdf,announcement,关于完成工商变更登记的公告,True,False,False
301611,珂玛科技,v5_hydrated,/Users/xiwei/stock_research/outputs/research/tech_bottleneck_likely_core_36_primary_source_backfill_v1/cninfo_primary_source_pdfs/301611_珂玛科技_2025-08-26_半年报_2025年半年度报告_1224572135.pdf,interim_report,2025年半年度报告,True,False,False
301611,珂玛科技,v5_hydrated,/Users/xiwei/stock_research/outputs/research/tech_bottleneck_likely_core_36_primary_source_backfill_v1/cninfo_primary_source_pdfs/301611_珂玛科技_2026-04-28_年报_2025年年度报告_1225216551.pdf,annual_report,2025年年度报告,True,False,False
301611,珂玛科技,v5_hydrated,/Users/xiwei/stock_research/outputs/research/tech_bottleneck_likely_core_36_primary_source_backfill_v1/cninfo_primary_source_pdfs/301611_珂玛科技_2026-06-05_日常经营_关于为子公司提供担保的进展公告_1225353464.pdf,announcement,关于为子公司提供担保的进展公告,True,False,False
301628,强达电路,v5_hydrated,/Users/xiwei/stock_research/outputs/research/tech_bottleneck_latent_pending_primary_source_collection_v1/cninfo_primary_source_pdfs/301628_强达电路_2025-08-27_半年报_2025年半年度报告_1224576756.pdf,interim_report,2025年半年度报告,True,False,False
301628,强达电路,v5_hydrated,/Users/xiwei/stock_research/outputs/research/tech_bottleneck_latent_pending_primary_source_collection_v1/cninfo_primary_source_pdfs/301628_强达电路_2026-04-10_年报_2025年年度报告_1225088989.pdf,annual_report,2025年年度报告,True,False,False
301628,强达电路,v5_hydrated,/Users/xiwei/stock_research/outputs/research/tech_bottleneck_latent_pending_primary_source_collection_v1/cninfo_primary_source_pdfs/301628_强达电路_2026-06-02_日常经营_关于向不特定对象发行可转换公司债券的审核问询函回复及募集说明书等申请文件更新的提示性公告_1225344868.pdf,announcement,关于向不特定对象发行可转换公司债券的审核问询函回复及募集说明书等申请文件更新的提示性公告,True,False,False
600089,特变电工,v7_proposal_new,/Users/xiwei/stock_research/outputs/research/tech_bottleneck_latent_manual_review_standard_collection_v1/cninfo_primary_source_pdfs/600089_特变电工_2025-08-30_半年报_特变电工股份有限公司2025年半年度报告_1224627755.pdf,interim_report,特变电工股份有限公司2025年半年度报告,True,False,False
600089,特变电工,v7_proposal_new,/Users/xiwei/stock_research/outputs/research/tech_bottleneck_latent_manual_review_standard_collection_v1/cninfo_primary_source_pdfs/600089_特变电工_2026-04-16_年报_特变电工股份有限公司2025年年度报告_1225105816.pdf,annual_report,特变电工股份有限公司2025年年度报告,True,False,False
600089,特变电工,v7_proposal_new,/Users/xiwei/stock_research/outputs/research/tech_bottleneck_latent_manual_review_standard_collection_v1/cninfo_primary_source_pdfs/600089_特变电工_2026-06-18_日常经营_特变电工股份有限公司关于参加新疆辖区上市公司2026年投资者网上集体接待日活动的公告_1225375511.pdf,announcement,特变电工股份有限公司关于参加新疆辖区上市公司2026年投资者网上集体接待日活动的公告,True,False,False
600105,永鼎股份,v5_hydrated,/Users/xiwei/stock_research/outputs/research/tech_bottleneck_expansion_queue_primary_source_backfill_v1/cninfo_primary_source_pdfs/600105_永鼎股份_2025-08-26_半年报_永鼎股份2025年半年度报告_1224568250.pdf,interim_report,永鼎股份2025年半年度报告,True,False,False
600105,永鼎股份,v5_hydrated,/Users/xiwei/stock_research/outputs/research/tech_bottleneck_expansion_queue_primary_source_backfill_v1/cninfo_primary_source_pdfs/600105_永鼎股份_2026-04-21_年报_永鼎股份2025年年度报告_1225133679.pdf,annual_report,永鼎股份2025年年度报告,True,False,False
600105,永鼎股份,v5_hydrated,/Users/xiwei/stock_research/outputs/research/tech_bottleneck_expansion_queue_primary_source_backfill_v1/cninfo_primary_source_pdfs/600105_永鼎股份_2026-06-30_日常经营_永鼎股份关于控股股东部分股权解除质押及再质押的公告_1225395187.pdf,announcement,永鼎股份关于控股股东部分股权解除质押及再质押的公告,True,False,False
600183,生益科技,v5_hydrated,/Users/xiwei/stock_research/outputs/research/tech_bottleneck_remaining_primary_source_collection_v1/cninfo_primary_source_pdfs/600183_生益科技_2025-08-16_半年报_生益科技2025年半年度报告_1224499862.pdf,interim_report,生益科技2025年半年度报告,True,False,False
600183,生益科技,v5_hydrated,/Users/xiwei/stock_research/outputs/research/tech_bottleneck_remaining_primary_source_collection_v1/cninfo_primary_source_pdfs/600183_生益科技_2026-04-25_年报_生益科技2025年年度报告_1225195409.pdf,annual_report,生益科技2025年年度报告,True,False,False
600183,生益科技,v5_hydrated,/Users/xiwei/stock_research/outputs/research/tech_bottleneck_remaining_primary_source_collection_v1/cninfo_primary_source_pdfs/600183_生益科技_2026-06-12_日常经营_生益科技关于增加2026年度日常关联交易预计额度的公告_1225364510.pdf,announcement,生益科技关于增加2026年度日常关联交易预计额度的公告,True,False,False
600206,有研新材,v5_targeted_hydrated,/Users/xiwei/stock_research/data/manual/yanbaoke_reports_p1_remaining4_annual_20260618/2023-04-27-上交所-有研新材2022年年度报告_227页_2mb.pdf,local_pdf,2023-04-27-上交所-有研新材2022年年度报告_227页_2mb.pdf,True,False,False
600312,平高电气,v5_targeted_hydrated,/Users/xiwei/stock_research/outputs/research/data_to_brief_docling_90_stock_pdf_acquisition_v1/yanbaoke_pdfs/2024-08-29-上交所-平高电气2024年半年度报告_148页_3mb.pdf,local_pdf,2024-08-29-上交所-平高电气2024年半年度报告_148页_3mb.pdf,True,False,False
600353,旭光电子,v5_hydrated,/Users/xiwei/stock_research/outputs/research/tech_bottleneck_expansion_queue_primary_source_backfill_v1/cninfo_primary_source_pdfs/600353_旭光电子_2025-08-28_半年报_旭光电子2025年半年度报告_1224598776.pdf,interim_report,旭光电子2025年半年度报告,True,False,False
600353,旭光电子,v5_hydrated,/Users/xiwei/stock_research/outputs/research/tech_bottleneck_expansion_queue_primary_source_backfill_v1/cninfo_primary_source_pdfs/600353_旭光电子_2026-03-20_年报_旭光电子2025年年度报告_1225019284.pdf,annual_report,旭光电子2025年年度报告,True,False,False
600353,旭光电子,v5_hydrated,/Users/xiwei/stock_research/outputs/research/tech_bottleneck_expansion_queue_primary_source_backfill_v1/cninfo_primary_source_pdfs/600353_旭光电子_2026-04-30_日常经营_旭光电子关于延长第二期员工持股计划存续期的公告_1225259168.pdf,announcement,旭光电子关于延长第二期员工持股计划存续期的公告,True,False,False
600388,龙净环保,v5_hydrated,/Users/xiwei/stock_research/outputs/research/tech_bottleneck_latent_standard_backfill_queue_v1/cninfo_primary_source_pdfs/600388_龙净环保_2025-08-27_半年报_2025年半年度报告_1224579704.pdf,interim_report,2025年半年度报告,True,False,False
600388,龙净环保,v5_hydrated,/Users/xiwei/stock_research/outputs/research/tech_bottleneck_latent_standard_backfill_queue_v1/cninfo_primary_source_pdfs/600388_龙净环保_2026-03-21_年报_2025年年度报告_1225021555.pdf,annual_report,2025年年度报告,True,False,False
600388,龙净环保,v5_hydrated,/Users/xiwei/stock_research/outputs/research/tech_bottleneck_latent_standard_backfill_queue_v1/cninfo_primary_source_pdfs/600388_龙净环保_2026-07-07_日常经营_关于持股5%以上股东以专项贷款及自有资金增持公司股份计划的公告_1225411225.pdf,announcement,关于持股5%以上股东以专项贷款及自有资金增持公司股份计划的公告,True,False,False
600397,江钨装备,v5_hydrated,/Users/xiwei/stock_research/outputs/research/tech_bottleneck_false_negative_rescue_primary_source_backfill_v1/cninfo_primary_source_pdfs/600397_江钨装备_2025-08-22_半年报_安源煤业2025年半年度报告_1224536412.pdf,interim_report,安源煤业2025年半年度报告,True,False,False
600397,江钨装备,v5_hydrated,/Users/xiwei/stock_research/outputs/research/tech_bottleneck_false_negative_rescue_primary_source_backfill_v1/cninfo_primary_source_pdfs/600397_江钨装备_2026-04-20_年报_江钨装备2025年年度报告_1225123967.pdf,annual_report,江钨装备2025年年度报告,True,False,False
600397,江钨装备,v5_hydrated,/Users/xiwei/stock_research/outputs/research/tech_bottleneck_false_negative_rescue_primary_source_backfill_v1/cninfo_primary_source_pdfs/600397_江钨装备_2026-06-27_日常经营_江钨装备关于2026年度向特定对象发行A股股票事项获得江西省投资集团有限公司批复的公告_1225392247.pdf,announcement,江钨装备关于2026年度向特定对象发行A股股票事项获得江西省投资集团有限公司批复的公告,True,False,False
600406,国电南瑞,v5_hydrated,/Users/xiwei/stock_research/outputs/research/tech_bottleneck_latent_standard_backfill_queue_v1/cninfo_primary_source_pdfs/600406_国电南瑞_2025-08-28_半年报_国电南瑞2025年半年度报告_1224591220.pdf,interim_report,国电南瑞2025年半年度报告,True,False,False
600406,国电南瑞,v5_hydrated,/Users/xiwei/stock_research/outputs/research/tech_bottleneck_latent_standard_backfill_queue_v1/cninfo_primary_source_pdfs/600406_国电南瑞_2026-04-30_年报_国电南瑞2025年年度报告_1225257886.pdf,annual_report,国电南瑞2025年年度报告,True,False,False
600406,国电南瑞,v5_hydrated,/Users/xiwei/stock_research/outputs/research/tech_bottleneck_latent_standard_backfill_queue_v1/cninfo_primary_source_pdfs/600406_国电南瑞_2026-05-08_日常经营_国电南瑞关于参加国家电网有限公司控股上市公司2025年度暨2026年第一季度集体业绩说明会的公告_1225281290.pdf,announcement,国电南瑞关于参加国家电网有限公司控股上市公司2025年度暨2026年第一季度集体业绩说明会的公告,True,False,False
600446,金证股份,v5_hydrated,/Users/xiwei/stock_research/outputs/research/tech_bottleneck_latent_pending_primary_source_collection_v1/cninfo_primary_source_pdfs/600446_金证股份_2025-08-27_半年报_金证股份2025年半年度报告_1224581973.pdf,interim_report,金证股份2025年半年度报告,True,False,False
600446,金证股份,v5_hydrated,/Users/xiwei/stock_research/outputs/research/tech_bottleneck_latent_pending_primary_source_collection_v1/cninfo_primary_source_pdfs/600446_金证股份_2026-04-18_年报_金证股份2025年年度报告_1225120677.pdf,annual_report,金证股份2025年年度报告,True,False,False
600446,金证股份,v5_hydrated,/Users/xiwei/stock_research/outputs/research/tech_bottleneck_latent_pending_primary_source_collection_v1/cninfo_primary_source_pdfs/600446_金证股份_2026-06-30_日常经营_金证股份关于公司高级管理人员辞职的公告_1225395829.pdf,announcement,金证股份关于公司高级管理人员辞职的公告,True,False,False
600460,士兰微,v5_hydrated,/Users/xiwei/stock_research/outputs/research/tech_bottleneck_latent_pending_primary_source_collection_v1/cninfo_primary_source_pdfs/600460_士兰微_2025-08-23_半年报_杭州士兰微电子股份有限公司2025年半年度报告_1224559832.pdf,interim_report,杭州士兰微电子股份有限公司2025年半年度报告,True,False,False
600460,士兰微,v5_hydrated,/Users/xiwei/stock_research/outputs/research/tech_bottleneck_latent_pending_primary_source_collection_v1/cninfo_primary_source_pdfs/600460_士兰微_2026-04-25_年报_杭州士兰微电子股份有限公司2025年年度报告_1225189603.pdf,annual_report,杭州士兰微电子股份有限公司2025年年度报告,True,False,False
600460,士兰微,v5_hydrated,/Users/xiwei/stock_research/outputs/research/tech_bottleneck_latent_pending_primary_source_collection_v1/cninfo_primary_source_pdfs/600460_士兰微_2026-06-13_日常经营_杭州士兰微电子股份有限公司对外投资进展公告_1225366800.pdf,announcement,杭州士兰微电子股份有限公司对外投资进展公告,True,False,False
600499,科达制造,v5_hydrated,/Users/xiwei/stock_research/outputs/research/tech_bottleneck_false_negative_rescue_primary_source_backfill_v1/cninfo_primary_source_pdfs/600499_科达制造_2025-08-26_半年报_科达制造股份有限公司2025年半年度报告_1224568434.pdf,interim_report,科达制造股份有限公司2025年半年度报告,True,False,False
600499,科达制造,v5_hydrated,/Users/xiwei/stock_research/outputs/research/tech_bottleneck_false_negative_rescue_primary_source_backfill_v1/cninfo_primary_source_pdfs/600499_科达制造_2026-03-28_年报_科达制造股份有限公司2025年年度报告_1225046387.pdf,annual_report,科达制造股份有限公司2025年年度报告,True,False,False
600499,科达制造,v5_hydrated,/Users/xiwei/stock_research/outputs/research/tech_bottleneck_false_negative_rescue_primary_source_backfill_v1/cninfo_primary_source_pdfs/600499_科达制造_2026-06-30_日常经营_科达制造股份有限公司关于涉及诉讼的进展公告_1225395220.pdf,announcement,科达制造股份有限公司关于涉及诉讼的进展公告,True,False,False
600523,贵航股份,v5_hydrated,/Users/xiwei/stock_research/outputs/research/tech_bottleneck_latent_standard_backfill_queue_v1/cninfo_primary_source_pdfs/600523_贵航股份_2025-08-27_半年报_贵航股份2025年半年度报告_1224583345.pdf,interim_report,贵航股份2025年半年度报告,True,False,False
600523,贵航股份,v5_hydrated,/Users/xiwei/stock_research/outputs/research/tech_bottleneck_latent_standard_backfill_queue_v1/cninfo_primary_source_pdfs/600523_贵航股份_2026-03-14_年报_2025年年度报告_1225010097.pdf,annual_report,2025年年度报告,True,False,False
600523,贵航股份,v5_hydrated,/Users/xiwei/stock_research/outputs/research/tech_bottleneck_latent_standard_backfill_queue_v1/cninfo_primary_source_pdfs/600523_贵航股份_2026-06-16_日常经营_关于贵阳分公司完成工商登记的公告_1225370391.pdf,announcement,关于贵阳分公司完成工商登记的公告,True,False,False
600536,中国软件,v5_hydrated,/Users/xiwei/stock_research/outputs/research/tech_bottleneck_latent_pending_primary_source_collection_v1/cninfo_primary_source_pdfs/600536_中国软件_2025-08-28_半年报_中国软件2025年半年度报告_1224592242.pdf,interim_report,中国软件2025年半年度报告,True,False,False
600536,中国软件,v5_hydrated,/Users/xiwei/stock_research/outputs/research/tech_bottleneck_latent_pending_primary_source_collection_v1/cninfo_primary_source_pdfs/600536_中国软件_2026-04-24_年报_中国软件2025年年度报告_1225168280.pdf,annual_report,中国软件2025年年度报告,True,False,False
600536,中国软件,v5_hydrated,/Users/xiwei/stock_research/outputs/research/tech_bottleneck_latent_pending_primary_source_collection_v1/cninfo_primary_source_pdfs/600536_中国软件_2026-07-01_日常经营_中国软件关于使用部分暂时闲置募集资金进行现金管理到期赎回的公告_1225399243.pdf,announcement,中国软件关于使用部分暂时闲置募集资金进行现金管理到期赎回的公告,True,False,False
600545,卓郎智能,v5_hydrated,/Users/xiwei/stock_research/outputs/research/tech_bottleneck_false_negative_rescue_primary_source_backfill_v1/cninfo_primary_source_pdfs/600545_卓郎智能_2025-08-26_半年报_2025年半年度报告_1224569403.pdf,interim_report,2025年半年度报告,True,False,False
600545,卓郎智能,v5_hydrated,/Users/xiwei/stock_research/outputs/research/tech_bottleneck_false_negative_rescue_primary_source_backfill_v1/cninfo_primary_source_pdfs/600545_卓郎智能_2026-04-29_年报_2025年年度报告_1225250205.pdf,annual_report,2025年年度报告,True,False,False
600545,卓郎智能,v5_hydrated,/Users/xiwei/stock_research/outputs/research/tech_bottleneck_false_negative_rescue_primary_source_backfill_v1/cninfo_primary_source_pdfs/600545_卓郎智能_2026-06-16_日常经营_关于参加2026年新疆辖区上市公司投资者网上集体接待日活动暨召开2025年度和2026年第一季度业绩说明会的公告_1225371473.pdf,announcement,关于参加2026年新疆辖区上市公司投资者网上集体接待日活动暨召开2025年度和2026年第一季度业绩说明会的公告,True,False,False
600552,凯盛科技,v5_hydrated,/Users/xiwei/stock_research/outputs/research/tech_bottleneck_data_gap_primary_source_backfill_v1/cninfo_primary_source_pdfs/600552_凯盛科技_2025-08-30_半年报_凯盛科技股份有限公司2025年半年度报告_1224627291.pdf,interim_report,凯盛科技股份有限公司2025年半年度报告,True,False,False
600552,凯盛科技,v5_hydrated,/Users/xiwei/stock_research/outputs/research/tech_bottleneck_data_gap_primary_source_backfill_v1/cninfo_primary_source_pdfs/600552_凯盛科技_2026-03-31_年报_凯盛科技股份有限公司2025年年度报告_1225061795.pdf,annual_report,凯盛科技股份有限公司2025年年度报告,True,False,False
600552,凯盛科技,v5_hydrated,/Users/xiwei/stock_research/outputs/research/tech_bottleneck_data_gap_primary_source_backfill_v1/cninfo_primary_source_pdfs/600552_凯盛科技_2026-06-04_日常经营_凯盛科技股份有限公司关于补缴税款的公告_1225348169.pdf,announcement,凯盛科技股份有限公司关于补缴税款的公告,True,False,False
600562,国睿科技,v5_hydrated,/Users/xiwei/stock_research/outputs/research/tech_bottleneck_latent_pending_primary_source_collection_v1/cninfo_primary_source_pdfs/600562_国睿科技_2025-08-27_半年报_国睿科技2025年半年度报告_1224576216.pdf,interim_report,国睿科技2025年半年度报告,True,False,False
600562,国睿科技,v5_hydrated,/Users/xiwei/stock_research/outputs/research/tech_bottleneck_latent_pending_primary_source_collection_v1/cninfo_primary_source_pdfs/600562_国睿科技_2026-04-23_年报_国睿科技股份有限公司2025年年度报告_1225144548.pdf,annual_report,国睿科技股份有限公司2025年年度报告,True,False,False
600562,国睿科技,v5_hydrated,/Users/xiwei/stock_research/outputs/research/tech_bottleneck_latent_pending_primary_source_collection_v1/cninfo_primary_source_pdfs/600562_国睿科技_2026-04-23_日常经营_国睿科技股份有限公司2025年度“提质增效重回报”专项行动评估报告_1225144695.pdf,announcement,国睿科技股份有限公司2025年度“提质增效重回报”专项行动评估报告,True,False,False
600563,法拉电子,v5_hydrated,/Users/xiwei/stock_research/outputs/research/tech_bottleneck_likely_core_36_primary_source_backfill_v1/cninfo_primary_source_pdfs/600563_法拉电子_2025-08-16_半年报_法拉电子2025年半年度报告_1224499656.pdf,interim_report,法拉电子2025年半年度报告,True,False,False
600563,法拉电子,v5_hydrated,/Users/xiwei/stock_research/outputs/research/tech_bottleneck_likely_core_36_primary_source_backfill_v1/cninfo_primary_source_pdfs/600563_法拉电子_2026-03-28_年报_法拉电子2025年年度报告_1225040778.pdf,annual_report,法拉电子2025年年度报告,True,False,False
600563,法拉电子,v5_hydrated,/Users/xiwei/stock_research/outputs/research/tech_bottleneck_likely_core_36_primary_source_backfill_v1/cninfo_primary_source_pdfs/600563_法拉电子_2026-05-13_日常经营_法拉电子关于参加沪市主板新质领航之电子与通信行业2025年度集体业绩说明会的公告_1225300336.pdf,announcement,法拉电子关于参加沪市主板新质领航之电子与通信行业2025年度集体业绩说明会的公告,True,False,False
600595,中孚实业,v5_hydrated,/Users/xiwei/stock_research/outputs/research/tech_bottleneck_expansion_queue_primary_source_backfill_v1/cninfo_primary_source_pdfs/600595_中孚实业_2025-08-28_半年报_河南中孚实业股份有限公司2025年半年度报告_1224587566.pdf,interim_report,河南中孚实业股份有限公司2025年半年度报告,True,False,False
600595,中孚实业,v5_hydrated,/Users/xiwei/stock_research/outputs/research/tech_bottleneck_expansion_queue_primary_source_backfill_v1/cninfo_primary_source_pdfs/600595_中孚实业_2026-04-22_年报_河南中孚实业股份有限公司2025年年度报告_1225140378.pdf,annual_report,河南中孚实业股份有限公司2025年年度报告,True,False,False
600595,中孚实业,v5_hydrated,/Users/xiwei/stock_research/outputs/research/tech_bottleneck_expansion_queue_primary_source_backfill_v1/cninfo_primary_source_pdfs/600595_中孚实业_2026-06-26_日常经营_河南中孚实业股份有限公司关于全资二级子公司新增项目投资的公告_1225387926.pdf,announcement,河南中孚实业股份有限公司关于全资二级子公司新增项目投资的公告,True,False,False
600601,方正科技,v5_hydrated,/Users/xiwei/stock_research/outputs/research/tech_bottleneck_expansion_queue_primary_source_backfill_v1/cninfo_primary_source_pdfs/600601_方正科技_2025-08-29_半年报_方正科技2025年半年度报告_1224609935.pdf,interim_report,方正科技2025年半年度报告,True,False,False
600601,方正科技,v5_hydrated,/Users/xiwei/stock_research/outputs/research/tech_bottleneck_expansion_queue_primary_source_backfill_v1/cninfo_primary_source_pdfs/600601_方正科技_2026-04-09_年报_方正科技2025年年度报告_1225086146.pdf,annual_report,方正科技2025年年度报告,True,False,False
600601,方正科技,v5_hydrated,/Users/xiwei/stock_research/outputs/research/tech_bottleneck_expansion_queue_primary_source_backfill_v1/cninfo_primary_source_pdfs/600601_方正科技_2026-05-30_日常经营_方正科技关于变更公司网址和投资者联系邮箱的公告_1225337682.pdf,announcement,方正科技关于变更公司网址和投资者联系邮箱的公告,True,False,False
600673,东阳光,v5_hydrated,/Users/xiwei/stock_research/outputs/research/tech_bottleneck_expansion_queue_primary_source_backfill_v1/cninfo_primary_source_pdfs/600673_东阳光_2025-08-15_半年报_东阳光2025年半年度报告_1224487815.pdf,interim_report,东阳光2025年半年度报告,True,False,False
600673,东阳光,v5_hydrated,/Users/xiwei/stock_research/outputs/research/tech_bottleneck_expansion_queue_primary_source_backfill_v1/cninfo_primary_source_pdfs/600673_东阳光_2026-04-10_年报_东阳光2025年年度报告_1225090784.pdf,annual_report,东阳光2025年年度报告,True,False,False
600673,东阳光,v5_hydrated,/Users/xiwei/stock_research/outputs/research/tech_bottleneck_expansion_queue_primary_source_backfill_v1/cninfo_primary_source_pdfs/600673_东阳光_2026-06-25_日常经营_东阳光关于新增2026年度对外担保对象的公告_1225385853.pdf,announcement,东阳光关于新增2026年度对外担保对象的公告,True,False,False
600699,XD均胜电,v7_proposal_new,/Users/xiwei/stock_research/outputs/research/tech_bottleneck_latent_manual_review_standard_collection_v1/cninfo_primary_source_pdfs/600699_XD均胜电_2025-08-26_半年报_均胜电子2025年半年度报告_1224568692.pdf,interim_report,均胜电子2025年半年度报告,True,False,False
600699,XD均胜电,v7_proposal_new,/Users/xiwei/stock_research/outputs/research/tech_bottleneck_latent_manual_review_standard_collection_v1/cninfo_primary_source_pdfs/600699_XD均胜电_2026-03-31_年报_均胜电子2025年年度报告_1225056227.pdf,annual_report,均胜电子2025年年度报告,True,False,False
600699,XD均胜电,v7_proposal_new,/Users/xiwei/stock_research/outputs/research/tech_bottleneck_latent_manual_review_standard_collection_v1/cninfo_primary_source_pdfs/600699_XD均胜电_2026-07-08_日常经营_H股公告（截至2026年6月30日止之股份发行人的证券变动月报表）_1225413643.pdf,announcement,H股公告（截至2026年6月30日止之股份发行人的证券变动月报表）,True,False,False
600761,XD安徽合,v7_proposal_new,/Users/xiwei/stock_research/outputs/research/tech_bottleneck_latent_manual_review_standard_collection_v1/cninfo_primary_source_pdfs/600761_XD安徽合_2025-08-26_半年报_安徽合力股份有限公司2025年半年度报告_1224570352.pdf,interim_report,安徽合力股份有限公司2025年半年度报告,True,False,False
600761,XD安徽合,v7_proposal_new,/Users/xiwei/stock_research/outputs/research/tech_bottleneck_latent_manual_review_standard_collection_v1/cninfo_primary_source_pdfs/600761_XD安徽合_2026-03-31_年报_安徽合力股份有限公司2025年年度报告_1225055907.pdf,annual_report,安徽合力股份有限公司2025年年度报告,True,False,False
600761,XD安徽合,v7_proposal_new,/Users/xiwei/stock_research/outputs/research/tech_bottleneck_latent_manual_review_standard_collection_v1/cninfo_primary_source_pdfs/600761_XD安徽合_2026-06-30_日常经营_安徽合力股份有限公司关于境外子公司变更记账本位币的公告_1225394095.pdf,announcement,安徽合力股份有限公司关于境外子公司变更记账本位币的公告,True,False,False
600764,中国海防,v7_proposal_new,/Users/xiwei/stock_research/outputs/research/tech_bottleneck_latent_manual_review_collection_batch1_v1/cninfo_primary_source_pdfs/600764_中国海防_2025-08-29_半年报_中国海防2025年半年度报告_1224603394.pdf,interim_report,中国海防2025年半年度报告,True,False,False
600764,中国海防,v7_proposal_new,/Users/xiwei/stock_research/outputs/research/tech_bottleneck_latent_manual_review_collection_batch1_v1/cninfo_primary_source_pdfs/600764_中国海防_2026-04-30_年报_中国海防2025年年度报告_1225256098.pdf,annual_report,中国海防2025年年度报告,True,False,False
600764,中国海防,v7_proposal_new,/Users/xiwei/stock_research/outputs/research/tech_bottleneck_latent_manual_review_collection_batch1_v1/cninfo_primary_source_pdfs/600764_中国海防_2026-07-01_日常经营_中国海防关于归还暂时性补充流动资金的募集资金的公告_1225398539.pdf,announcement,中国海防关于归还暂时性补充流动资金的募集资金的公告,True,False,False
600845,宝信软件,v5_hydrated,/Users/xiwei/stock_research/outputs/research/tech_bottleneck_latent_pending_primary_source_collection_v1/cninfo_primary_source_pdfs/600845_宝信软件_2025-08-19_半年报_2025年半年度报告_1224502196.pdf,interim_report,2025年半年度报告,True,False,False
600845,宝信软件,v5_hydrated,/Users/xiwei/stock_research/outputs/research/tech_bottleneck_latent_pending_primary_source_collection_v1/cninfo_primary_source_pdfs/600845_宝信软件_2026-03-31_年报_2025年度报告全文_1225056199.pdf,annual_report,2025年度报告全文,True,False,False
600845,宝信软件,v5_hydrated,/Users/xiwei/stock_research/outputs/research/tech_bottleneck_latent_pending_primary_source_collection_v1/cninfo_primary_source_pdfs/600845_宝信软件_2026-06-11_日常经营_2026年度董事、高级管理人员薪酬方案_1225364038.pdf,announcement,2026年度董事、高级管理人员薪酬方案,True,False,False
600855,航天长峰,v5_hydrated,/Users/xiwei/stock_research/outputs/research/tech_bottleneck_remaining_primary_source_collection_v1/cninfo_primary_source_pdfs/600855_航天长峰_2025-08-26_半年报_北京航天长峰股份有限公司2025年半年度报告_1224567248.pdf,interim_report,北京航天长峰股份有限公司2025年半年度报告,True,False,False
600855,航天长峰,v5_hydrated,/Users/xiwei/stock_research/outputs/research/tech_bottleneck_remaining_primary_source_collection_v1/cninfo_primary_source_pdfs/600855_航天长峰_2026-04-10_年报_北京航天长峰股份有限公司2025年年度报告_1225088176.pdf,annual_report,北京航天长峰股份有限公司2025年年度报告,True,False,False
600855,航天长峰,v5_hydrated,/Users/xiwei/stock_research/outputs/research/tech_bottleneck_remaining_primary_source_collection_v1/cninfo_primary_source_pdfs/600855_航天长峰_2026-07-01_日常经营_北京航天长峰股份有限公司换届选举公告_1225400865.pdf,announcement,北京航天长峰股份有限公司换届选举公告,True,False,False
600884,杉杉股份,v5_hydrated,/Users/xiwei/stock_research/outputs/research/tech_bottleneck_latent_standard_backfill_queue_v1/cninfo_primary_source_pdfs/600884_杉杉股份_2025-08-30_半年报_杉杉股份2025年半年度报告_1224621446.pdf,interim_report,杉杉股份2025年半年度报告,True,False,False
600884,杉杉股份,v5_hydrated,/Users/xiwei/stock_research/outputs/research/tech_bottleneck_latent_standard_backfill_queue_v1/cninfo_primary_source_pdfs/600884_杉杉股份_2026-04-30_年报_杉杉股份2025年年度报告_1225263241.pdf,annual_report,杉杉股份2025年年度报告,True,False,False
600884,杉杉股份,v5_hydrated,/Users/xiwei/stock_research/outputs/research/tech_bottleneck_latent_standard_backfill_queue_v1/cninfo_primary_source_pdfs/600884_杉杉股份_2026-07-03_日常经营_杉杉股份独立董事提名人和候选人声明与承诺_1225407005.pdf,announcement,杉杉股份独立董事提名人和候选人声明与承诺,True,False,False
601012,隆基绿能,v7_proposal_new,/Users/xiwei/stock_research/outputs/research/tech_bottleneck_latent_manual_review_standard_collection_v1/cninfo_primary_source_pdfs/601012_隆基绿能_2025-08-23_半年报_2025年半年度报告_1224562068.pdf,interim_report,2025年半年度报告,True,False,False
601012,隆基绿能,v7_proposal_new,/Users/xiwei/stock_research/outputs/research/tech_bottleneck_latent_manual_review_standard_collection_v1/cninfo_primary_source_pdfs/601012_隆基绿能_2026-04-29_年报_2025年年度报告_1225251647.pdf,annual_report,2025年年度报告,True,False,False
601012,隆基绿能,v7_proposal_new,/Users/xiwei/stock_research/outputs/research/tech_bottleneck_latent_manual_review_standard_collection_v1/cninfo_primary_source_pdfs/601012_隆基绿能_2026-07-03_日常经营_关于提供担保的进展公告_1225407027.pdf,announcement,关于提供担保的进展公告,True,False,False
601231,环旭电子,v5_hydrated,/Users/xiwei/stock_research/outputs/research/tech_bottleneck_latent_pending_primary_source_collection_v1/cninfo_primary_source_pdfs/601231_环旭电子_2025-08-27_半年报_2025年半年度报告_1224580994.pdf,interim_report,2025年半年度报告,True,False,False
601231,环旭电子,v5_hydrated,/Users/xiwei/stock_research/outputs/research/tech_bottleneck_latent_pending_primary_source_collection_v1/cninfo_primary_source_pdfs/601231_环旭电子_2026-04-21_年报_2025年年度报告（英文版）_1225124691.pdf,annual_report,2025年年度报告（英文版）,True,False,False
601231,环旭电子,v5_hydrated,/Users/xiwei/stock_research/outputs/research/tech_bottleneck_latent_pending_primary_source_collection_v1/cninfo_primary_source_pdfs/601231_环旭电子_2026-06-09_日常经营_2026年5月营业收入简报_1225358292.pdf,announcement,2026年5月营业收入简报,True,False,False
601609,金田股份,v5_hydrated,/Users/xiwei/stock_research/outputs/research/tech_bottleneck_data_gap_primary_source_backfill_v1/cninfo_primary_source_pdfs/601609_金田股份_2025-08-19_半年报_2025年半年度报告_1224502189.pdf,interim_report,2025年半年度报告,True,False,False
601609,金田股份,v5_hydrated,/Users/xiwei/stock_research/outputs/research/tech_bottleneck_data_gap_primary_source_backfill_v1/cninfo_primary_source_pdfs/601609_金田股份_2026-04-24_年报_金田股份2025年年度报告_1225158123.pdf,annual_report,金田股份2025年年度报告,True,False,False
601609,金田股份,v5_hydrated,/Users/xiwei/stock_research/outputs/research/tech_bottleneck_data_gap_primary_source_backfill_v1/cninfo_primary_source_pdfs/601609_金田股份_2026-06-13_日常经营_金田股份关于归还临时补充流动资金的募集资金的公告_1225366564.pdf,announcement,金田股份关于归还临时补充流动资金的募集资金的公告,True,False,False
601689,拓普集团,v5_hydrated,/Users/xiwei/stock_research/outputs/research/tech_bottleneck_likely_core_36_primary_source_backfill_v1/cninfo_primary_source_pdfs/601689_拓普集团_2025-08-29_半年报_拓普集团2025年半年度报告_1224610322.pdf,interim_report,拓普集团2025年半年度报告,True,False,False
601689,拓普集团,v5_hydrated,/Users/xiwei/stock_research/outputs/research/tech_bottleneck_likely_core_36_primary_source_backfill_v1/cninfo_primary_source_pdfs/601689_拓普集团_2026-03-24_年报_拓普集团2025年年度报告_1225026446.pdf,annual_report,拓普集团2025年年度报告,True,False,False
601689,拓普集团,v5_hydrated,/Users/xiwei/stock_research/outputs/research/tech_bottleneck_likely_core_36_primary_source_backfill_v1/cninfo_primary_source_pdfs/601689_拓普集团_2026-07-01_日常经营_拓普集团关于闲置募集资金现金管理到期赎回的公告_1225399662.pdf,announcement,拓普集团关于闲置募集资金现金管理到期赎回的公告,True,False,False
601877,正泰电器,v5_hydrated,/Users/xiwei/stock_research/outputs/research/tech_bottleneck_likely_core_36_primary_source_backfill_v1/cninfo_primary_source_pdfs/601877_正泰电器_2025-08-28_半年报_正泰电器2025年半年度报告_1224586923.pdf,interim_report,正泰电器2025年半年度报告,True,False,False
601877,正泰电器,v5_hydrated,/Users/xiwei/stock_research/outputs/research/tech_bottleneck_likely_core_36_primary_source_backfill_v1/cninfo_primary_source_pdfs/601877_正泰电器_2026-04-16_年报_正泰电器2025年年度报告_1225105296.pdf,annual_report,正泰电器2025年年度报告,True,False,False
601877,正泰电器,v5_hydrated,/Users/xiwei/stock_research/outputs/research/tech_bottleneck_likely_core_36_primary_source_backfill_v1/cninfo_primary_source_pdfs/601877_正泰电器_2026-06-24_日常经营_正泰电器关于参与竞拍控股子公司股权的公告_1225382588.pdf,announcement,正泰电器关于参与竞拍控股子公司股权的公告,True,False,False
603019,中科曙光,v7_proposal_new,/Users/xiwei/stock_research/outputs/research/tech_bottleneck_latent_manual_review_collection_batch1_v1/cninfo_primary_source_pdfs/603019_中科曙光_2025-08-29_半年报_中科曙光2025年半年度报告_1224607447.pdf,interim_report,中科曙光2025年半年度报告,True,False,False
603019,中科曙光,v7_proposal_new,/Users/xiwei/stock_research/outputs/research/tech_bottleneck_latent_manual_review_collection_batch1_v1/cninfo_primary_source_pdfs/603019_中科曙光_2026-04-15_年报_中科曙光2025年年度报告_1225104539.pdf,annual_report,中科曙光2025年年度报告,True,False,False
603019,中科曙光,v7_proposal_new,/Users/xiwei/stock_research/outputs/research/tech_bottleneck_latent_manual_review_collection_batch1_v1/cninfo_primary_source_pdfs/603019_中科曙光_2026-05-07_日常经营_中科曙光关于向不特定对象发行可转换公司债券审核问询函回复的提示性公告_1225280512.pdf,announcement,中科曙光关于向不特定对象发行可转换公司债券审核问询函回复的提示性公告,True,False,False
603032,德新科技,v5_hydrated,/Users/xiwei/stock_research/outputs/research/tech_bottleneck_false_negative_rescue_primary_source_backfill_v1/cninfo_primary_source_pdfs/603032_德新科技_2025-08-23_半年报_德力西新能源科技股份有限公司2025年半年度报告全文_1224557971.pdf,interim_report,德力西新能源科技股份有限公司2025年半年度报告全文,True,False,False
603032,德新科技,v5_hydrated,/Users/xiwei/stock_research/outputs/research/tech_bottleneck_false_negative_rescue_primary_source_backfill_v1/cninfo_primary_source_pdfs/603032_德新科技_2026-04-14_年报_德力西新能源科技股份有限公司2025年年度报告_1225098025.pdf,annual_report,德力西新能源科技股份有限公司2025年年度报告,True,False,False
603032,德新科技,v5_hydrated,/Users/xiwei/stock_research/outputs/research/tech_bottleneck_false_negative_rescue_primary_source_backfill_v1/cninfo_primary_source_pdfs/603032_德新科技_2026-06-19_日常经营_德力西新能源科技股份有限公司关于参加新疆辖区上市公司2026年投资者网上集体接待日活动的公告_1225377809.pdf,announcement,德力西新能源科技股份有限公司关于参加新疆辖区上市公司2026年投资者网上集体接待日活动的公告,True,False,False
603052,可川科技,v5_hydrated,/Users/xiwei/stock_research/outputs/research/tech_bottleneck_data_gap_primary_source_backfill_v1/cninfo_primary_source_pdfs/603052_可川科技_2025-08-28_半年报_2025年半年度报告_1224593661.pdf,interim_report,2025年半年度报告,True,False,False
603052,可川科技,v5_hydrated,/Users/xiwei/stock_research/outputs/research/tech_bottleneck_data_gap_primary_source_backfill_v1/cninfo_primary_source_pdfs/603052_可川科技_2026-04-30_年报_2025年年度报告_1225259559.pdf,annual_report,2025年年度报告,True,False,False
603052,可川科技,v5_hydrated,/Users/xiwei/stock_research/outputs/research/tech_bottleneck_data_gap_primary_source_backfill_v1/cninfo_primary_source_pdfs/603052_可川科技_2026-04-30_日常经营_2025年度募集资金存放与使用情况的专项报告_1225259628.pdf,announcement,2025年度募集资金存放与使用情况的专项报告,True,False,False
603061,金海通,v5_hydrated,/Users/xiwei/stock_research/outputs/research/tech_bottleneck_false_negative_rescue_primary_source_backfill_v1/cninfo_primary_source_pdfs/603061_金海通_2025-08-29_半年报_2025年半年度报告_1224610890.pdf,interim_report,2025年半年度报告,True,False,False
603061,金海通,v5_hydrated,/Users/xiwei/stock_research/outputs/research/tech_bottleneck_false_negative_rescue_primary_source_backfill_v1/cninfo_primary_source_pdfs/603061_金海通_2026-03-11_年报_2025年年度报告_1225004246.pdf,annual_report,2025年年度报告,True,False,False
603061,金海通,v5_hydrated,/Users/xiwei/stock_research/outputs/research/tech_bottleneck_false_negative_rescue_primary_source_backfill_v1/cninfo_primary_source_pdfs/603061_金海通_2026-06-24_日常经营_关于增加2026年度日常关联交易预计额度的公告_1225382527.pdf,announcement,关于增加2026年度日常关联交易预计额度的公告,True,False,False
603067,振华股份,v5_targeted_hydrated,/Users/xiwei/stock_research/outputs/research/data_to_brief_docling_90_stock_pdf_acquisition_v1/yanbaoke_pdfs/2024-08-13-上交所-振华股份2024年半年度报告_162页_3mb.pdf,local_pdf,2024-08-13-上交所-振华股份2024年半年度报告_162页_3mb.pdf,True,False,False
603078,江化微,v5_hydrated,/Users/xiwei/stock_research/outputs/research/tech_bottleneck_likely_core_36_primary_source_backfill_v1/cninfo_primary_source_pdfs/603078_江化微_2025-08-23_半年报_江阴江化微电子材料股份有限公司2025年半年度报告_1224557601.pdf,interim_report,江阴江化微电子材料股份有限公司2025年半年度报告,True,False,False
603078,江化微,v5_hydrated,/Users/xiwei/stock_research/outputs/research/tech_bottleneck_likely_core_36_primary_source_backfill_v1/cninfo_primary_source_pdfs/603078_江化微_2026-04-25_年报_江阴江化微电子材料股份有限公司2025年年度报告_1225176561.pdf,annual_report,江阴江化微电子材料股份有限公司2025年年度报告,True,False,False
603078,江化微,v5_hydrated,/Users/xiwei/stock_research/outputs/research/tech_bottleneck_likely_core_36_primary_source_backfill_v1/cninfo_primary_source_pdfs/603078_江化微_2026-06-25_日常经营_江阴江化微电子材料股份有限公司关于为子公司提供担保的进展公告_1225384997.pdf,announcement,江阴江化微电子材料股份有限公司关于为子公司提供担保的进展公告,True,False,False
603100,川仪股份,v7_proposal_new,/Users/xiwei/stock_research/outputs/research/tech_bottleneck_latent_manual_review_collection_batch1_v1/cninfo_primary_source_pdfs/603100_川仪股份_2025-08-22_半年报_川仪股份2025年半年度报告_1224531779.pdf,interim_report,川仪股份2025年半年度报告,True,False,False
603100,川仪股份,v7_proposal_new,/Users/xiwei/stock_research/outputs/research/tech_bottleneck_latent_manual_review_collection_batch1_v1/cninfo_primary_source_pdfs/603100_川仪股份_2026-04-17_年报_川仪股份2025年年度报告_1225114573.pdf,annual_report,川仪股份2025年年度报告,True,False,False
603100,川仪股份,v7_proposal_new,/Users/xiwei/stock_research/outputs/research/tech_bottleneck_latent_manual_review_collection_batch1_v1/cninfo_primary_source_pdfs/603100_川仪股份_2026-06-19_日常经营_川仪股份关于召开2025年年度暨2026年第一季度业绩说明会的公告_1225377485.pdf,announcement,川仪股份关于召开2025年年度暨2026年第一季度业绩说明会的公告,True,False,False
603138,海量数据,v5_hydrated,/Users/xiwei/stock_research/outputs/research/tech_bottleneck_latent_pending_primary_source_collection_v1/cninfo_primary_source_pdfs/603138_海量数据_2025-08-21_半年报_海量数据2025年半年度报告_1224524845.pdf,interim_report,海量数据2025年半年度报告,True,False,False
603138,海量数据,v5_hydrated,/Users/xiwei/stock_research/outputs/research/tech_bottleneck_latent_pending_primary_source_collection_v1/cninfo_primary_source_pdfs/603138_海量数据_2026-04-17_年报_海量数据2025年年度报告_1225113727.pdf,annual_report,海量数据2025年年度报告,True,False,False
603138,海量数据,v5_hydrated,/Users/xiwei/stock_research/outputs/research/tech_bottleneck_latent_pending_primary_source_collection_v1/cninfo_primary_source_pdfs/603138_海量数据_2026-06-17_日常经营_海量数据关于募集资金专户注销完成的公告_1225374732.pdf,announcement,海量数据关于募集资金专户注销完成的公告,True,False,False
603200,上海洗霸,v5_hydrated,/Users/xiwei/stock_research/outputs/research/tech_bottleneck_remaining_primary_source_collection_v1/cninfo_primary_source_pdfs/603200_上海洗霸_2025-08-28_半年报_上海洗霸科技股份有限公司2025年半年度报告_1224598487.pdf,interim_report,上海洗霸科技股份有限公司2025年半年度报告,True,False,False
603200,上海洗霸,v5_hydrated,/Users/xiwei/stock_research/outputs/research/tech_bottleneck_remaining_primary_source_collection_v1/cninfo_primary_source_pdfs/603200_上海洗霸_2026-04-29_年报_上海洗霸科技股份有限公司2025年年度报告_1225227232.pdf,annual_report,上海洗霸科技股份有限公司2025年年度报告,True,False,False
603200,上海洗霸,v5_hydrated,/Users/xiwei/stock_research/outputs/research/tech_bottleneck_remaining_primary_source_collection_v1/cninfo_primary_source_pdfs/603200_上海洗霸_2026-06-17_日常经营_上海洗霸科技股份有限公司关于完成工商变更登记的公告_1225373234.pdf,announcement,上海洗霸科技股份有限公司关于完成工商变更登记的公告,True,False,False
603203,快克智能,v5_hydrated,/Users/xiwei/stock_research/outputs/research/tech_bottleneck_expansion_queue_primary_source_backfill_v1/cninfo_primary_source_pdfs/603203_快克智能_2025-08-30_半年报_快克智能2025年半年度报告_1224621728.pdf,interim_report,快克智能2025年半年度报告,True,False,False
603203,快克智能,v5_hydrated,/Users/xiwei/stock_research/outputs/research/tech_bottleneck_expansion_queue_primary_source_backfill_v1/cninfo_primary_source_pdfs/603203_快克智能_2026-04-24_年报_快克智能2025年年度报告_1225173150.pdf,annual_report,快克智能2025年年度报告,True,False,False
603203,快克智能,v5_hydrated,/Users/xiwei/stock_research/outputs/research/tech_bottleneck_expansion_queue_primary_source_backfill_v1/cninfo_primary_source_pdfs/603203_快克智能_2026-04-24_日常经营_快克智能关于向银行申请综合授信额度的公告_1225173190.pdf,announcement,快克智能关于向银行申请综合授信额度的公告,True,False,False
603283,赛腾股份,v5_hydrated,/Users/xiwei/stock_research/outputs/research/tech_bottleneck_latent_pending_primary_source_collection_v1/cninfo_primary_source_pdfs/603283_赛腾股份_2025-08-29_半年报_苏州赛腾精密电子股份有限公司2025年半年度报告_1224610837.pdf,interim_report,苏州赛腾精密电子股份有限公司2025年半年度报告,True,False,False
603283,赛腾股份,v5_hydrated,/Users/xiwei/stock_research/outputs/research/tech_bottleneck_latent_pending_primary_source_collection_v1/cninfo_primary_source_pdfs/603283_赛腾股份_2026-04-28_年报_苏州赛腾精密电子股份有限公司2025年年度报告_1225203437.pdf,annual_report,苏州赛腾精密电子股份有限公司2025年年度报告,True,False,False
603283,赛腾股份,v5_hydrated,/Users/xiwei/stock_research/outputs/research/tech_bottleneck_latent_pending_primary_source_collection_v1/cninfo_primary_source_pdfs/603283_赛腾股份_2026-04-28_日常经营_苏州赛腾精密电子股份有限公司关于使用部分闲置自有资金购买理财产品的公告_1225203569.pdf,announcement,苏州赛腾精密电子股份有限公司关于使用部分闲置自有资金购买理财产品的公告,True,False,False
603290,斯达半导,v5_hydrated,/Users/xiwei/stock_research/outputs/research/tech_bottleneck_latent_pending_primary_source_collection_v1/cninfo_primary_source_pdfs/603290_斯达半导_2025-08-28_半年报_2025年半年度报告_1224594544.pdf,interim_report,2025年半年度报告,True,False,False
603290,斯达半导,v5_hydrated,/Users/xiwei/stock_research/outputs/research/tech_bottleneck_latent_pending_primary_source_collection_v1/cninfo_primary_source_pdfs/603290_斯达半导_2026-04-30_年报_斯达半导体股份有限公司2025年年度报告_1225264305.pdf,annual_report,斯达半导体股份有限公司2025年年度报告,True,False,False
603290,斯达半导,v5_hydrated,/Users/xiwei/stock_research/outputs/research/tech_bottleneck_latent_pending_primary_source_collection_v1/cninfo_primary_source_pdfs/603290_斯达半导_2026-06-30_日常经营_关于使用募集资金置换预先投入募投项目及已支付发行费用的自筹资金的公告_1225396370.pdf,announcement,关于使用募集资金置换预先投入募投项目及已支付发行费用的自筹资金的公告,True,False,False
603297,永新光学,v7_proposal_new,/Users/xiwei/stock_research/outputs/research/tech_bottleneck_latent_manual_review_collection_batch1_v1/cninfo_primary_source_pdfs/603297_永新光学_2025-08-30_半年报_宁波永新光学股份有限公司2025年半年度报告_1224625832.pdf,interim_report,宁波永新光学股份有限公司2025年半年度报告,True,False,False
603297,永新光学,v7_proposal_new,/Users/xiwei/stock_research/outputs/research/tech_bottleneck_latent_manual_review_collection_batch1_v1/cninfo_primary_source_pdfs/603297_永新光学_2026-04-24_年报_宁波永新光学股份有限公司2025年年度报告_1225168263.pdf,annual_report,宁波永新光学股份有限公司2025年年度报告,True,False,False
603297,永新光学,v7_proposal_new,/Users/xiwei/stock_research/outputs/research/tech_bottleneck_latent_manual_review_collection_batch1_v1/cninfo_primary_source_pdfs/603297_永新光学_2026-07-04_日常经营_宁波永新光学股份有限公司独立董事提名人声明与承诺（彭新敏）_1225409958.pdf,announcement,宁波永新光学股份有限公司独立董事提名人声明与承诺（彭新敏）,True,False,False
603308,应流股份,v5_hydrated,/Users/xiwei/stock_research/outputs/research/tech_bottleneck_likely_core_36_primary_source_backfill_v1/cninfo_primary_source_pdfs/603308_应流股份_2025-08-12_半年报_应流股份2025年上半年度报告_1224444425.pdf,interim_report,应流股份2025年上半年度报告,True,False,False
603308,应流股份,v5_hydrated,/Users/xiwei/stock_research/outputs/research/tech_bottleneck_likely_core_36_primary_source_backfill_v1/cninfo_primary_source_pdfs/603308_应流股份_2026-04-24_年报_应流股份2025年年度报告_1225157972.pdf,annual_report,应流股份2025年年度报告,True,False,False
603308,应流股份,v5_hydrated,/Users/xiwei/stock_research/outputs/research/tech_bottleneck_likely_core_36_primary_source_backfill_v1/cninfo_primary_source_pdfs/603308_应流股份_2026-06-25_日常经营_应流股份关于部分募集资金投资项目延期的公告_1225385573.pdf,announcement,应流股份关于部分募集资金投资项目延期的公告,True,False,False
603311,金海高科,v5_hydrated,/Users/xiwei/stock_research/outputs/research/tech_bottleneck_false_negative_rescue_primary_source_backfill_v1/cninfo_primary_source_pdfs/603311_金海高科_2025-08-27_半年报_浙江金海高科股份有限公司2025年半年度报告_1224578134.pdf,interim_report,浙江金海高科股份有限公司2025年半年度报告,True,False,False
603311,金海高科,v5_hydrated,/Users/xiwei/stock_research/outputs/research/tech_bottleneck_false_negative_rescue_primary_source_backfill_v1/cninfo_primary_source_pdfs/603311_金海高科_2026-04-24_年报_金海高科2025年年度报告_1225166327.pdf,annual_report,金海高科2025年年度报告,True,False,False
603311,金海高科,v5_hydrated,/Users/xiwei/stock_research/outputs/research/tech_bottleneck_false_negative_rescue_primary_source_backfill_v1/cninfo_primary_source_pdfs/603311_金海高科_2026-06-19_日常经营_金海高科2026年员工持股计划（草案）摘要公告_1225379033.pdf,announcement,金海高科2026年员工持股计划（草案）摘要公告,True,False,False
603312,西典新能,v5_targeted_hydrated,/Users/xiwei/stock_research/outputs/research/data_to_brief_docling_90_stock_pdf_acquisition_v1/yanbaoke_pdfs/2024-01-07-上交所-西典新能首次公开发行股票并在主板上市招股说明书_331页_7mb.pdf,local_pdf,2024-01-07-上交所-西典新能首次公开发行股票并在主板上市招股说明书_331页_7mb.pdf,True,False,False
603383,顶点软件,v5_hydrated,/Users/xiwei/stock_research/outputs/research/tech_bottleneck_latent_pending_primary_source_collection_v1/cninfo_primary_source_pdfs/603383_顶点软件_2025-08-26_半年报_顶点软件2025年半年度报告_1224564858.pdf,interim_report,顶点软件2025年半年度报告,True,False,False
603383,顶点软件,v5_hydrated,/Users/xiwei/stock_research/outputs/research/tech_bottleneck_latent_pending_primary_source_collection_v1/cninfo_primary_source_pdfs/603383_顶点软件_2026-04-16_年报_顶点软件2025年年度报告_1225107714.pdf,annual_report,顶点软件2025年年度报告,True,False,False
603383,顶点软件,v5_hydrated,/Users/xiwei/stock_research/outputs/research/tech_bottleneck_latent_pending_primary_source_collection_v1/cninfo_primary_source_pdfs/603383_顶点软件_2026-04-16_日常经营_顶点软件关于变更注册资本并修改《公司章程》相应条款的公告_1225107760.pdf,announcement,顶点软件关于变更注册资本并修改《公司章程》相应条款的公告,True,False,False
603396,金辰股份,v5_hydrated,/Users/xiwei/stock_research/outputs/research/tech_bottleneck_remaining_primary_source_collection_v1/cninfo_primary_source_pdfs/603396_金辰股份_2025-08-28_半年报_营口金辰机械股份有限公司2025年半年度报告_1224596361.pdf,interim_report,营口金辰机械股份有限公司2025年半年度报告,True,False,False
603396,金辰股份,v5_hydrated,/Users/xiwei/stock_research/outputs/research/tech_bottleneck_remaining_primary_source_collection_v1/cninfo_primary_source_pdfs/603396_金辰股份_2026-04-28_年报_营口金辰机械股份有限公司2025年年度报告_1225210887.pdf,annual_report,营口金辰机械股份有限公司2025年年度报告,True,False,False
603396,金辰股份,v5_hydrated,/Users/xiwei/stock_research/outputs/research/tech_bottleneck_remaining_primary_source_collection_v1/cninfo_primary_source_pdfs/603396_金辰股份_2026-06-26_日常经营_营口金辰机械股份有限公司关于对外投资设立全资子公司的公告_1225387286.pdf,announcement,营口金辰机械股份有限公司关于对外投资设立全资子公司的公告,True,False,False
603416,信捷电气,v5_hydrated,/Users/xiwei/stock_research/outputs/research/tech_bottleneck_latent_pending_primary_source_collection_v1/cninfo_primary_source_pdfs/603416_信捷电气_2025-08-28_半年报_无锡信捷电气股份有限公司2025年半年度报告_1224595386.pdf,interim_report,无锡信捷电气股份有限公司2025年半年度报告,True,False,False
603416,信捷电气,v5_hydrated,/Users/xiwei/stock_research/outputs/research/tech_bottleneck_latent_pending_primary_source_collection_v1/cninfo_primary_source_pdfs/603416_信捷电气_2026-04-17_年报_无锡信捷电气股份有限公司2025年度报告_1225114570.pdf,annual_report,无锡信捷电气股份有限公司2025年度报告,True,False,False
603416,信捷电气,v5_hydrated,/Users/xiwei/stock_research/outputs/research/tech_bottleneck_latent_pending_primary_source_collection_v1/cninfo_primary_source_pdfs/603416_信捷电气_2026-06-13_日常经营_无锡信捷电气股份有限公司关于与私募基金合作投资进展的公告_1225368087.pdf,announcement,无锡信捷电气股份有限公司关于与私募基金合作投资进展的公告,True,False,False
603501,豪威集团,v5_hydrated,/Users/xiwei/stock_research/outputs/research/tech_bottleneck_remaining_primary_source_collection_v1/cninfo_primary_source_pdfs/603501_豪威集团_2025-08-30_半年报_2025年半年度报告全文_1224628800.pdf,interim_report,2025年半年度报告全文,True,False,False
603501,豪威集团,v5_hydrated,/Users/xiwei/stock_research/outputs/research/tech_bottleneck_remaining_primary_source_collection_v1/cninfo_primary_source_pdfs/603501_豪威集团_2026-03-31_年报_2025年年度报告_1225055056.pdf,annual_report,2025年年度报告,True,False,False
603501,豪威集团,v5_hydrated,/Users/xiwei/stock_research/outputs/research/tech_bottleneck_remaining_primary_source_collection_v1/cninfo_primary_source_pdfs/603501_豪威集团_2026-05-29_日常经营_关于可转换公司债券转股价格调整暨转股复牌的公告_1225336054.pdf,announcement,关于可转换公司债券转股价格调整暨转股复牌的公告,True,False,False
603530,神马电力,v5_hydrated,/Users/xiwei/stock_research/outputs/research/tech_bottleneck_remaining_primary_source_collection_v1/cninfo_primary_source_pdfs/603530_神马电力_2025-08-13_半年报_2025年半年度报告_1224462264.pdf,interim_report,2025年半年度报告,True,False,False
603530,神马电力,v5_hydrated,/Users/xiwei/stock_research/outputs/research/tech_bottleneck_remaining_primary_source_collection_v1/cninfo_primary_source_pdfs/603530_神马电力_2026-04-17_年报_神马电力2025年年度报告_1225114401.pdf,annual_report,神马电力2025年年度报告,True,False,False
603530,神马电力,v5_hydrated,/Users/xiwei/stock_research/outputs/research/tech_bottleneck_remaining_primary_source_collection_v1/cninfo_primary_source_pdfs/603530_神马电力_2026-07-01_日常经营_关于非公开发行股票全部募集资金投资项目结项并将节余募集资金永久性补充流动资金的公告_1225400273.pdf,announcement,关于非公开发行股票全部募集资金投资项目结项并将节余募集资金永久性补充流动资金的公告,True,False,False
603606,东方电缆,v7_proposal_new,/Users/xiwei/stock_research/outputs/research/tech_bottleneck_latent_manual_review_standard_collection_v1/cninfo_primary_source_pdfs/603606_东方电缆_2025-08-15_半年报_东方电缆2025年半年度报告_1224488227.pdf,interim_report,东方电缆2025年半年度报告,True,False,False
603606,东方电缆,v7_proposal_new,/Users/xiwei/stock_research/outputs/research/tech_bottleneck_latent_manual_review_standard_collection_v1/cninfo_primary_source_pdfs/603606_东方电缆_2026-03-28_年报_东方电缆2025年年度报告_1225047125.pdf,annual_report,东方电缆2025年年度报告,True,False,False
603606,东方电缆,v7_proposal_new,/Users/xiwei/stock_research/outputs/research/tech_bottleneck_latent_manual_review_standard_collection_v1/cninfo_primary_source_pdfs/603606_东方电缆_2026-06-11_日常经营_东方电缆关于近期中标相关项目的提示性公告_1225363343.pdf,announcement,东方电缆关于近期中标相关项目的提示性公告,True,False,False
603658,安图生物,v5_hydrated,/Users/xiwei/stock_research/outputs/research/tech_bottleneck_latent_pending_primary_source_collection_v1/cninfo_primary_source_pdfs/603658_安图生物_2025-08-22_半年报_安图生物2025年半年度报告_1224532224.pdf,interim_report,安图生物2025年半年度报告,True,False,False
603658,安图生物,v5_hydrated,/Users/xiwei/stock_research/outputs/research/tech_bottleneck_latent_pending_primary_source_collection_v1/cninfo_primary_source_pdfs/603658_安图生物_2026-04-23_年报_安图生物2025年年度报告_1225149309.pdf,annual_report,安图生物2025年年度报告,True,False,False
603658,安图生物,v5_hydrated,/Users/xiwei/stock_research/outputs/research/tech_bottleneck_latent_pending_primary_source_collection_v1/cninfo_primary_source_pdfs/603658_安图生物_2026-06-13_日常经营_安图生物关于使用闲置募集资金进行现金管理赎回及进展的公告_1225367623.pdf,announcement,安图生物关于使用闲置募集资金进行现金管理赎回及进展的公告,True,False,False
603678,火炬电子,v5_targeted_hydrated,/Users/xiwei/stock_research/outputs/research/data_to_brief_docling_90_stock_pdf_acquisition_v1/yanbaoke_pdfs/2024-08-19-上交所-火炬电子2024年半年度报告_204页_2mb.pdf,local_pdf,2024-08-19-上交所-火炬电子2024年半年度报告_204页_2mb.pdf,True,False,False
603685,晨丰科技,v5_hydrated,/Users/xiwei/stock_research/outputs/research/tech_bottleneck_expansion_queue_primary_source_backfill_v1/cninfo_primary_source_pdfs/603685_晨丰科技_2025-08-28_半年报_晨丰科技2025年半年度报告全文_1224592239.pdf,interim_report,晨丰科技2025年半年度报告全文,True,False,False
603685,晨丰科技,v5_hydrated,/Users/xiwei/stock_research/outputs/research/tech_bottleneck_expansion_queue_primary_source_backfill_v1/cninfo_primary_source_pdfs/603685_晨丰科技_2026-04-27_年报_晨丰科技2025年年度报告_1225197791.pdf,annual_report,晨丰科技2025年年度报告,True,False,False
603685,晨丰科技,v5_hydrated,/Users/xiwei/stock_research/outputs/research/tech_bottleneck_expansion_queue_primary_source_backfill_v1/cninfo_primary_source_pdfs/603685_晨丰科技_2026-07-07_日常经营_晨丰科技关于对上海证券交易所《关于浙江晨丰科技股份有限公司2025年年度报告的信息披露监管问询函》回复的公告_1225411907.pdf,announcement,晨丰科技关于对上海证券交易所《关于浙江晨丰科技股份有限公司2025年年度报告的信息披露监管问询函》回复的公告,True,False,False
603698,航天工程,v5_hydrated,/Users/xiwei/stock_research/outputs/research/tech_bottleneck_false_negative_rescue_primary_source_backfill_v1/cninfo_primary_source_pdfs/603698_航天工程_2025-08-30_半年报_航天工程公司2025年半年度报告_1224621442.pdf,interim_report,航天工程公司2025年半年度报告,True,False,False
603698,航天工程,v5_hydrated,/Users/xiwei/stock_research/outputs/research/tech_bottleneck_false_negative_rescue_primary_source_backfill_v1/cninfo_primary_source_pdfs/603698_航天工程_2026-03-31_年报_航天工程公司2025年年度报告_1225057813.pdf,annual_report,航天工程公司2025年年度报告,True,False,False
603698,航天工程,v5_hydrated,/Users/xiwei/stock_research/outputs/research/tech_bottleneck_false_negative_rescue_primary_source_backfill_v1/cninfo_primary_source_pdfs/603698_航天工程_2026-06-13_日常经营_航天工程公司关于控股子公司减资暨关联交易的公告_1225367015.pdf,announcement,航天工程公司关于控股子公司减资暨关联交易的公告,True,False,False
603701,德宏股份,v5_hydrated,/Users/xiwei/stock_research/outputs/research/tech_bottleneck_latent_standard_backfill_queue_v1/cninfo_primary_source_pdfs/603701_德宏股份_2025-08-09_半年报_浙江德宏汽车电子电器股份有限公司2025年半年度报告_1224441880.pdf,interim_report,浙江德宏汽车电子电器股份有限公司2025年半年度报告,True,False,False
603701,德宏股份,v5_hydrated,/Users/xiwei/stock_research/outputs/research/tech_bottleneck_latent_standard_backfill_queue_v1/cninfo_primary_source_pdfs/603701_德宏股份_2026-04-13_年报_浙江德宏汽车电子电器股份有限公司2025年年度报告_1225096949.pdf,annual_report,浙江德宏汽车电子电器股份有限公司2025年年度报告,True,False,False
603701,德宏股份,v5_hydrated,/Users/xiwei/stock_research/outputs/research/tech_bottleneck_latent_standard_backfill_queue_v1/cninfo_primary_source_pdfs/603701_德宏股份_2026-06-25_日常经营_浙江德宏汽车电子电器股份有限公司关于为全资子公司提供担保的公告_1225385833.pdf,announcement,浙江德宏汽车电子电器股份有限公司关于为全资子公司提供担保的公告,True,False,False
603738,泰晶科技,v5_targeted_hydrated,/Users/xiwei/stock_research/outputs/research/data_to_brief_docling_90_stock_pdf_acquisition_v1/yanbaoke_pdfs/2021-08-30-上交所-泰晶科技股份有限公司2021年半年度报告_173页_2mb.pdf,local_pdf,2021-08-30-上交所-泰晶科技股份有限公司2021年半年度报告_173页_2mb.pdf,True,False,False
603757,大元泵业,v5_targeted_hydrated,/Users/xiwei/stock_research/outputs/research/data_to_brief_docling_90_stock_pdf_acquisition_v1/yanbaoke_pdfs/2022-08-22-上交所-浙江大元泵业股份有限公司2022年半年度报告_141页_1mb.pdf,local_pdf,2022-08-22-上交所-浙江大元泵业股份有限公司2022年半年度报告_141页_1mb.pdf,True,False,False
603786,科博达,v5_hydrated,/Users/xiwei/stock_research/outputs/research/tech_bottleneck_likely_core_36_primary_source_backfill_v1/cninfo_primary_source_pdfs/603786_科博达_2025-08-28_半年报_科博达技术股份有限公司2025年半年度报告_1224589151.pdf,interim_report,科博达技术股份有限公司2025年半年度报告,True,False,False
603786,科博达,v5_hydrated,/Users/xiwei/stock_research/outputs/research/tech_bottleneck_likely_core_36_primary_source_backfill_v1/cninfo_primary_source_pdfs/603786_科博达_2026-04-23_年报_科博达技术股份有限公司2025年年度报告_1225156346.pdf,annual_report,科博达技术股份有限公司2025年年度报告,True,False,False
603786,科博达,v5_hydrated,/Users/xiwei/stock_research/outputs/research/tech_bottleneck_likely_core_36_primary_source_backfill_v1/cninfo_primary_source_pdfs/603786_科博达_2026-07-01_日常经营_科博达技术股份有限公司关于公司向不特定对象发行可转换公司债券项目变更保荐代表人的公告_1225401635.pdf,announcement,科博达技术股份有限公司关于公司向不特定对象发行可转换公司债券项目变更保荐代表人的公告,True,False,False
603806,福斯特,v5_hydrated,/Users/xiwei/stock_research/outputs/research/tech_bottleneck_remaining_primary_source_collection_v1/cninfo_primary_source_pdfs/603806_福斯特_2025-08-27_半年报_福斯特2025年半年度报告_1224582340.pdf,interim_report,福斯特2025年半年度报告,True,False,False
603806,福斯特,v5_hydrated,/Users/xiwei/stock_research/outputs/research/tech_bottleneck_remaining_primary_source_collection_v1/cninfo_primary_source_pdfs/603806_福斯特_2026-04-09_年报_福斯特2025年年度报告_1225084000.pdf,annual_report,福斯特2025年年度报告,True,False,False
603806,福斯特,v5_hydrated,/Users/xiwei/stock_research/outputs/research/tech_bottleneck_remaining_primary_source_collection_v1/cninfo_primary_source_pdfs/603806_福斯特_2026-06-30_日常经营_关于转让子公司部分股权暨关联交易的进展公告_1225394099.pdf,announcement,关于转让子公司部分股权暨关联交易的进展公告,True,False,False
603823,百合花,v5_hydrated,/Users/xiwei/stock_research/outputs/research/tech_bottleneck_expansion_queue_primary_source_backfill_v1/cninfo_primary_source_pdfs/603823_百合花_2025-08-28_半年报_百合花集团股份有限公司2025年半年度报告全文_1224587253.pdf,interim_report,百合花集团股份有限公司2025年半年度报告全文,True,False,False
603823,百合花,v5_hydrated,/Users/xiwei/stock_research/outputs/research/tech_bottleneck_expansion_queue_primary_source_backfill_v1/cninfo_primary_source_pdfs/603823_百合花_2026-04-23_年报_百合花集团股份有限公司2025年年度报告_1225143914.pdf,annual_report,百合花集团股份有限公司2025年年度报告,True,False,False
603823,百合花,v5_hydrated,/Users/xiwei/stock_research/outputs/research/tech_bottleneck_expansion_queue_primary_source_backfill_v1/cninfo_primary_source_pdfs/603823_百合花_2026-05-21_日常经营_百合花集团股份有限公司关于召开2025年年度暨2026年第一季度业绩暨现金分红说明会的公告_1225318647.pdf,announcement,百合花集团股份有限公司关于召开2025年年度暨2026年第一季度业绩暨现金分红说明会的公告,True,False,False
603859,能科科技,v7_proposal_new,/Users/xiwei/stock_research/outputs/research/tech_bottleneck_latent_manual_review_standard_collection_v1/cninfo_primary_source_pdfs/603859_能科科技_2025-08-26_半年报_2025年半年度报告_1224567740.pdf,interim_report,2025年半年度报告,True,False,False
603859,能科科技,v7_proposal_new,/Users/xiwei/stock_research/outputs/research/tech_bottleneck_latent_manual_review_standard_collection_v1/cninfo_primary_source_pdfs/603859_能科科技_2026-04-24_年报_2025年年度报告_1225167271.pdf,annual_report,2025年年度报告,True,False,False
603859,能科科技,v7_proposal_new,/Users/xiwei/stock_research/outputs/research/tech_bottleneck_latent_manual_review_standard_collection_v1/cninfo_primary_source_pdfs/603859_能科科技_2026-07-03_日常经营_关于签订募集资金专户存储三方监管协议的公告_1225405813.pdf,announcement,关于签订募集资金专户存储三方监管协议的公告,True,False,False
603890,春秋电子,v7_proposal_new,/Users/xiwei/stock_research/outputs/research/tech_bottleneck_latent_manual_review_standard_collection_v1/cninfo_primary_source_pdfs/603890_春秋电子_2025-08-21_半年报_2025年半年度报告_1224525458.pdf,interim_report,2025年半年度报告,True,False,False
603890,春秋电子,v7_proposal_new,/Users/xiwei/stock_research/outputs/research/tech_bottleneck_latent_manual_review_standard_collection_v1/cninfo_primary_source_pdfs/603890_春秋电子_2026-04-22_年报_2025年年度报告_1225141339.pdf,annual_report,2025年年度报告,True,False,False
603890,春秋电子,v7_proposal_new,/Users/xiwei/stock_research/outputs/research/tech_bottleneck_latent_manual_review_standard_collection_v1/cninfo_primary_source_pdfs/603890_春秋电子_2026-05-12_日常经营_关于控股股东部分股份解除质押的公告_1225289647.pdf,announcement,关于控股股东部分股份解除质押的公告,True,False,False
603915,国茂股份,v5_hydrated,/Users/xiwei/stock_research/outputs/research/tech_bottleneck_latent_pending_primary_source_collection_v1/cninfo_primary_source_pdfs/603915_国茂股份_2025-08-29_半年报_国茂股份2025年半年度报告_1224609513.pdf,interim_report,国茂股份2025年半年度报告,True,False,False
603915,国茂股份,v5_hydrated,/Users/xiwei/stock_research/outputs/research/tech_bottleneck_latent_pending_primary_source_collection_v1/cninfo_primary_source_pdfs/603915_国茂股份_2026-04-28_年报_国茂股份2025年年度报告_1225206411.pdf,annual_report,国茂股份2025年年度报告,True,False,False
603915,国茂股份,v5_hydrated,/Users/xiwei/stock_research/outputs/research/tech_bottleneck_latent_pending_primary_source_collection_v1/cninfo_primary_source_pdfs/603915_国茂股份_2026-04-28_日常经营_国茂股份2025年度募集资金存放、管理与实际使用情况的专项报告_1225206452.pdf,announcement,国茂股份2025年度募集资金存放、管理与实际使用情况的专项报告,True,False,False
603931,格林达,v5_hydrated,/Users/xiwei/stock_research/outputs/research/tech_bottleneck_likely_core_36_primary_source_backfill_v1/cninfo_primary_source_pdfs/603931_格林达_2025-08-23_半年报_杭州格林达电子材料股份有限公司2025年半年度报告_1224556490.pdf,interim_report,杭州格林达电子材料股份有限公司2025年半年度报告,True,False,False
603931,格林达,v5_hydrated,/Users/xiwei/stock_research/outputs/research/tech_bottleneck_likely_core_36_primary_source_backfill_v1/cninfo_primary_source_pdfs/603931_格林达_2026-04-25_年报_杭州格林达电子材料股份有限公司2025年年度报告_1225185940.pdf,annual_report,杭州格林达电子材料股份有限公司2025年年度报告,True,False,False
603936,博敏电子,v5_hydrated,/Users/xiwei/stock_research/outputs/research/tech_bottleneck_expansion_queue_primary_source_backfill_v1/cninfo_primary_source_pdfs/603936_博敏电子_2025-08-23_半年报_博敏电子2025年半年度报告_1224556480.pdf,interim_report,博敏电子2025年半年度报告,True,False,False
603936,博敏电子,v5_hydrated,/Users/xiwei/stock_research/outputs/research/tech_bottleneck_expansion_queue_primary_source_backfill_v1/cninfo_primary_source_pdfs/603936_博敏电子_2026-04-28_年报_博敏电子2025年年度报告_1225210653.pdf,annual_report,博敏电子2025年年度报告,True,False,False
603936,博敏电子,v5_hydrated,/Users/xiwei/stock_research/outputs/research/tech_bottleneck_expansion_queue_primary_source_backfill_v1/cninfo_primary_source_pdfs/603936_博敏电子_2026-07-07_日常经营_博敏电子前次募集资金使用情况的专项报告_1225412483.pdf,announcement,博敏电子前次募集资金使用情况的专项报告,True,False,False
605020,永和股份,v5_hydrated,/Users/xiwei/stock_research/outputs/research/tech_bottleneck_data_gap_primary_source_backfill_v1/cninfo_primary_source_pdfs/605020_永和股份_2025-08-12_半年报_浙江永和制冷股份有限公司2025年半年度报告_1224444732.pdf,interim_report,浙江永和制冷股份有限公司2025年半年度报告,True,False,False
605020,永和股份,v5_hydrated,/Users/xiwei/stock_research/outputs/research/tech_bottleneck_data_gap_primary_source_backfill_v1/cninfo_primary_source_pdfs/605020_永和股份_2026-04-03_年报_浙江永和制冷股份有限公司2025年年度报告_1225076790.pdf,annual_report,浙江永和制冷股份有限公司2025年年度报告,True,False,False
605020,永和股份,v5_hydrated,/Users/xiwei/stock_research/outputs/research/tech_bottleneck_data_gap_primary_source_backfill_v1/cninfo_primary_source_pdfs/605020_永和股份_2026-07-01_日常经营_浙江永和制冷股份有限公司关于调整部分募集资金投资项目投资总额并延期的公告_1225399652.pdf,announcement,浙江永和制冷股份有限公司关于调整部分募集资金投资项目投资总额并延期的公告,True,False,False
605117,德业股份,v5_hydrated,/Users/xiwei/stock_research/outputs/research/tech_bottleneck_latent_standard_backfill_queue_v1/cninfo_primary_source_pdfs/605117_德业股份_2025-08-26_半年报_2025年半年度报告_1224571841.pdf,interim_report,2025年半年度报告,True,False,False
605117,德业股份,v5_hydrated,/Users/xiwei/stock_research/outputs/research/tech_bottleneck_latent_standard_backfill_queue_v1/cninfo_primary_source_pdfs/605117_德业股份_2026-04-10_年报_2025年年度报告_1225089135.pdf,annual_report,2025年年度报告,True,False,False
605117,德业股份,v5_hydrated,/Users/xiwei/stock_research/outputs/research/tech_bottleneck_latent_standard_backfill_queue_v1/cninfo_primary_source_pdfs/605117_德业股份_2026-06-24_日常经营_关于全资子公司签署二期投资协议暨对外投资进展公告_1225383163.pdf,announcement,关于全资子公司签署二期投资协议暨对外投资进展公告,True,False,False
605319,无锡振华,v5_hydrated,/Users/xiwei/stock_research/outputs/research/tech_bottleneck_latent_standard_backfill_queue_v1/cninfo_primary_source_pdfs/605319_无锡振华_2025-08-26_半年报_2025年半年度报告_1224563932.pdf,interim_report,2025年半年度报告,True,False,False
605319,无锡振华,v5_hydrated,/Users/xiwei/stock_research/outputs/research/tech_bottleneck_latent_standard_backfill_queue_v1/cninfo_primary_source_pdfs/605319_无锡振华_2026-04-25_年报_2025年年度报告_1225180162.pdf,annual_report,2025年年度报告,True,False,False
605319,无锡振华,v5_hydrated,/Users/xiwei/stock_research/outputs/research/tech_bottleneck_latent_standard_backfill_queue_v1/cninfo_primary_source_pdfs/605319_无锡振华_2026-06-27_日常经营_关于完成工商变更登记并换发营业执照的公告_1225389564.pdf,announcement,关于完成工商变更登记并换发营业执照的公告,True,False,False
605358,立昂微,v5_targeted_hydrated,/Users/xiwei/stock_research/outputs/research/data_to_brief_docling_90_stock_pdf_acquisition_v1/yanbaoke_pdfs/2022-08-19-上交所-立昂微2022年半年度报告_207页_2mb.pdf,local_pdf,2022-08-19-上交所-立昂微2022年半年度报告_207页_2mb.pdf,True,False,False
605389,长龄液压,v5_targeted_hydrated,/Users/xiwei/stock_research/outputs/research/data_to_brief_docling_90_stock_pdf_acquisition_v1/yanbaoke_pdfs/2021-08-24-上交所-江苏长龄液压股份有限公司2021年半年度报告_149页_2mb.pdf,local_pdf,2021-08-24-上交所-江苏长龄液压股份有限公司2021年半年度报告_149页_2mb.pdf,True,False,False
688002,睿创微纳,v5_hydrated,/Users/xiwei/stock_research/outputs/research/tech_bottleneck_remaining_primary_source_collection_v1/cninfo_primary_source_pdfs/688002_睿创微纳_2025-08-29_半年报_2025年半年度报告_1224608397.pdf,interim_report,2025年半年度报告,True,False,False
688002,睿创微纳,v5_hydrated,/Users/xiwei/stock_research/outputs/research/tech_bottleneck_remaining_primary_source_collection_v1/cninfo_primary_source_pdfs/688002_睿创微纳_2026-04-10_年报_2025年年度报告_1225091244.pdf,annual_report,2025年年度报告,True,False,False
688002,睿创微纳,v5_hydrated,/Users/xiwei/stock_research/outputs/research/tech_bottleneck_remaining_primary_source_collection_v1/cninfo_primary_source_pdfs/688002_睿创微纳_2026-07-01_日常经营_关于2024年员工持股计划股票出售完毕暨终止的公告_1225401628.pdf,announcement,关于2024年员工持股计划股票出售完毕暨终止的公告,True,False,False
688003,天准科技,v5_hydrated,/Users/xiwei/stock_research/outputs/research/tech_bottleneck_expansion_queue_primary_source_backfill_v1/cninfo_primary_source_pdfs/688003_天准科技_2025-08-12_半年报_2025年半年度报告_1224444211.pdf,interim_report,2025年半年度报告,True,False,False
688003,天准科技,v5_hydrated,/Users/xiwei/stock_research/outputs/research/tech_bottleneck_expansion_queue_primary_source_backfill_v1/cninfo_primary_source_pdfs/688003_天准科技_2026-04-25_年报_2025年年度报告_1225194729.pdf,annual_report,2025年年度报告,True,False,False
688003,天准科技,v5_hydrated,/Users/xiwei/stock_research/outputs/research/tech_bottleneck_expansion_queue_primary_source_backfill_v1/cninfo_primary_source_pdfs/688003_天准科技_2026-07-04_日常经营_关于修订《公司章程》的公告_1225408332.pdf,announcement,关于修订《公司章程》的公告,True,False,False
688007,光峰科技,v7_proposal_new,/Users/xiwei/stock_research/outputs/research/tech_bottleneck_latent_manual_review_collection_batch1_v1/cninfo_primary_source_pdfs/688007_光峰科技_2025-08-30_半年报_2025年半年度报告_1224629072.pdf,interim_report,2025年半年度报告,True,False,False
688007,光峰科技,v7_proposal_new,/Users/xiwei/stock_research/outputs/research/tech_bottleneck_latent_manual_review_collection_batch1_v1/cninfo_primary_source_pdfs/688007_光峰科技_2026-04-30_年报_2025年年度报告_1225260647.pdf,annual_report,2025年年度报告,True,False,False
688007,光峰科技,v7_proposal_new,/Users/xiwei/stock_research/outputs/research/tech_bottleneck_latent_manual_review_collection_batch1_v1/cninfo_primary_source_pdfs/688007_光峰科技_2026-07-04_日常经营_天健会计师事务所（特殊普通合伙）关于深圳光峰科技股份有限公司2025年年度报告的信息披露监管问询函专项说明_1225409461.pdf,announcement,天健会计师事务所（特殊普通合伙）关于深圳光峰科技股份有限公司2025年年度报告的信息披露监管问询函专项说明,True,False,False
688011,新光光电,v5_hydrated,/Users/xiwei/stock_research/outputs/research/tech_bottleneck_remaining_primary_source_collection_v1/cninfo_primary_source_pdfs/688011_新光光电_2025-08-29_半年报_哈尔滨新光光电科技股份有限公司2025年半年度报告_1224603796.pdf,interim_report,哈尔滨新光光电科技股份有限公司2025年半年度报告,True,False,False
688011,新光光电,v5_hydrated,/Users/xiwei/stock_research/outputs/research/tech_bottleneck_remaining_primary_source_collection_v1/cninfo_primary_source_pdfs/688011_新光光电_2026-04-24_年报_哈尔滨新光光电科技股份有限公司2025年年度报告_1225173105.pdf,annual_report,哈尔滨新光光电科技股份有限公司2025年年度报告,True,False,False
688011,新光光电,v5_hydrated,/Users/xiwei/stock_research/outputs/research/tech_bottleneck_remaining_primary_source_collection_v1/cninfo_primary_source_pdfs/688011_新光光电_2026-06-11_日常经营_哈尔滨新光光电科技股份有限公司关于上海证券交易所《关于哈尔滨新光光电科技股份有限公司2025年年度报告的信息披露监管问询函》的回复公告_1225362479.pdf,announcement,哈尔滨新光光电科技股份有限公司关于上海证券交易所《关于哈尔滨新光光电科技股份有限公司2025年年度报告的信息披露监管问询函》的回复公告,True,False,False
688012,中微公司,v5_hydrated,/Users/xiwei/stock_research/outputs/research/tech_bottleneck_likely_core_36_primary_source_backfill_v1/cninfo_primary_source_pdfs/688012_中微公司_2025-08-29_半年报_2025年半年度报告_1224606011.pdf,interim_report,2025年半年度报告,True,False,False
688012,中微公司,v5_hydrated,/Users/xiwei/stock_research/outputs/research/tech_bottleneck_likely_core_36_primary_source_backfill_v1/cninfo_primary_source_pdfs/688012_中微公司_2026-03-31_年报_2025年年度报告_1225062431.pdf,annual_report,2025年年度报告,True,False,False
688012,中微公司,v5_hydrated,/Users/xiwei/stock_research/outputs/research/tech_bottleneck_likely_core_36_primary_source_backfill_v1/cninfo_primary_source_pdfs/688012_中微公司_2026-07-07_日常经营_发行股份及支付现金购买资产并募集配套资金之向特定对象发行股票募集配套资金上市公告书_1225412520.pdf,announcement,发行股份及支付现金购买资产并募集配套资金之向特定对象发行股票募集配套资金上市公告书,True,False,False
688017,绿的谐波,v5_targeted_hydrated,/Users/xiwei/stock_research/outputs/research/data_to_brief_docling_90_stock_pdf_acquisition_v1/yanbaoke_pdfs/2021-08-19-上交所-绿的谐波2021年半年度报告_174页_2mb.pdf,local_pdf,2021-08-19-上交所-绿的谐波2021年半年度报告_174页_2mb.pdf,True,False,False
688019,安集科技,v5_hydrated,/Users/xiwei/stock_research/outputs/research/tech_bottleneck_remaining_primary_source_collection_v1/cninfo_primary_source_pdfs/688019_安集科技_2025-08-26_半年报_2025年半年度报告全文_1224566232.pdf,interim_report,2025年半年度报告全文,True,False,False
688019,安集科技,v5_hydrated,/Users/xiwei/stock_research/outputs/research/tech_bottleneck_remaining_primary_source_collection_v1/cninfo_primary_source_pdfs/688019_安集科技_2026-04-16_年报_2025年年度报告_1225108553.pdf,annual_report,2025年年度报告,True,False,False
688019,安集科技,v5_hydrated,/Users/xiwei/stock_research/outputs/research/tech_bottleneck_remaining_primary_source_collection_v1/cninfo_primary_source_pdfs/688019_安集科技_2026-07-07_日常经营_中信证券股份有限公司关于安集微电子科技（上海）股份有限公司股东向特定机构投资者询价转让股份的核查报告_1225411169.pdf,announcement,中信证券股份有限公司关于安集微电子科技（上海）股份有限公司股东向特定机构投资者询价转让股份的核查报告,True,False,False
688021,奥福科技,v5_hydrated,/Users/xiwei/stock_research/outputs/research/tech_bottleneck_false_negative_rescue_primary_source_backfill_v1/cninfo_primary_source_pdfs/688021_奥福科技_2025-08-23_半年报_山东奥福环保科技股份有限公司2025年半年度报告_1224554299.pdf,interim_report,山东奥福环保科技股份有限公司2025年半年度报告,True,False,False
688021,奥福科技,v5_hydrated,/Users/xiwei/stock_research/outputs/research/tech_bottleneck_false_negative_rescue_primary_source_backfill_v1/cninfo_primary_source_pdfs/688021_奥福科技_2026-04-30_年报_山东奥福环保科技股份有限公司2025年年度报告_1225254620.pdf,annual_report,山东奥福环保科技股份有限公司2025年年度报告,True,False,False
688021,奥福科技,v5_hydrated,/Users/xiwei/stock_research/outputs/research/tech_bottleneck_false_negative_rescue_primary_source_backfill_v1/cninfo_primary_source_pdfs/688021_奥福科技_2026-05-13_日常经营_山东奥福环保科技股份有限公司关于参加2026年山东辖区上市公司投资者网上集体接待日活动的公告_1225300176.pdf,announcement,山东奥福环保科技股份有限公司关于参加2026年山东辖区上市公司投资者网上集体接待日活动的公告,True,False,False
688023,安恒信息,v7_proposal_new,/Users/xiwei/stock_research/outputs/research/tech_bottleneck_latent_manual_review_standard_collection_v1/cninfo_primary_source_pdfs/688023_安恒信息_2025-08-27_半年报_2025年半年度报告_1224578598.pdf,interim_report,2025年半年度报告,True,False,False
688023,安恒信息,v7_proposal_new,/Users/xiwei/stock_research/outputs/research/tech_bottleneck_latent_manual_review_standard_collection_v1/cninfo_primary_source_pdfs/688023_安恒信息_2026-03-26_年报_2025年年度报告_1225031730.pdf,annual_report,2025年年度报告,True,False,False
688023,安恒信息,v7_proposal_new,/Users/xiwei/stock_research/outputs/research/tech_bottleneck_latent_manual_review_standard_collection_v1/cninfo_primary_source_pdfs/688023_安恒信息_2026-07-07_日常经营_关于核心技术人员调整的公告_1225411532.pdf,announcement,关于核心技术人员调整的公告,True,False,False
688025,杰普特,v5_hydrated,/Users/xiwei/stock_research/outputs/research/tech_bottleneck_expansion_queue_primary_source_backfill_v1/cninfo_primary_source_pdfs/688025_杰普特_2025-08-27_半年报_深圳市杰普特光电股份有限公司2025年半年度报告_1224580167.pdf,interim_report,深圳市杰普特光电股份有限公司2025年半年度报告,True,False,False
688025,杰普特,v5_hydrated,/Users/xiwei/stock_research/outputs/research/tech_bottleneck_expansion_queue_primary_source_backfill_v1/cninfo_primary_source_pdfs/688025_杰普特_2026-03-28_年报_深圳市杰普特光电股份有限公司2025年年度报告_1225048090.pdf,annual_report,深圳市杰普特光电股份有限公司2025年年度报告,True,False,False
688025,杰普特,v5_hydrated,/Users/xiwei/stock_research/outputs/research/tech_bottleneck_expansion_queue_primary_source_backfill_v1/cninfo_primary_source_pdfs/688025_杰普特_2026-07-04_日常经营_关于收购股权暨关联交易的公告_1225409338.pdf,announcement,关于收购股权暨关联交易的公告,True,False,False
688031,星环科技,v5_hydrated,/Users/xiwei/stock_research/outputs/research/tech_bottleneck_expansion_queue_primary_source_backfill_v1/cninfo_primary_source_pdfs/688031_星环科技_2025-08-29_半年报_2025年半年度报告_1224603184.pdf,interim_report,2025年半年度报告,True,False,False
688031,星环科技,v5_hydrated,/Users/xiwei/stock_research/outputs/research/tech_bottleneck_expansion_queue_primary_source_backfill_v1/cninfo_primary_source_pdfs/688031_星环科技_2026-03-25_年报_2025年年度报告_1225028771.pdf,annual_report,2025年年度报告,True,False,False
688031,星环科技,v5_hydrated,/Users/xiwei/stock_research/outputs/research/tech_bottleneck_expansion_queue_primary_source_backfill_v1/cninfo_primary_source_pdfs/688031_星环科技_2026-06-12_日常经营_关于发行境外上市股份（H股）获中国证监会备案的公告_1225364228.pdf,announcement,关于发行境外上市股份（H股）获中国证监会备案的公告,True,False,False
688037,芯源微,v5_hydrated,/Users/xiwei/stock_research/outputs/research/tech_bottleneck_expansion_queue_primary_source_backfill_v1/cninfo_primary_source_pdfs/688037_芯源微_2025-08-29_半年报_芯源微2025年半年度报告_1224610438.pdf,interim_report,芯源微2025年半年度报告,True,False,False
688037,芯源微,v5_hydrated,/Users/xiwei/stock_research/outputs/research/tech_bottleneck_expansion_queue_primary_source_backfill_v1/cninfo_primary_source_pdfs/688037_芯源微_2026-04-18_年报_芯源微2025年年度报告_1225120170.pdf,annual_report,芯源微2025年年度报告,True,False,False
688037,芯源微,v5_hydrated,/Users/xiwei/stock_research/outputs/research/tech_bottleneck_expansion_queue_primary_source_backfill_v1/cninfo_primary_source_pdfs/688037_芯源微_2026-06-06_日常经营_芯源微关于为公司及董事、高级管理人员购买责任险的公告_1225354535.pdf,announcement,芯源微关于为公司及董事、高级管理人员购买责任险的公告,True,False,False
688047,龙芯中科,v5_hydrated,/Users/xiwei/stock_research/outputs/research/tech_bottleneck_latent_pending_primary_source_collection_v1/cninfo_primary_source_pdfs/688047_龙芯中科_2025-08-28_半年报_龙芯中科2025年半年度报告_1224596786.pdf,interim_report,龙芯中科2025年半年度报告,True,False,False
688047,龙芯中科,v5_hydrated,/Users/xiwei/stock_research/outputs/research/tech_bottleneck_latent_pending_primary_source_collection_v1/cninfo_primary_source_pdfs/688047_龙芯中科_2026-04-29_年报_龙芯中科2025年年度报告_1225234886.pdf,annual_report,龙芯中科2025年年度报告,True,False,False
688047,龙芯中科,v5_hydrated,/Users/xiwei/stock_research/outputs/research/tech_bottleneck_latent_pending_primary_source_collection_v1/cninfo_primary_source_pdfs/688047_龙芯中科_2026-07-01_日常经营_龙芯中科关于首次公开发行股票募投项目结项的公告_1225400530.pdf,announcement,龙芯中科关于首次公开发行股票募投项目结项的公告,True,False,False
688048,长光华芯,v5_hydrated,/Users/xiwei/stock_research/outputs/research/tech_bottleneck_expansion_queue_primary_source_backfill_v1/cninfo_primary_source_pdfs/688048_长光华芯_2025-08-23_半年报_2025年半年度报告_1224559477.pdf,interim_report,2025年半年度报告,True,False,False
688048,长光华芯,v5_hydrated,/Users/xiwei/stock_research/outputs/research/tech_bottleneck_expansion_queue_primary_source_backfill_v1/cninfo_primary_source_pdfs/688048_长光华芯_2026-04-18_年报_2025年年度报告_1225123248.pdf,annual_report,2025年年度报告,True,False,False
688048,长光华芯,v5_hydrated,/Users/xiwei/stock_research/outputs/research/tech_bottleneck_expansion_queue_primary_source_backfill_v1/cninfo_primary_source_pdfs/688048_长光华芯_2026-06-04_日常经营_关于向关联方增资的公告_1225350239.pdf,announcement,关于向关联方增资的公告,True,False,False
688056,莱伯泰科,v7_proposal_new,/Users/xiwei/stock_research/outputs/research/tech_bottleneck_latent_manual_review_collection_batch1_v1/cninfo_primary_source_pdfs/688056_莱伯泰科_2025-08-29_半年报_2025年半年度报告_1224602597.pdf,interim_report,2025年半年度报告,True,False,False
688056,莱伯泰科,v7_proposal_new,/Users/xiwei/stock_research/outputs/research/tech_bottleneck_latent_manual_review_collection_batch1_v1/cninfo_primary_source_pdfs/688056_莱伯泰科_2026-04-28_年报_2025年年度报告_1225207745.pdf,annual_report,2025年年度报告,True,False,False
688056,莱伯泰科,v7_proposal_new,/Users/xiwei/stock_research/outputs/research/tech_bottleneck_latent_manual_review_collection_batch1_v1/cninfo_primary_source_pdfs/688056_莱伯泰科_2026-06-30_日常经营_关于使用自有资金支付募投项目部分款项并以募集资金等额置换的公告_1225395832.pdf,announcement,关于使用自有资金支付募投项目部分款项并以募集资金等额置换的公告,True,False,False
688063,派能科技,v5_hydrated,/Users/xiwei/stock_research/outputs/research/tech_bottleneck_latent_standard_backfill_queue_v1/cninfo_primary_source_pdfs/688063_派能科技_2025-08-22_半年报_上海派能能源科技股份有限公司2025年半年度报告_1224535043.pdf,interim_report,上海派能能源科技股份有限公司2025年半年度报告,True,False,False
688063,派能科技,v5_hydrated,/Users/xiwei/stock_research/outputs/research/tech_bottleneck_latent_standard_backfill_queue_v1/cninfo_primary_source_pdfs/688063_派能科技_2026-04-01_年报_上海派能能源科技股份有限公司2025年年度报告_1225068748.pdf,annual_report,上海派能能源科技股份有限公司2025年年度报告,True,False,False
688063,派能科技,v5_hydrated,/Users/xiwei/stock_research/outputs/research/tech_bottleneck_latent_standard_backfill_queue_v1/cninfo_primary_source_pdfs/688063_派能科技_2026-06-04_日常经营_关于参加“对话成长”2025年度暨2026年一季度集体业绩说明会的公告_1225350034.pdf,announcement,关于参加“对话成长”2025年度暨2026年一季度集体业绩说明会的公告,True,False,False
688082,盛美上海,v5_hydrated,/Users/xiwei/stock_research/outputs/research/tech_bottleneck_expansion_queue_primary_source_backfill_v1/cninfo_primary_source_pdfs/688082_盛美上海_2025-08-07_半年报_2025年半年度报告_1224415138.pdf,interim_report,2025年半年度报告,True,False,False
688082,盛美上海,v5_hydrated,/Users/xiwei/stock_research/outputs/research/tech_bottleneck_expansion_queue_primary_source_backfill_v1/cninfo_primary_source_pdfs/688082_盛美上海_2026-02-27_年报_2025年度报告全文_1224986438.pdf,annual_report,2025年度报告全文,True,False,False
688082,盛美上海,v5_hydrated,/Users/xiwei/stock_research/outputs/research/tech_bottleneck_expansion_queue_primary_source_backfill_v1/cninfo_primary_source_pdfs/688082_盛美上海_2026-05-27_日常经营_独立董事候选人声明与承诺（方璇）_1225331627.pdf,announcement,独立董事候选人声明与承诺（方璇）,True,False,False
688083,中望软件,v5_hydrated,/Users/xiwei/stock_research/outputs/research/tech_bottleneck_latent_pending_primary_source_collection_v1/cninfo_primary_source_pdfs/688083_中望软件_2025-08-30_半年报_中望软件2025年半年度报告_1224624901.pdf,interim_report,中望软件2025年半年度报告,True,False,False
688083,中望软件,v5_hydrated,/Users/xiwei/stock_research/outputs/research/tech_bottleneck_latent_pending_primary_source_collection_v1/cninfo_primary_source_pdfs/688083_中望软件_2026-04-23_年报_2025年年度报告_1225144244.pdf,annual_report,2025年年度报告,True,False,False
688083,中望软件,v5_hydrated,/Users/xiwei/stock_research/outputs/research/tech_bottleneck_latent_pending_primary_source_collection_v1/cninfo_primary_source_pdfs/688083_中望软件_2026-06-23_日常经营_关于获得政府补助的公告_1225380561.pdf,announcement,关于获得政府补助的公告,True,False,False
688088,虹软科技,v7_proposal_new,/Users/xiwei/stock_research/outputs/research/tech_bottleneck_latent_manual_review_standard_collection_v1/cninfo_primary_source_pdfs/688088_虹软科技_2025-08-19_半年报_2025年半年度报告_1224503735.pdf,interim_report,2025年半年度报告,True,False,False
688088,虹软科技,v7_proposal_new,/Users/xiwei/stock_research/outputs/research/tech_bottleneck_latent_manual_review_standard_collection_v1/cninfo_primary_source_pdfs/688088_虹软科技_2026-04-21_年报_2025年年度报告_1225131042.pdf,annual_report,2025年年度报告,True,False,False
688088,虹软科技,v7_proposal_new,/Users/xiwei/stock_research/outputs/research/tech_bottleneck_latent_manual_review_standard_collection_v1/cninfo_primary_source_pdfs/688088_虹软科技_2026-06-30_日常经营_关于使用自有资金支付募投项目所需资金并以募集资金等额置换的公告_1225396962.pdf,announcement,关于使用自有资金支付募投项目所需资金并以募集资金等额置换的公告,True,False,False
688095,福昕软件,v5_hydrated,/Users/xiwei/stock_research/outputs/research/tech_bottleneck_latent_pending_primary_source_collection_v1/cninfo_primary_source_pdfs/688095_福昕软件_2025-08-29_半年报_福建福昕软件开发股份有限公司2025年半年度报告_1224611774.pdf,interim_report,福建福昕软件开发股份有限公司2025年半年度报告,True,False,False
688095,福昕软件,v5_hydrated,/Users/xiwei/stock_research/outputs/research/tech_bottleneck_latent_pending_primary_source_collection_v1/cninfo_primary_source_pdfs/688095_福昕软件_2026-04-29_年报_福建福昕软件开发股份有限公司2025年年度报告_1225237471.pdf,annual_report,福建福昕软件开发股份有限公司2025年年度报告,True,False,False
688095,福昕软件,v5_hydrated,/Users/xiwei/stock_research/outputs/research/tech_bottleneck_latent_pending_primary_source_collection_v1/cninfo_primary_source_pdfs/688095_福昕软件_2026-06-30_日常经营_福建福昕软件开发股份有限公司关于2025年年度报告信息披露监管问询函的回复公告_1225396844.pdf,announcement,福建福昕软件开发股份有限公司关于2025年年度报告信息披露监管问询函的回复公告,True,False,False
688097,博众精工,v5_hydrated,/Users/xiwei/stock_research/outputs/research/tech_bottleneck_expansion_queue_primary_source_backfill_v1/cninfo_primary_source_pdfs/688097_博众精工_2025-08-27_半年报_2025年半年度报告_1224583580.pdf,interim_report,2025年半年度报告,True,False,False
688097,博众精工,v5_hydrated,/Users/xiwei/stock_research/outputs/research/tech_bottleneck_expansion_queue_primary_source_backfill_v1/cninfo_primary_source_pdfs/688097_博众精工_2026-04-11_年报_2025年年度报告_1225096862.pdf,annual_report,2025年年度报告,True,False,False
688097,博众精工,v5_hydrated,/Users/xiwei/stock_research/outputs/research/tech_bottleneck_expansion_queue_primary_source_backfill_v1/cninfo_primary_source_pdfs/688097_博众精工_2026-07-03_日常经营_关于2025年年度报告的信息披露监管问询函的回复公告_1225405800.pdf,announcement,关于2025年年度报告的信息披露监管问询函的回复公告,True,False,False
688106,金宏气体,v5_hydrated,/Users/xiwei/stock_research/outputs/research/tech_bottleneck_expansion_queue_primary_source_backfill_v1/cninfo_primary_source_pdfs/688106_金宏气体_2025-08-23_半年报_金宏气体：2025年半年度报告_1224555182.pdf,interim_report,金宏气体：2025年半年度报告,True,False,False
688106,金宏气体,v5_hydrated,/Users/xiwei/stock_research/outputs/research/tech_bottleneck_expansion_queue_primary_source_backfill_v1/cninfo_primary_source_pdfs/688106_金宏气体_2026-03-28_年报_金宏气体：2025年年度报告_1225047235.pdf,annual_report,金宏气体：2025年年度报告,True,False,False
688106,金宏气体,v5_hydrated,/Users/xiwei/stock_research/outputs/research/tech_bottleneck_expansion_queue_primary_source_backfill_v1/cninfo_primary_source_pdfs/688106_金宏气体_2026-06-27_日常经营_金宏气体：关于变更注册资本、经营范围、修订《公司章程》并办理工商变更登记的公告_1225392081.pdf,announcement,金宏气体：关于变更注册资本、经营范围、修订《公司章程》并办理工商变更登记的公告,True,False,False
688108,赛诺医疗,v5_hydrated,/Users/xiwei/stock_research/outputs/research/tech_bottleneck_false_negative_rescue_primary_source_backfill_v1/cninfo_primary_source_pdfs/688108_赛诺医疗_2025-08-22_半年报_赛诺医疗科学技术股份有限公司2025年半年度报告_1224554379.pdf,interim_report,赛诺医疗科学技术股份有限公司2025年半年度报告,True,False,False
688108,赛诺医疗,v5_hydrated,/Users/xiwei/stock_research/outputs/research/tech_bottleneck_false_negative_rescue_primary_source_backfill_v1/cninfo_primary_source_pdfs/688108_赛诺医疗_2026-03-26_年报_赛诺医疗科学技术股份有限公司2025年年度报告_1225032423.pdf,annual_report,赛诺医疗科学技术股份有限公司2025年年度报告,True,False,False
688108,赛诺医疗,v5_hydrated,/Users/xiwei/stock_research/outputs/research/tech_bottleneck_false_negative_rescue_primary_source_backfill_v1/cninfo_primary_source_pdfs/688108_赛诺医疗_2026-06-11_日常经营_赛诺医疗科学技术股份有限公司关于变更公司类型并修改《公司章程》的公告_1225363858.pdf,announcement,赛诺医疗科学技术股份有限公司关于变更公司类型并修改《公司章程》的公告,True,False,False
688112,鼎阳科技,v5_hydrated,/Users/xiwei/stock_research/outputs/research/tech_bottleneck_expansion_queue_primary_source_backfill_v1/cninfo_primary_source_pdfs/688112_鼎阳科技_2025-08-14_半年报_鼎阳科技2025年半年度报告_1224473244.pdf,interim_report,鼎阳科技2025年半年度报告,True,False,False
688112,鼎阳科技,v5_hydrated,/Users/xiwei/stock_research/outputs/research/tech_bottleneck_expansion_queue_primary_source_backfill_v1/cninfo_primary_source_pdfs/688112_鼎阳科技_2026-03-25_年报_鼎阳科技2025年年度报告_1225028414.pdf,annual_report,鼎阳科技2025年年度报告,True,False,False
688112,鼎阳科技,v5_hydrated,/Users/xiwei/stock_research/outputs/research/tech_bottleneck_expansion_queue_primary_source_backfill_v1/cninfo_primary_source_pdfs/688112_鼎阳科技_2026-07-02_日常经营_鼎阳科技关于自愿披露公司发布新产品的公告_1225403005.pdf,announcement,鼎阳科技关于自愿披露公司发布新产品的公告,True,False,False
688114,华大智造,v5_hydrated,/Users/xiwei/stock_research/outputs/research/tech_bottleneck_latent_pending_primary_source_collection_v1/cninfo_primary_source_pdfs/688114_华大智造_2025-08-23_半年报_2025年半年度报告_1224561494.pdf,interim_report,2025年半年度报告,True,False,False
688114,华大智造,v5_hydrated,/Users/xiwei/stock_research/outputs/research/tech_bottleneck_latent_pending_primary_source_collection_v1/cninfo_primary_source_pdfs/688114_华大智造_2026-04-25_年报_2025年年度报告_1225194780.pdf,annual_report,2025年年度报告,True,False,False
688114,华大智造,v5_hydrated,/Users/xiwei/stock_research/outputs/research/tech_bottleneck_latent_pending_primary_source_collection_v1/cninfo_primary_source_pdfs/688114_华大智造_2026-06-24_日常经营_关于与专业机构合作设立投资基金暨关联交易的公告_1225384013.pdf,announcement,关于与专业机构合作设立投资基金暨关联交易的公告,True,False,False
688120,华海清科,v5_hydrated,/Users/xiwei/stock_research/outputs/research/tech_bottleneck_remaining_primary_source_collection_v1/cninfo_primary_source_pdfs/688120_华海清科_2025-08-29_半年报_2025年半年度报告_1224611390.pdf,interim_report,2025年半年度报告,True,False,False
688120,华海清科,v5_hydrated,/Users/xiwei/stock_research/outputs/research/tech_bottleneck_remaining_primary_source_collection_v1/cninfo_primary_source_pdfs/688120_华海清科_2026-04-23_年报_2025年年度报告_1225156951.pdf,annual_report,2025年年度报告,True,False,False
688120,华海清科,v5_hydrated,/Users/xiwei/stock_research/outputs/research/tech_bottleneck_remaining_primary_source_collection_v1/cninfo_primary_source_pdfs/688120_华海清科_2026-07-04_日常经营_关于向特定对象发行A股股票申请获得上海证券交易所审核通过的公告_1225408144.pdf,announcement,关于向特定对象发行A股股票申请获得上海证券交易所审核通过的公告,True,False,False
688125,安达智能,v5_hydrated,/Users/xiwei/stock_research/outputs/research/tech_bottleneck_false_negative_rescue_primary_source_backfill_v1/cninfo_primary_source_pdfs/688125_安达智能_2025-08-29_半年报_2025年半年度报告_1224615390.pdf,interim_report,2025年半年度报告,True,False,False
688125,安达智能,v5_hydrated,/Users/xiwei/stock_research/outputs/research/tech_bottleneck_false_negative_rescue_primary_source_backfill_v1/cninfo_primary_source_pdfs/688125_安达智能_2026-04-24_年报_2025年年度报告_1225173067.pdf,annual_report,2025年年度报告,True,False,False
688125,安达智能,v5_hydrated,/Users/xiwei/stock_research/outputs/research/tech_bottleneck_false_negative_rescue_primary_source_backfill_v1/cninfo_primary_source_pdfs/688125_安达智能_2026-05-15_日常经营_关于参加十五五·未来产业——科创企业产业迭代与创新赋能之2025年度智能制造行业集体业绩说明会暨召开2026年第一季度业绩说明会的公告_1225305718.pdf,announcement,关于参加十五五·未来产业——科创企业产业迭代与创新赋能之2025年度智能制造行业集体业绩说明会暨召开2026年第一季度业绩说明会的公告,True,False,False
688127,蓝特光学,v5_hydrated,/Users/xiwei/stock_research/outputs/research/tech_bottleneck_false_negative_rescue_primary_source_backfill_v1/cninfo_primary_source_pdfs/688127_蓝特光学_2025-08-22_半年报_2025年半年度报告_1224533870.pdf,interim_report,2025年半年度报告,True,False,False
688127,蓝特光学,v5_hydrated,/Users/xiwei/stock_research/outputs/research/tech_bottleneck_false_negative_rescue_primary_source_backfill_v1/cninfo_primary_source_pdfs/688127_蓝特光学_2026-03-17_年报_2025年年度报告_1225013060.pdf,annual_report,2025年年度报告,True,False,False
688127,蓝特光学,v5_hydrated,/Users/xiwei/stock_research/outputs/research/tech_bottleneck_false_negative_rescue_primary_source_backfill_v1/cninfo_primary_source_pdfs/688127_蓝特光学_2026-06-11_日常经营_关于向特定对象发行股票申请文件的审核问询函回复的提示性公告_1225362761.pdf,announcement,关于向特定对象发行股票申请文件的审核问询函回复的提示性公告,True,False,False
688138,清溢光电,v7_proposal_new,/Users/xiwei/stock_research/outputs/research/tech_bottleneck_latent_manual_review_collection_batch1_v1/cninfo_primary_source_pdfs/688138_清溢光电_2025-08-26_半年报_2025年半年度报告_1224571814.pdf,interim_report,2025年半年度报告,True,False,False
688138,清溢光电,v7_proposal_new,/Users/xiwei/stock_research/outputs/research/tech_bottleneck_latent_manual_review_collection_batch1_v1/cninfo_primary_source_pdfs/688138_清溢光电_2026-04-27_年报_2025年年度报告_1225197584.pdf,annual_report,2025年年度报告,True,False,False
688138,清溢光电,v7_proposal_new,/Users/xiwei/stock_research/outputs/research/tech_bottleneck_latent_manual_review_collection_batch1_v1/cninfo_primary_source_pdfs/688138_清溢光电_2026-07-07_日常经营_关于注销部分募集资金专户的公告_1225412460.pdf,announcement,关于注销部分募集资金专户的公告,True,False,False
688143,长盈通,v5_hydrated,/Users/xiwei/stock_research/outputs/research/tech_bottleneck_expansion_queue_primary_source_backfill_v1/cninfo_primary_source_pdfs/688143_长盈通_2025-08-28_半年报_2025年半年度报告_1224590159.pdf,interim_report,2025年半年度报告,True,False,False
688143,长盈通,v5_hydrated,/Users/xiwei/stock_research/outputs/research/tech_bottleneck_expansion_queue_primary_source_backfill_v1/cninfo_primary_source_pdfs/688143_长盈通_2026-04-29_年报_2025年年度报告_1225230072.pdf,annual_report,2025年年度报告,True,False,False
688143,长盈通,v5_hydrated,/Users/xiwei/stock_research/outputs/research/tech_bottleneck_expansion_queue_primary_source_backfill_v1/cninfo_primary_source_pdfs/688143_长盈通_2026-07-04_日常经营_2026年员工持股计划第一次[research-redacted]人会议决议公告_1225409433.pdf,announcement,2026年员工持股计划第一次[research-redacted]人会议决议公告,True,False,False
688146,中船特气,v5_hydrated,/Users/xiwei/stock_research/outputs/research/tech_bottleneck_data_gap_primary_source_backfill_v1/cninfo_primary_source_pdfs/688146_中船特气_2025-08-23_半年报_中船特气2025年半年度报告_1224554353.pdf,interim_report,中船特气2025年半年度报告,True,False,False
688146,中船特气,v5_hydrated,/Users/xiwei/stock_research/outputs/research/tech_bottleneck_data_gap_primary_source_backfill_v1/cninfo_primary_source_pdfs/688146_中船特气_2026-04-21_年报_中船特气2025年年度报告_1225127119.pdf,annual_report,中船特气2025年年度报告,True,False,False
688146,中船特气,v5_hydrated,/Users/xiwei/stock_research/outputs/research/tech_bottleneck_data_gap_primary_source_backfill_v1/cninfo_primary_source_pdfs/688146_中船特气_2026-06-26_日常经营_中船特气关于股票交易停牌核查结果暨复牌的公告_1225388710.pdf,announcement,中船特气关于股票交易停牌核查结果暨复牌的公告,True,False,False
688147,微导纳米,v5_hydrated,/Users/xiwei/stock_research/outputs/research/tech_bottleneck_expansion_queue_primary_source_backfill_v1/cninfo_primary_source_pdfs/688147_微导纳米_2025-08-29_半年报_江苏微导纳米科技股份有限公司2025年半年度报告_1224612592.pdf,interim_report,江苏微导纳米科技股份有限公司2025年半年度报告,True,False,False
688147,微导纳米,v5_hydrated,/Users/xiwei/stock_research/outputs/research/tech_bottleneck_expansion_queue_primary_source_backfill_v1/cninfo_primary_source_pdfs/688147_微导纳米_2026-04-29_年报_江苏微导纳米科技股份有限公司2025年年度报告_1225246676.pdf,annual_report,江苏微导纳米科技股份有限公司2025年年度报告,True,False,False
688147,微导纳米,v5_hydrated,/Users/xiwei/stock_research/outputs/research/tech_bottleneck_expansion_queue_primary_source_backfill_v1/cninfo_primary_source_pdfs/688147_微导纳米_2026-06-26_日常经营_江苏微导纳米科技股份有限公司关于注销部分募集资金专户的公告_1225387369.pdf,announcement,江苏微导纳米科技股份有限公司关于注销部分募集资金专户的公告,True,False,False
688167,炬光科技,v5_hydrated,/Users/xiwei/stock_research/outputs/research/tech_bottleneck_expansion_queue_primary_source_backfill_v1/cninfo_primary_source_pdfs/688167_炬光科技_2025-08-29_半年报_西安炬光科技股份有限公司2025年半年度报告_1224603358.pdf,interim_report,西安炬光科技股份有限公司2025年半年度报告,True,False,False
688167,炬光科技,v5_hydrated,/Users/xiwei/stock_research/outputs/research/tech_bottleneck_expansion_queue_primary_source_backfill_v1/cninfo_primary_source_pdfs/688167_炬光科技_2026-04-29_年报_西安炬光科技股份有限公司2025年年度报告_1225227562.pdf,annual_report,西安炬光科技股份有限公司2025年年度报告,True,False,False
688167,炬光科技,v5_hydrated,/Users/xiwei/stock_research/outputs/research/tech_bottleneck_expansion_queue_primary_source_backfill_v1/cninfo_primary_source_pdfs/688167_炬光科技_2026-06-19_日常经营_西安炬光科技股份有限公司关于核心技术人员离职的公告_1225378362.pdf,announcement,西安炬光科技股份有限公司关于核心技术人员离职的公告,True,False,False
688170,德龙激光,v5_hydrated,/Users/xiwei/stock_research/outputs/research/tech_bottleneck_false_negative_rescue_primary_source_backfill_v1/cninfo_primary_source_pdfs/688170_德龙激光_2025-08-29_半年报_德龙激光2025年半年度报告_1224611069.pdf,interim_report,德龙激光2025年半年度报告,True,False,False
688170,德龙激光,v5_hydrated,/Users/xiwei/stock_research/outputs/research/tech_bottleneck_false_negative_rescue_primary_source_backfill_v1/cninfo_primary_source_pdfs/688170_德龙激光_2026-04-28_年报_德龙激光2025年年度报告_1225219559.pdf,annual_report,德龙激光2025年年度报告,True,False,False
688170,德龙激光,v5_hydrated,/Users/xiwei/stock_research/outputs/research/tech_bottleneck_false_negative_rescue_primary_source_backfill_v1/cninfo_primary_source_pdfs/688170_德龙激光_2026-06-23_日常经营_德龙激光关于本次募集资金投向属于科技创新领域的说明_1225382091.pdf,announcement,德龙激光关于本次募集资金投向属于科技创新领域的说明,True,False,False
688181,八亿时空,v5_targeted_hydrated,/Users/xiwei/stock_research/outputs/research/data_to_brief_docling_90_stock_pdf_acquisition_v1/yanbaoke_pdfs/2022-08-17-上交所-八亿时空2022年半年度报告_173页_2mb.pdf,local_pdf,2022-08-17-上交所-八亿时空2022年半年度报告_173页_2mb.pdf,True,False,False
688183,生益电子,v5_hydrated,/Users/xiwei/stock_research/outputs/research/tech_bottleneck_expansion_queue_primary_source_backfill_v1/cninfo_primary_source_pdfs/688183_生益电子_2025-08-16_半年报_生益电子2025年半年度报告_1224497136.pdf,interim_report,生益电子2025年半年度报告,True,False,False
688183,生益电子,v5_hydrated,/Users/xiwei/stock_research/outputs/research/tech_bottleneck_expansion_queue_primary_source_backfill_v1/cninfo_primary_source_pdfs/688183_生益电子_2026-04-24_年报_生益电子2025年年度报告_1225167248.pdf,annual_report,生益电子2025年年度报告,True,False,False
688183,生益电子,v5_hydrated,/Users/xiwei/stock_research/outputs/research/tech_bottleneck_expansion_queue_primary_source_backfill_v1/cninfo_primary_source_pdfs/688183_生益电子_2026-06-09_日常经营_生益电子关于2025年度向特定对象发行A股股票申请收到中国证券监督管理委员会同意注册批复的公告_1225357456.pdf,announcement,生益电子关于2025年度向特定对象发行A股股票申请收到中国证券监督管理委员会同意注册批复的公告,True,False,False
688187,时代电气,v5_hydrated,/Users/xiwei/stock_research/outputs/research/tech_bottleneck_latent_pending_primary_source_collection_v1/cninfo_primary_source_pdfs/688187_时代电气_2025-08-23_半年报_株洲中车时代电气股份有限公司2025年半年度报告_1224557530.pdf,interim_report,株洲中车时代电气股份有限公司2025年半年度报告,True,False,False
688187,时代电气,v5_hydrated,/Users/xiwei/stock_research/outputs/research/tech_bottleneck_latent_pending_primary_source_collection_v1/cninfo_primary_source_pdfs/688187_时代电气_2026-03-28_年报_株洲中车时代股份有限公司2025年年度报告_1225041946.pdf,annual_report,株洲中车时代股份有限公司2025年年度报告,True,False,False
688187,时代电气,v5_hydrated,/Users/xiwei/stock_research/outputs/research/tech_bottleneck_latent_pending_primary_source_collection_v1/cninfo_primary_source_pdfs/688187_时代电气_2026-07-07_日常经营_株洲中车时代电气股份有限公司关于变更持续督导保荐代表人的公告_1225411185.pdf,announcement,株洲中车时代电气股份有限公司关于变更持续督导保荐代表人的公告,True,False,False
688188,柏楚电子,v7_proposal_new,/Users/xiwei/stock_research/outputs/research/tech_bottleneck_latent_manual_review_standard_collection_v1/cninfo_primary_source_pdfs/688188_柏楚电子_2025-08-22_半年报_2025年半年度报告_1224531818.pdf,interim_report,2025年半年度报告,True,False,False
688188,柏楚电子,v7_proposal_new,/Users/xiwei/stock_research/outputs/research/tech_bottleneck_latent_manual_review_standard_collection_v1/cninfo_primary_source_pdfs/688188_柏楚电子_2026-04-10_年报_2025年年度报告_1225091045.pdf,annual_report,2025年年度报告,True,False,False
688188,柏楚电子,v7_proposal_new,/Users/xiwei/stock_research/outputs/research/tech_bottleneck_latent_manual_review_standard_collection_v1/cninfo_primary_source_pdfs/688188_柏楚电子_2026-06-03_日常经营_关于召开2025年年度暨2026年第一季度业绩说明会的公告_1225345297.pdf,announcement,关于召开2025年年度暨2026年第一季度业绩说明会的公告,True,False,False
688190,云路股份,v5_hydrated,/Users/xiwei/stock_research/outputs/research/tech_bottleneck_remaining_primary_source_collection_v1/cninfo_primary_source_pdfs/688190_云路股份_2025-08-30_半年报_2025年半年度报告_1224619674.pdf,interim_report,2025年半年度报告,True,False,False
688190,云路股份,v5_hydrated,/Users/xiwei/stock_research/outputs/research/tech_bottleneck_remaining_primary_source_collection_v1/cninfo_primary_source_pdfs/688190_云路股份_2026-03-31_年报_2025年年度报告_1225058703.pdf,annual_report,2025年年度报告,True,False,False
688190,云路股份,v5_hydrated,/Users/xiwei/stock_research/outputs/research/tech_bottleneck_remaining_primary_source_collection_v1/cninfo_primary_source_pdfs/688190_云路股份_2026-07-01_日常经营_关于使用节余募集资金及超募资金投资建设新项目暨部分募投项目延期的公告_1225401112.pdf,announcement,关于使用节余募集资金及超募资金投资建设新项目暨部分募投项目延期的公告,True,False,False
688195,腾景科技,v5_hydrated,/Users/xiwei/stock_research/outputs/research/tech_bottleneck_expansion_queue_primary_source_backfill_v1/cninfo_primary_source_pdfs/688195_腾景科技_2025-08-30_半年报_腾景科技2025年半年度报告_1224622870.pdf,interim_report,腾景科技2025年半年度报告,True,False,False
688195,腾景科技,v5_hydrated,/Users/xiwei/stock_research/outputs/research/tech_bottleneck_expansion_queue_primary_source_backfill_v1/cninfo_primary_source_pdfs/688195_腾景科技_2026-04-25_年报_腾景科技2025年年度报告_1225177429.pdf,annual_report,腾景科技2025年年度报告,True,False,False
688195,腾景科技,v5_hydrated,/Users/xiwei/stock_research/outputs/research/tech_bottleneck_expansion_queue_primary_source_backfill_v1/cninfo_primary_source_pdfs/688195_腾景科技_2026-07-07_日常经营_腾景科技关于完成工商变更登记并换发营业执照的公告_1225410814.pdf,announcement,腾景科技关于完成工商变更登记并换发营业执照的公告,True,False,False
688199,久日新材,v5_hydrated,/Users/xiwei/stock_research/outputs/research/tech_bottleneck_data_gap_primary_source_backfill_v1/cninfo_primary_source_pdfs/688199_久日新材_2025-08-23_半年报_天津久日新材料股份有限公司2025年半年度报告_1224559589.pdf,interim_report,天津久日新材料股份有限公司2025年半年度报告,True,False,False
688199,久日新材,v5_hydrated,/Users/xiwei/stock_research/outputs/research/tech_bottleneck_data_gap_primary_source_backfill_v1/cninfo_primary_source_pdfs/688199_久日新材_2026-04-25_年报_天津久日新材料股份有限公司2025年年度报告_1225188188.pdf,annual_report,天津久日新材料股份有限公司2025年年度报告,True,False,False
688199,久日新材,v5_hydrated,/Users/xiwei/stock_research/outputs/research/tech_bottleneck_data_gap_primary_source_backfill_v1/cninfo_primary_source_pdfs/688199_久日新材_2026-06-27_日常经营_天津久日新材料股份有限公司关于参与发起设立股权投资基金暨关联交易的公告_1225391521.pdf,announcement,天津久日新材料股份有限公司关于参与发起设立股权投资基金暨关联交易的公告,True,False,False
688200,华峰测控,v5_hydrated,/Users/xiwei/stock_research/outputs/research/tech_bottleneck_expansion_queue_primary_source_backfill_v1/cninfo_primary_source_pdfs/688200_华峰测控_2025-08-30_半年报_华峰测控2025年半年度报告_1224620330.pdf,interim_report,华峰测控2025年半年度报告,True,False,False
688200,华峰测控,v5_hydrated,/Users/xiwei/stock_research/outputs/research/tech_bottleneck_expansion_queue_primary_source_backfill_v1/cninfo_primary_source_pdfs/688200_华峰测控_2026-04-29_年报_华峰测控2025年度报告_1225240540.pdf,annual_report,华峰测控2025年度报告,True,False,False
688200,华峰测控,v5_hydrated,/Users/xiwei/stock_research/outputs/research/tech_bottleneck_expansion_queue_primary_source_backfill_v1/cninfo_primary_source_pdfs/688200_华峰测控_2026-06-02_日常经营_华峰测控关于部分募投项目募集资金使用完毕暨募集资金专户销户完成的公告_1225343704.pdf,announcement,华峰测控关于部分募投项目募集资金使用完毕暨募集资金专户销户完成的公告,True,False,False
688208,道通科技,v7_proposal_new,/Users/xiwei/stock_research/outputs/research/tech_bottleneck_latent_manual_review_standard_collection_v1/cninfo_primary_source_pdfs/688208_道通科技_2025-08-16_半年报_道通科技2025年半年度报告_1224499886.pdf,interim_report,道通科技2025年半年度报告,True,False,False
688208,道通科技,v7_proposal_new,/Users/xiwei/stock_research/outputs/research/tech_bottleneck_latent_manual_review_standard_collection_v1/cninfo_primary_source_pdfs/688208_道通科技_2026-03-21_年报_道通科技2025年年度报告_1225023004.pdf,annual_report,道通科技2025年年度报告,True,False,False
688208,道通科技,v7_proposal_new,/Users/xiwei/stock_research/outputs/research/tech_bottleneck_latent_manual_review_standard_collection_v1/cninfo_primary_source_pdfs/688208_道通科技_2026-07-03_日常经营_2026-045道通科技关于2024年员工持股计划存续期即将届满的提示性公告_1225405803.pdf,announcement,2026-045道通科技关于2024年员工持股计划存续期即将届满的提示性公告,True,False,False
688213,思特威,v7_proposal_new,/Users/xiwei/stock_research/outputs/research/tech_bottleneck_latent_manual_review_standard_collection_v1/cninfo_primary_source_pdfs/688213_思特威_2025-08-23_半年报_2025年半年度报告_1224555156.pdf,interim_report,2025年半年度报告,True,False,False
688213,思特威,v7_proposal_new,/Users/xiwei/stock_research/outputs/research/tech_bottleneck_latent_manual_review_standard_collection_v1/cninfo_primary_source_pdfs/688213_思特威_2026-03-28_年报_2025年年度报告_1225047323.pdf,annual_report,2025年年度报告,True,False,False
688213,思特威,v7_proposal_new,/Users/xiwei/stock_research/outputs/research/tech_bottleneck_latent_manual_review_standard_collection_v1/cninfo_primary_source_pdfs/688213_思特威_2026-05-07_日常经营_安永华明会计师事务所（特殊普通合伙）关于对思特威（上海）电子科技股份有限公司向特定对象发行股票申请文件的审核问询函回复的专项说明_1225280802.pdf,announcement,安永华明会计师事务所（特殊普通合伙）关于对思特威（上海）电子科技股份有限公司向特定对象发行股票申请文件的审核问询函回复的专项说明,True,False,False
688215,瑞晟智能,v5_hydrated,/Users/xiwei/stock_research/outputs/research/tech_bottleneck_false_negative_rescue_primary_source_backfill_v1/cninfo_primary_source_pdfs/688215_瑞晟智能_2025-08-28_半年报_浙江瑞晟智能科技股份有限公司2025年半年度报告_1224589296.pdf,interim_report,浙江瑞晟智能科技股份有限公司2025年半年度报告,True,False,False
688215,瑞晟智能,v5_hydrated,/Users/xiwei/stock_research/outputs/research/tech_bottleneck_false_negative_rescue_primary_source_backfill_v1/cninfo_primary_source_pdfs/688215_瑞晟智能_2026-04-25_年报_浙江瑞晟智能科技股份有限公司2025年年度报告_1225178222.pdf,annual_report,浙江瑞晟智能科技股份有限公司2025年年度报告,True,False,False
688215,瑞晟智能,v5_hydrated,/Users/xiwei/stock_research/outputs/research/tech_bottleneck_false_negative_rescue_primary_source_backfill_v1/cninfo_primary_source_pdfs/688215_瑞晟智能_2026-06-16_日常经营_浙江瑞晟智能科技股份有限公司关于对公司2025年年度报告的信息披露监管问询函的回复公告_1225372307.pdf,announcement,浙江瑞晟智能科技股份有限公司关于对公司2025年年度报告的信息披露监管问询函的回复公告,True,False,False
688218,江苏北人,v5_hydrated,/Users/xiwei/stock_research/outputs/research/tech_bottleneck_expansion_queue_primary_source_backfill_v1/cninfo_primary_source_pdfs/688218_江苏北人_2025-08-30_半年报_2025年半年度报告_1224618909.pdf,interim_report,2025年半年度报告,True,False,False
688218,江苏北人,v5_hydrated,/Users/xiwei/stock_research/outputs/research/tech_bottleneck_expansion_queue_primary_source_backfill_v1/cninfo_primary_source_pdfs/688218_江苏北人_2026-04-30_年报_2025年年度报告全文_1225259116.pdf,annual_report,2025年年度报告全文,True,False,False
688218,江苏北人,v5_hydrated,/Users/xiwei/stock_research/outputs/research/tech_bottleneck_expansion_queue_primary_source_backfill_v1/cninfo_primary_source_pdfs/688218_江苏北人_2026-06-23_日常经营_关于完成工商变更登记并换发营业执照的公告_1225380466.pdf,announcement,关于完成工商变更登记并换发营业执照的公告,True,False,False
688227,品高股份,v5_hydrated,/Users/xiwei/stock_research/outputs/research/tech_bottleneck_expansion_queue_primary_source_backfill_v1/cninfo_primary_source_pdfs/688227_品高股份_2025-08-27_半年报_2025年半年度报告_1224582698.pdf,interim_report,2025年半年度报告,True,False,False
688227,品高股份,v5_hydrated,/Users/xiwei/stock_research/outputs/research/tech_bottleneck_expansion_queue_primary_source_backfill_v1/cninfo_primary_source_pdfs/688227_品高股份_2026-04-23_年报_2025年年度报告_合并报告_1225152365.pdf,annual_report,2025年年度报告_合并报告,True,False,False
688227,品高股份,v5_hydrated,/Users/xiwei/stock_research/outputs/research/tech_bottleneck_expansion_queue_primary_source_backfill_v1/cninfo_primary_source_pdfs/688227_品高股份_2026-06-27_日常经营_关于对外投资进展暨完成工商登记的公告_1225391987.pdf,announcement,关于对外投资进展暨完成工商登记的公告,True,False,False
688233,神工股份,v5_hydrated,/Users/xiwei/stock_research/outputs/research/tech_bottleneck_likely_core_36_primary_source_backfill_v1/cninfo_primary_source_pdfs/688233_神工股份_2025-08-23_半年报_锦州神工半导体股份有限公司2025年半年度报告_1224557117.pdf,interim_report,锦州神工半导体股份有限公司2025年半年度报告,True,False,False
688233,神工股份,v5_hydrated,/Users/xiwei/stock_research/outputs/research/tech_bottleneck_likely_core_36_primary_source_backfill_v1/cninfo_primary_source_pdfs/688233_神工股份_2026-03-21_年报_锦州神工半导体股份有限公司2025年年度报告_1225023708.pdf,annual_report,锦州神工半导体股份有限公司2025年年度报告,True,False,False
688233,神工股份,v5_hydrated,/Users/xiwei/stock_research/outputs/research/tech_bottleneck_likely_core_36_primary_source_backfill_v1/cninfo_primary_source_pdfs/688233_神工股份_2026-05-30_日常经营_锦州神工半导体股份有限公司关于财务总监辞任及聘任财务总监的公告_1225338890.pdf,announcement,锦州神工半导体股份有限公司关于财务总监辞任及聘任财务总监的公告,True,False,False
688234,天岳先进,v5_hydrated,/Users/xiwei/stock_research/outputs/research/tech_bottleneck_expansion_queue_primary_source_backfill_v1/cninfo_primary_source_pdfs/688234_天岳先进_2025-08-30_半年报_山东天岳先进科技股份有限公司2025年半年度报告_1224625222.pdf,interim_report,山东天岳先进科技股份有限公司2025年半年度报告,True,False,False
688234,天岳先进,v5_hydrated,/Users/xiwei/stock_research/outputs/research/tech_bottleneck_expansion_queue_primary_source_backfill_v1/cninfo_primary_source_pdfs/688234_天岳先进_2026-03-28_年报_山东天岳先进科技股份有限公司2025年年度报告_1225049103.pdf,annual_report,山东天岳先进科技股份有限公司2025年年度报告,True,False,False
688234,天岳先进,v5_hydrated,/Users/xiwei/stock_research/outputs/research/tech_bottleneck_expansion_queue_primary_source_backfill_v1/cninfo_primary_source_pdfs/688234_天岳先进_2026-07-02_日常经营_H股公告-截至二零二六年六月三十日止股份发行人的证券变动月报表_1225406806.pdf,announcement,H股公告-截至二零二六年六月三十日止股份发行人的证券变动月报表,True,False,False
688257,新锐股份,v5_hydrated,/Users/xiwei/stock_research/outputs/research/tech_bottleneck_data_gap_primary_source_backfill_v1/cninfo_primary_source_pdfs/688257_新锐股份_2025-08-28_半年报_新锐股份2025年半年度报告_1224596762.pdf,interim_report,新锐股份2025年半年度报告,True,False,False
688257,新锐股份,v5_hydrated,/Users/xiwei/stock_research/outputs/research/tech_bottleneck_data_gap_primary_source_backfill_v1/cninfo_primary_source_pdfs/688257_新锐股份_2026-04-14_年报_新锐股份2025年年度报告_1225099574.pdf,annual_report,新锐股份2025年年度报告,True,False,False
688257,新锐股份,v5_hydrated,/Users/xiwei/stock_research/outputs/research/tech_bottleneck_data_gap_primary_source_backfill_v1/cninfo_primary_source_pdfs/688257_新锐股份_2026-06-16_日常经营_新锐股份关于2026年度向特定对象发行A股股票申请获得上海证券交易所审核通过的公告_1225370669.pdf,announcement,新锐股份关于2026年度向特定对象发行A股股票申请获得上海证券交易所审核通过的公告,True,False,False
688258,卓易信息,v5_hydrated,/Users/xiwei/stock_research/outputs/research/tech_bottleneck_expansion_queue_primary_source_backfill_v1/cninfo_primary_source_pdfs/688258_卓易信息_2025-08-28_半年报_江苏卓易信息科技股份有限公司2025年半年度报告_1224595599.pdf,interim_report,江苏卓易信息科技股份有限公司2025年半年度报告,True,False,False
688258,卓易信息,v5_hydrated,/Users/xiwei/stock_research/outputs/research/tech_bottleneck_expansion_queue_primary_source_backfill_v1/cninfo_primary_source_pdfs/688258_卓易信息_2026-04-21_年报_江苏卓易信息科技股份有限公司2025年年度报告_1225130220.pdf,annual_report,江苏卓易信息科技股份有限公司2025年年度报告,True,False,False
688258,卓易信息,v5_hydrated,/Users/xiwei/stock_research/outputs/research/tech_bottleneck_expansion_queue_primary_source_backfill_v1/cninfo_primary_source_pdfs/688258_卓易信息_2026-06-06_日常经营_江苏卓易信息科技股份有限公司关于变更经营范围并修订《公司章程》及修订《董事、高级管理人员薪酬管理办法》的公告_1225354954.pdf,announcement,江苏卓易信息科技股份有限公司关于变更经营范围并修订《公司章程》及修订《董事、高级管理人员薪酬管理办法》的公告,True,False,False
688261,东微半导,v5_hydrated,/Users/xiwei/stock_research/outputs/research/tech_bottleneck_remaining_primary_source_collection_v1/cninfo_primary_source_pdfs/688261_东微半导_2025-08-29_半年报_苏州东微半导体股份有限公司2025年半年度报告_1224609475.pdf,interim_report,苏州东微半导体股份有限公司2025年半年度报告,True,False,False
688261,东微半导,v5_hydrated,/Users/xiwei/stock_research/outputs/research/tech_bottleneck_remaining_primary_source_collection_v1/cninfo_primary_source_pdfs/688261_东微半导_2026-04-28_年报_苏州东微半导体股份有限公司2025年年度报告_1225219272.pdf,annual_report,苏州东微半导体股份有限公司2025年年度报告,True,False,False
688261,东微半导,v5_hydrated,/Users/xiwei/stock_research/outputs/research/tech_bottleneck_remaining_primary_source_collection_v1/cninfo_primary_source_pdfs/688261_东微半导_2026-07-03_日常经营_苏州东微半导体股份有限公司向不特定对象发行可转换公司债券募集资金使用可行性分析报告_1225407464.pdf,announcement,苏州东微半导体股份有限公司向不特定对象发行可转换公司债券募集资金使用可行性分析报告,True,False,False
688262,国芯科技,v7_proposal_new,/Users/xiwei/stock_research/outputs/research/tech_bottleneck_latent_manual_review_collection_batch1_v1/cninfo_primary_source_pdfs/688262_国芯科技_2025-08-27_半年报_2025年半年度报告_1224582618.pdf,interim_report,2025年半年度报告,True,False,False
688262,国芯科技,v7_proposal_new,/Users/xiwei/stock_research/outputs/research/tech_bottleneck_latent_manual_review_collection_batch1_v1/cninfo_primary_source_pdfs/688262_国芯科技_2026-04-24_年报_2025年年度报告_1225157761.pdf,annual_report,2025年年度报告,True,False,False
688262,国芯科技,v7_proposal_new,/Users/xiwei/stock_research/outputs/research/tech_bottleneck_latent_manual_review_collection_batch1_v1/cninfo_primary_source_pdfs/688262_国芯科技_2026-06-18_日常经营_关于自愿披露公司研发的汽车电子离手检测触控MCU新产品内部测试成功的公告_1225374995.pdf,announcement,关于自愿披露公司研发的汽车电子离手检测触控MCU新产品内部测试成功的公告,True,False,False
688279,峰岹科技,v7_proposal_new,/Users/xiwei/stock_research/outputs/research/tech_bottleneck_latent_manual_review_collection_batch1_v1/cninfo_primary_source_pdfs/688279_峰岹科技_2025-08-28_半年报_2025年半年度报告_1224596779.pdf,interim_report,2025年半年度报告,True,False,False
688279,峰岹科技,v7_proposal_new,/Users/xiwei/stock_research/outputs/research/tech_bottleneck_latent_manual_review_collection_batch1_v1/cninfo_primary_source_pdfs/688279_峰岹科技_2026-03-28_年报_2025年年度报告_1225048468.pdf,annual_report,2025年年度报告,True,False,False
688291,金橙子,v5_hydrated,/Users/xiwei/stock_research/outputs/research/tech_bottleneck_expansion_queue_primary_source_backfill_v1/cninfo_primary_source_pdfs/688291_金橙子_2025-08-29_半年报_2025年半年度报告_1224605305.pdf,interim_report,2025年半年度报告,True,False,False
688291,金橙子,v5_hydrated,/Users/xiwei/stock_research/outputs/research/tech_bottleneck_expansion_queue_primary_source_backfill_v1/cninfo_primary_source_pdfs/688291_金橙子_2026-03-31_年报_2025年年度报告_1225056954.pdf,annual_report,2025年年度报告,True,False,False
688291,金橙子,v5_hydrated,/Users/xiwei/stock_research/outputs/research/tech_bottleneck_expansion_queue_primary_source_backfill_v1/cninfo_primary_source_pdfs/688291_金橙子_2026-07-04_日常经营_关于调整2025年员工持股计划公司层面业绩考核指标的公告_1225409023.pdf,announcement,关于调整2025年员工持股计划公司层面业绩考核指标的公告,True,False,False
688301,奕瑞科技,v7_proposal_new,/Users/xiwei/stock_research/outputs/research/tech_bottleneck_latent_manual_review_collection_batch1_v1/cninfo_primary_source_pdfs/688301_奕瑞科技_2025-08-16_半年报_奕瑞科技2025年半年度报告_1224500686.pdf,interim_report,奕瑞科技2025年半年度报告,True,False,False
688301,奕瑞科技,v7_proposal_new,/Users/xiwei/stock_research/outputs/research/tech_bottleneck_latent_manual_review_collection_batch1_v1/cninfo_primary_source_pdfs/688301_奕瑞科技_2026-03-31_年报_奕瑞科技2025年年度报告_1225063674.pdf,annual_report,奕瑞科技2025年年度报告,True,False,False
688301,奕瑞科技,v7_proposal_new,/Users/xiwei/stock_research/outputs/research/tech_bottleneck_latent_manual_review_collection_batch1_v1/cninfo_primary_source_pdfs/688301_奕瑞科技_2026-07-08_日常经营_东方金诚国际信用评估有限公司关于对奕瑞电子科技集团股份有限公司主体及“奕瑞转债”终止评级的公告_1225413573.pdf,announcement,东方金诚国际信用评估有限公司关于对奕瑞电子科技集团股份有限公司主体及“奕瑞转债”终止评级的公告,True,False,False
688305,科德数控,v5_hydrated,/Users/xiwei/stock_research/outputs/research/tech_bottleneck_latent_pending_primary_source_collection_v1/cninfo_primary_source_pdfs/688305_科德数控_2025-08-22_半年报_科德数控股份有限公司2025年半年度报告_1224531357.pdf,interim_report,科德数控股份有限公司2025年半年度报告,True,False,False
688305,科德数控,v5_hydrated,/Users/xiwei/stock_research/outputs/research/tech_bottleneck_latent_pending_primary_source_collection_v1/cninfo_primary_source_pdfs/688305_科德数控_2026-04-21_年报_科德数控股份有限公司2025年年度报告_1225129157.pdf,annual_report,科德数控股份有限公司2025年年度报告,True,False,False
688305,科德数控,v5_hydrated,/Users/xiwei/stock_research/outputs/research/tech_bottleneck_latent_pending_primary_source_collection_v1/cninfo_primary_source_pdfs/688305_科德数控_2026-04-21_日常经营_科德数控股份有限公司2025年度内部控制评价报告_1225129297.pdf,announcement,科德数控股份有限公司2025年度内部控制评价报告,True,False,False
688309,恒誉环保,v5_hydrated,/Users/xiwei/stock_research/outputs/research/tech_bottleneck_false_negative_rescue_primary_source_backfill_v1/cninfo_primary_source_pdfs/688309_恒誉环保_2025-08-27_半年报_2025年半年度报告_1224578049.pdf,interim_report,2025年半年度报告,True,False,False
688309,恒誉环保,v5_hydrated,/Users/xiwei/stock_research/outputs/research/tech_bottleneck_false_negative_rescue_primary_source_backfill_v1/cninfo_primary_source_pdfs/688309_恒誉环保_2026-04-10_年报_2025年年度报告_1225088412.pdf,annual_report,2025年年度报告,True,False,False
688309,恒誉环保,v5_hydrated,/Users/xiwei/stock_research/outputs/research/tech_bottleneck_false_negative_rescue_primary_source_backfill_v1/cninfo_primary_source_pdfs/688309_恒誉环保_2026-05-29_日常经营_关于对上海证券交易所《关于济南恒誉环保科技股份有限公司2025年年度报告的信息披露监管问询函》的回复公告_1225336636.pdf,announcement,关于对上海证券交易所《关于济南恒誉环保科技股份有限公司2025年年度报告的信息披露监管问询函》的回复公告,True,False,False
688311,盟升电子,v7_proposal_new,/Users/xiwei/stock_research/outputs/research/tech_bottleneck_latent_manual_review_standard_collection_v1/cninfo_primary_source_pdfs/688311_盟升电子_2025-08-27_半年报_2025年半年度报告_1224579222.pdf,interim_report,2025年半年度报告,True,False,False
688311,盟升电子,v7_proposal_new,/Users/xiwei/stock_research/outputs/research/tech_bottleneck_latent_manual_review_standard_collection_v1/cninfo_primary_source_pdfs/688311_盟升电子_2026-04-22_年报_2025年年度报告全文_1225137867.pdf,annual_report,2025年年度报告全文,True,False,False
688311,盟升电子,v7_proposal_new,/Users/xiwei/stock_research/outputs/research/tech_bottleneck_latent_manual_review_standard_collection_v1/cninfo_primary_source_pdfs/688311_盟升电子_2026-05-12_日常经营_关于变更持续督导保荐代表人的公告_1225290671.pdf,announcement,关于变更持续督导保荐代表人的公告,True,False,False
688312,燕麦科技,v5_hydrated,/Users/xiwei/stock_research/outputs/research/tech_bottleneck_false_negative_rescue_primary_source_backfill_v1/cninfo_primary_source_pdfs/688312_燕麦科技_2025-08-29_半年报_2025年半年度报告_1224611398.pdf,interim_report,2025年半年度报告,True,False,False
688312,燕麦科技,v5_hydrated,/Users/xiwei/stock_research/outputs/research/tech_bottleneck_false_negative_rescue_primary_source_backfill_v1/cninfo_primary_source_pdfs/688312_燕麦科技_2026-04-11_年报_2025年年度报告_1225096753.pdf,annual_report,2025年年度报告,True,False,False
688312,燕麦科技,v5_hydrated,/Users/xiwei/stock_research/outputs/research/tech_bottleneck_false_negative_rescue_primary_source_backfill_v1/cninfo_primary_source_pdfs/688312_燕麦科技_2026-04-25_日常经营_关于召开十五五·科技自立自强——科创板集成电路核心技术攻关之2025年度半导体制造、封测行业集体业绩说明会的公告_1225177449.pdf,announcement,关于召开十五五·科技自立自强——科创板集成电路核心技术攻关之2025年度半导体制造、封测行业集体业绩说明会的公告,True,False,False
688313,仕佳光子,v5_hydrated,/Users/xiwei/stock_research/outputs/research/tech_bottleneck_expansion_queue_primary_source_backfill_v1/cninfo_primary_source_pdfs/688313_仕佳光子_2025-07-30_半年报_2025年半年度报告_1224329912.pdf,interim_report,2025年半年度报告,True,False,False
688313,仕佳光子,v5_hydrated,/Users/xiwei/stock_research/outputs/research/tech_bottleneck_expansion_queue_primary_source_backfill_v1/cninfo_primary_source_pdfs/688313_仕佳光子_2026-04-18_年报_2025年年度报告_1225122538.pdf,annual_report,2025年年度报告,True,False,False
688313,仕佳光子,v5_hydrated,/Users/xiwei/stock_research/outputs/research/tech_bottleneck_expansion_queue_primary_source_backfill_v1/cninfo_primary_source_pdfs/688313_仕佳光子_2026-06-24_日常经营_关于持股5%以上股东部分股份质押的公告_1225383032.pdf,announcement,关于持股5%以上股东部分股份质押的公告,True,False,False
688328,深科达,v5_hydrated,/Users/xiwei/stock_research/outputs/research/tech_bottleneck_false_negative_rescue_primary_source_backfill_v1/cninfo_primary_source_pdfs/688328_深科达_2025-08-22_半年报_2025年半年度报告_1224532763.pdf,interim_report,2025年半年度报告,True,False,False
688328,深科达,v5_hydrated,/Users/xiwei/stock_research/outputs/research/tech_bottleneck_false_negative_rescue_primary_source_backfill_v1/cninfo_primary_source_pdfs/688328_深科达_2026-04-17_年报_2025年年度报告_1225113586.pdf,annual_report,2025年年度报告,True,False,False
688328,深科达,v5_hydrated,/Users/xiwei/stock_research/outputs/research/tech_bottleneck_false_negative_rescue_primary_source_backfill_v1/cninfo_primary_source_pdfs/688328_深科达_2026-06-24_日常经营_关于使用暂时闲置募集资金临时补充流动资金的公告_1225384247.pdf,announcement,关于使用暂时闲置募集资金临时补充流动资金的公告,True,False,False
688335,复洁科技,v5_hydrated,/Users/xiwei/stock_research/outputs/research/tech_bottleneck_false_negative_rescue_primary_source_backfill_v1/cninfo_primary_source_pdfs/688335_复洁科技_2025-08-28_半年报_2025年半年度报告_1224587454.pdf,interim_report,2025年半年度报告,True,False,False
688335,复洁科技,v5_hydrated,/Users/xiwei/stock_research/outputs/research/tech_bottleneck_false_negative_rescue_primary_source_backfill_v1/cninfo_primary_source_pdfs/688335_复洁科技_2026-04-25_年报_2025年年度报告_1225178425.pdf,annual_report,2025年年度报告,True,False,False
688335,复洁科技,v5_hydrated,/Users/xiwei/stock_research/outputs/research/tech_bottleneck_false_negative_rescue_primary_source_backfill_v1/cninfo_primary_source_pdfs/688335_复洁科技_2026-06-30_日常经营_关于注销部分募集资金专项账户的公告_1225395203.pdf,announcement,关于注销部分募集资金专项账户的公告,True,False,False
688337,普源精电,v7_proposal_new,/Users/xiwei/stock_research/outputs/research/tech_bottleneck_latent_manual_review_collection_batch1_v1/cninfo_primary_source_pdfs/688337_普源精电_2025-08-28_半年报_普源精电科技股份有限公司2025年半年度报告_1224588665.pdf,interim_report,普源精电科技股份有限公司2025年半年度报告,True,False,False
688337,普源精电,v7_proposal_new,/Users/xiwei/stock_research/outputs/research/tech_bottleneck_latent_manual_review_collection_batch1_v1/cninfo_primary_source_pdfs/688337_普源精电_2026-03-26_年报_普源精电科技股份有限公司2025年年度报告_1225031855.pdf,annual_report,普源精电科技股份有限公司2025年年度报告,True,False,False
688337,普源精电,v7_proposal_new,/Users/xiwei/stock_research/outputs/research/tech_bottleneck_latent_manual_review_collection_batch1_v1/cninfo_primary_source_pdfs/688337_普源精电_2026-07-01_日常经营_普源精电科技股份有限公司关于刊发H股招股说明书、H股发行价格上限及H股香港公开发售等事宜的公告_1225400199.pdf,announcement,普源精电科技股份有限公司关于刊发H股招股说明书、H股发行价格上限及H股香港公开发售等事宜的公告,True,False,False
688348,昱能科技,v5_hydrated,/Users/xiwei/stock_research/outputs/research/tech_bottleneck_latent_standard_backfill_queue_v1/cninfo_primary_source_pdfs/688348_昱能科技_2025-08-30_半年报_2025年半年度报告_1224627036.pdf,interim_report,2025年半年度报告,True,False,False
688348,昱能科技,v5_hydrated,/Users/xiwei/stock_research/outputs/research/tech_bottleneck_latent_standard_backfill_queue_v1/cninfo_primary_source_pdfs/688348_昱能科技_2026-04-30_年报_2025年年度报告_1225259857.pdf,annual_report,2025年年度报告,True,False,False
688348,昱能科技,v5_hydrated,/Users/xiwei/stock_research/outputs/research/tech_bottleneck_latent_standard_backfill_queue_v1/cninfo_primary_source_pdfs/688348_昱能科技_2026-06-23_日常经营_关于新增募集资金专户并签订募集资金专户存储三方监管协议的公告_1225381395.pdf,announcement,关于新增募集资金专户并签订募集资金专户存储三方监管协议的公告,True,False,False
688361,中科飞测,v5_hydrated,/Users/xiwei/stock_research/outputs/research/tech_bottleneck_remaining_primary_source_collection_v1/cninfo_primary_source_pdfs/688361_中科飞测_2025-08-19_半年报_深圳中科飞测科技股份有限公司2025年半年度报告_1224504080.pdf,interim_report,深圳中科飞测科技股份有限公司2025年半年度报告,True,False,False
688361,中科飞测,v5_hydrated,/Users/xiwei/stock_research/outputs/research/tech_bottleneck_remaining_primary_source_collection_v1/cninfo_primary_source_pdfs/688361_中科飞测_2026-04-25_年报_深圳中科飞测科技股份有限公司2025年年度报告_1225182753.pdf,annual_report,深圳中科飞测科技股份有限公司2025年年度报告,True,False,False
688361,中科飞测,v5_hydrated,/Users/xiwei/stock_research/outputs/research/tech_bottleneck_remaining_primary_source_collection_v1/cninfo_primary_source_pdfs/688361_中科飞测_2026-07-02_日常经营_深圳中科飞测科技股份有限公司关于获得政府补助的公告_1225402472.pdf,announcement,深圳中科飞测科技股份有限公司关于获得政府补助的公告,True,False,False
688372,伟测科技,v5_hydrated,/Users/xiwei/stock_research/outputs/research/tech_bottleneck_likely_core_36_primary_source_backfill_v1/cninfo_primary_source_pdfs/688372_伟测科技_2025-08-21_半年报_2025年半年度报告_1224524735.pdf,interim_report,2025年半年度报告,True,False,False
688372,伟测科技,v5_hydrated,/Users/xiwei/stock_research/outputs/research/tech_bottleneck_likely_core_36_primary_source_backfill_v1/cninfo_primary_source_pdfs/688372_伟测科技_2026-04-22_年报_2025年年度报告_1225138524.pdf,annual_report,2025年年度报告,True,False,False
688372,伟测科技,v5_hydrated,/Users/xiwei/stock_research/outputs/research/tech_bottleneck_likely_core_36_primary_source_backfill_v1/cninfo_primary_source_pdfs/688372_伟测科技_2026-06-30_日常经营_关于董事会换届选举的提示性公告_1225397327.pdf,announcement,关于董事会换届选举的提示性公告,True,False,False
688376,美埃科技,v5_hydrated,/Users/xiwei/stock_research/outputs/research/tech_bottleneck_expansion_queue_primary_source_backfill_v1/cninfo_primary_source_pdfs/688376_美埃科技_2025-08-30_半年报_2025年半年度报告_1224623632.pdf,interim_report,2025年半年度报告,True,False,False
688376,美埃科技,v5_hydrated,/Users/xiwei/stock_research/outputs/research/tech_bottleneck_expansion_queue_primary_source_backfill_v1/cninfo_primary_source_pdfs/688376_美埃科技_2026-04-28_年报_2025年年度报告_1225217695.pdf,annual_report,2025年年度报告,True,False,False
688376,美埃科技,v5_hydrated,/Users/xiwei/stock_research/outputs/research/tech_bottleneck_expansion_queue_primary_source_backfill_v1/cninfo_primary_source_pdfs/688376_美埃科技_2026-06-04_日常经营_关于选举职工代表董事的公告_1225349885.pdf,announcement,关于选举职工代表董事的公告,True,False,False
688381,帝奥微,v5_hydrated,/Users/xiwei/stock_research/outputs/research/tech_bottleneck_expansion_queue_primary_source_backfill_v1/cninfo_primary_source_pdfs/688381_帝奥微_2025-08-23_半年报_2025年半年度报告_1224558033.pdf,interim_report,2025年半年度报告,True,False,False
688381,帝奥微,v5_hydrated,/Users/xiwei/stock_research/outputs/research/tech_bottleneck_expansion_queue_primary_source_backfill_v1/cninfo_primary_source_pdfs/688381_帝奥微_2026-04-23_年报_2025年年度报告_1225154051.pdf,annual_report,2025年年度报告,True,False,False
688381,帝奥微,v5_hydrated,/Users/xiwei/stock_research/outputs/research/tech_bottleneck_expansion_queue_primary_source_backfill_v1/cninfo_primary_source_pdfs/688381_帝奥微_2026-06-27_日常经营_关于增设募集资金专项账户的公告_1225392305.pdf,announcement,关于增设募集资金专项账户的公告,True,False,False
688383,新益昌,v5_hydrated,/Users/xiwei/stock_research/outputs/research/tech_bottleneck_data_gap_primary_source_backfill_v1/cninfo_primary_source_pdfs/688383_新益昌_2025-08-18_半年报_深圳新益昌科技股份有限公司2025年半年度报告_1224501050.pdf,interim_report,深圳新益昌科技股份有限公司2025年半年度报告,True,False,False
688383,新益昌,v5_hydrated,/Users/xiwei/stock_research/outputs/research/tech_bottleneck_data_gap_primary_source_backfill_v1/cninfo_primary_source_pdfs/688383_新益昌_2026-04-28_年报_深圳新益昌科技股份有限公司2025年年度报告_1225210169.pdf,annual_report,深圳新益昌科技股份有限公司2025年年度报告,True,False,False
688383,新益昌,v5_hydrated,/Users/xiwei/stock_research/outputs/research/tech_bottleneck_data_gap_primary_source_backfill_v1/cninfo_primary_source_pdfs/688383_新益昌_2026-06-12_日常经营_深圳新益昌科技股份有限公司关于对上海证券交易所《关于深圳新益昌科技股份有限公司2025年年度报告的信息披露监管问询函》的回复公告_1225365598.pdf,announcement,深圳新益昌科技股份有限公司关于对上海证券交易所《关于深圳新益昌科技股份有限公司2025年年度报告的信息披露监管问询函》的回复公告,True,False,False
688388,嘉元科技,v5_hydrated,/Users/xiwei/stock_research/outputs/research/tech_bottleneck_expansion_queue_primary_source_backfill_v1/cninfo_primary_source_pdfs/688388_嘉元科技_2025-08-26_半年报_广东嘉元科技股份有限公司2025年半年度报告_1224564054.pdf,interim_report,广东嘉元科技股份有限公司2025年半年度报告,True,False,False
688388,嘉元科技,v5_hydrated,/Users/xiwei/stock_research/outputs/research/tech_bottleneck_expansion_queue_primary_source_backfill_v1/cninfo_primary_source_pdfs/688388_嘉元科技_2026-04-21_年报_广东嘉元科技股份有限公司2025年年度报告_1225126560.pdf,annual_report,广东嘉元科技股份有限公司2025年年度报告,True,False,False
688388,嘉元科技,v5_hydrated,/Users/xiwei/stock_research/outputs/research/tech_bottleneck_expansion_queue_primary_source_backfill_v1/cninfo_primary_source_pdfs/688388_嘉元科技_2026-07-07_日常经营_广东嘉元科技股份有限公司关于变更持续督导保荐代表人的公告_1225410599.pdf,announcement,广东嘉元科技股份有限公司关于变更持续督导保荐代表人的公告,True,False,False
688392,骄成超声,v5_hydrated,/Users/xiwei/stock_research/outputs/research/tech_bottleneck_expansion_queue_primary_source_backfill_v1/cninfo_primary_source_pdfs/688392_骄成超声_2025-08-19_半年报_2025年半年度报告_1224503417.pdf,interim_report,2025年半年度报告,True,False,False
688392,骄成超声,v5_hydrated,/Users/xiwei/stock_research/outputs/research/tech_bottleneck_expansion_queue_primary_source_backfill_v1/cninfo_primary_source_pdfs/688392_骄成超声_2026-03-31_年报_2025年年度报告_1225063065.pdf,annual_report,2025年年度报告,True,False,False
688392,骄成超声,v5_hydrated,/Users/xiwei/stock_research/outputs/research/tech_bottleneck_expansion_queue_primary_source_backfill_v1/cninfo_primary_source_pdfs/688392_骄成超声_2026-06-26_日常经营_关于收购控股子公司少数股东股权暨关联交易的公告_1225388896.pdf,announcement,关于收购控股子公司少数股东股权暨关联交易的公告,True,False,False
688395,正弦电气,v5_hydrated,/Users/xiwei/stock_research/outputs/research/tech_bottleneck_remaining_primary_source_collection_v1/cninfo_primary_source_pdfs/688395_正弦电气_2025-08-23_半年报_2025年半年度报告_1224557803.pdf,interim_report,2025年半年度报告,True,False,False
688395,正弦电气,v5_hydrated,/Users/xiwei/stock_research/outputs/research/tech_bottleneck_remaining_primary_source_collection_v1/cninfo_primary_source_pdfs/688395_正弦电气_2026-06-27_年报_2025年年度报告（修订版）_1225391093.pdf,annual_report,2025年年度报告（修订版）,True,False,False
688395,正弦电气,v5_hydrated,/Users/xiwei/stock_research/outputs/research/tech_bottleneck_remaining_primary_source_collection_v1/cninfo_primary_source_pdfs/688395_正弦电气_2026-06-27_日常经营_关于2025年年度报告的信息披露监管问询函的回复公告_1225391077.pdf,announcement,关于2025年年度报告的信息披露监管问询函的回复公告,True,False,False
688403,汇成股份,v5_hydrated,/Users/xiwei/stock_research/outputs/research/tech_bottleneck_likely_core_36_primary_source_backfill_v1/cninfo_primary_source_pdfs/688403_汇成股份_2025-08-26_半年报_2025年半年度报告_1224565045.pdf,interim_report,2025年半年度报告,True,False,False
688403,汇成股份,v5_hydrated,/Users/xiwei/stock_research/outputs/research/tech_bottleneck_likely_core_36_primary_source_backfill_v1/cninfo_primary_source_pdfs/688403_汇成股份_2026-03-20_年报_2025年年度报告_1225019963.pdf,annual_report,2025年年度报告,True,False,False
688403,汇成股份,v5_hydrated,/Users/xiwei/stock_research/outputs/research/tech_bottleneck_likely_core_36_primary_source_backfill_v1/cninfo_primary_source_pdfs/688403_汇成股份_2026-06-30_日常经营_关于向不特定对象发行可转换公司债券募投项目结项并注销募集资金专户的公告_1225396961.pdf,announcement,关于向不特定对象发行可转换公司债券募投项目结项并注销募集资金专户的公告,True,False,False
688419,耐科装备,v5_hydrated,/Users/xiwei/stock_research/outputs/research/tech_bottleneck_false_negative_rescue_primary_source_backfill_v1/cninfo_primary_source_pdfs/688419_耐科装备_2025-08-16_半年报_安徽耐科装备科技股份有限公司2025年半年度报告_1224499148.pdf,interim_report,安徽耐科装备科技股份有限公司2025年半年度报告,True,False,False
688419,耐科装备,v5_hydrated,/Users/xiwei/stock_research/outputs/research/tech_bottleneck_false_negative_rescue_primary_source_backfill_v1/cninfo_primary_source_pdfs/688419_耐科装备_2026-03-21_年报_安徽耐科装备科技股份有限公司2025年年度报告_1225022014.pdf,annual_report,安徽耐科装备科技股份有限公司2025年年度报告,True,False,False
688419,耐科装备,v5_hydrated,/Users/xiwei/stock_research/outputs/research/tech_bottleneck_false_negative_rescue_primary_source_backfill_v1/cninfo_primary_source_pdfs/688419_耐科装备_2026-06-27_日常经营_国元证券股份有限公司关于安徽耐科装备科技股份有限公司股东向特定机构投资者询价转让股份的核查报告_1225390405.pdf,announcement,国元证券股份有限公司关于安徽耐科装备科技股份有限公司股东向特定机构投资者询价转让股份的核查报告,True,False,False
688469,芯联集成,v7_proposal_new,/Users/xiwei/stock_research/outputs/research/tech_bottleneck_latent_manual_review_collection_batch1_v1/cninfo_primary_source_pdfs/688469_芯联集成_2025-08-05_半年报_芯联集成电路制造股份有限公司2025年半年度报告_1224386522.pdf,interim_report,芯联集成电路制造股份有限公司2025年半年度报告,True,False,False
688469,芯联集成,v7_proposal_new,/Users/xiwei/stock_research/outputs/research/tech_bottleneck_latent_manual_review_collection_batch1_v1/cninfo_primary_source_pdfs/688469_芯联集成_2026-04-21_年报_芯联集成电路制造股份有限公司2025年年度报告_1225128269.pdf,annual_report,芯联集成电路制造股份有限公司2025年年度报告,True,False,False
688469,芯联集成,v7_proposal_new,/Users/xiwei/stock_research/outputs/research/tech_bottleneck_latent_manual_review_collection_batch1_v1/cninfo_primary_source_pdfs/688469_芯联集成_2026-07-01_日常经营_芯联集成电路制造股份有限公司关于公司股东部分股份解除质押公告_1225398868.pdf,announcement,芯联集成电路制造股份有限公司关于公司股东部分股份解除质押公告,True,False,False
688478,晶升股份,v5_hydrated,/Users/xiwei/stock_research/outputs/research/tech_bottleneck_data_gap_primary_source_backfill_v1/cninfo_primary_source_pdfs/688478_晶升股份_2026-04-30_半年报_南京晶升装备股份有限公司2025年半年度报告（更正后）_1225262197.pdf,interim_report,南京晶升装备股份有限公司2025年半年度报告（更正后）,True,False,False
688478,晶升股份,v5_hydrated,/Users/xiwei/stock_research/outputs/research/tech_bottleneck_data_gap_primary_source_backfill_v1/cninfo_primary_source_pdfs/688478_晶升股份_2026-04-30_年报_南京晶升装备股份有限公司2025年年度报告_1225262156.pdf,annual_report,南京晶升装备股份有限公司2025年年度报告,True,False,False
688478,晶升股份,v5_hydrated,/Users/xiwei/stock_research/outputs/research/tech_bottleneck_data_gap_primary_source_backfill_v1/cninfo_primary_source_pdfs/688478_晶升股份_2026-07-01_日常经营_南京晶升装备股份有限公司关于因申报文件财务资料更新收到上海证券交易所中止发行股份及支付现金购买资产并募集配套资金暨关联交易审核通知的公告_1225398762.pdf,announcement,南京晶升装备股份有限公司关于因申报文件财务资料更新收到上海证券交易所中止发行股份及支付现金购买资产并募集配套资金暨关联交易审核通知的公告,True,False,False
688486,龙迅股份,v5_hydrated,/Users/xiwei/stock_research/outputs/research/tech_bottleneck_remaining_primary_source_collection_v1/cninfo_primary_source_pdfs/688486_龙迅股份_2025-08-23_半年报_龙迅股份2025年半年度报告_1224561565.pdf,interim_report,龙迅股份2025年半年度报告,True,False,False
688486,龙迅股份,v5_hydrated,/Users/xiwei/stock_research/outputs/research/tech_bottleneck_remaining_primary_source_collection_v1/cninfo_primary_source_pdfs/688486_龙迅股份_2026-04-10_年报_龙迅股份2025年年度报告_1225089605.pdf,annual_report,龙迅股份2025年年度报告,True,False,False
688486,龙迅股份,v5_hydrated,/Users/xiwei/stock_research/outputs/research/tech_bottleneck_remaining_primary_source_collection_v1/cninfo_primary_source_pdfs/688486_龙迅股份_2026-07-01_日常经营_龙迅股份关于重新向香港联交所递交H股发行上市申请并刊发申请资料的公告_1225402317.pdf,announcement,龙迅股份关于重新向香港联交所递交H股发行上市申请并刊发申请资料的公告,True,False,False
688489,三未信安,v7_proposal_new,/Users/xiwei/stock_research/outputs/research/tech_bottleneck_latent_manual_review_standard_collection_v1/cninfo_primary_source_pdfs/688489_三未信安_2025-08-22_半年报_2025年半年度报告_1224532389.pdf,interim_report,2025年半年度报告,True,False,False
688489,三未信安,v7_proposal_new,/Users/xiwei/stock_research/outputs/research/tech_bottleneck_latent_manual_review_standard_collection_v1/cninfo_primary_source_pdfs/688489_三未信安_2026-03-31_年报_2025年年度报告_1225055943.pdf,annual_report,2025年年度报告,True,False,False
688489,三未信安,v7_proposal_new,/Users/xiwei/stock_research/outputs/research/tech_bottleneck_latent_manual_review_standard_collection_v1/cninfo_primary_source_pdfs/688489_三未信安_2026-06-25_日常经营_关于变更注册资本、增加经营范围及修订公司章程的公告_1225386081.pdf,announcement,关于变更注册资本、增加经营范围及修订公司章程的公告,True,False,False
688498,源杰科技,v5_hydrated,/Users/xiwei/stock_research/outputs/research/tech_bottleneck_expansion_queue_primary_source_backfill_v1/cninfo_primary_source_pdfs/688498_源杰科技_2025-08-30_半年报_陕西源杰半导体科技股份有限公司2025年半年度报告_1224625582.pdf,interim_report,陕西源杰半导体科技股份有限公司2025年半年度报告,True,False,False
688498,源杰科技,v5_hydrated,/Users/xiwei/stock_research/outputs/research/tech_bottleneck_expansion_queue_primary_source_backfill_v1/cninfo_primary_source_pdfs/688498_源杰科技_2026-03-25_年报_陕西源杰半导体科技股份有限公司2025年年度报告_1225028582.pdf,annual_report,陕西源杰半导体科技股份有限公司2025年年度报告,True,False,False
688498,源杰科技,v5_hydrated,/Users/xiwei/stock_research/outputs/research/tech_bottleneck_expansion_queue_primary_source_backfill_v1/cninfo_primary_source_pdfs/688498_源杰科技_2026-05-15_日常经营_陕西源杰半导体科技股份有限公司关于副总经理无法正常履职暨离任的公告_1225307272.pdf,announcement,陕西源杰半导体科技股份有限公司关于副总经理无法正常履职暨离任的公告,True,False,False
688499,利元亨,v5_hydrated,/Users/xiwei/stock_research/outputs/research/tech_bottleneck_false_negative_rescue_primary_source_backfill_v1/cninfo_primary_source_pdfs/688499_利元亨_2025-08-21_半年报_广东利元亨智能装备股份有限公司2025年半年度报告_1224525836.pdf,interim_report,广东利元亨智能装备股份有限公司2025年半年度报告,True,False,False
688499,利元亨,v5_hydrated,/Users/xiwei/stock_research/outputs/research/tech_bottleneck_false_negative_rescue_primary_source_backfill_v1/cninfo_primary_source_pdfs/688499_利元亨_2026-04-16_年报_广东利元亨智能装备股份有限公司2025年年度报告_1225106170.pdf,annual_report,广东利元亨智能装备股份有限公司2025年年度报告,True,False,False
688499,利元亨,v5_hydrated,/Users/xiwei/stock_research/outputs/research/tech_bottleneck_false_negative_rescue_primary_source_backfill_v1/cninfo_primary_source_pdfs/688499_利元亨_2026-06-25_日常经营_广东利元亨智能装备股份有限公司关于变更持续督导机构及保荐代表人的公告_1225386020.pdf,announcement,广东利元亨智能装备股份有限公司关于变更持续督导机构及保荐代表人的公告,True,False,False
688502,茂莱光学,v5_hydrated,/Users/xiwei/stock_research/outputs/research/tech_bottleneck_expansion_queue_primary_source_backfill_v1/cninfo_primary_source_pdfs/688502_茂莱光学_2025-08-30_半年报_2025年半年度报告_1224618575.pdf,interim_report,2025年半年度报告,True,False,False
688502,茂莱光学,v5_hydrated,/Users/xiwei/stock_research/outputs/research/tech_bottleneck_expansion_queue_primary_source_backfill_v1/cninfo_primary_source_pdfs/688502_茂莱光学_2026-04-11_年报_2025年年度报告_1225096022.pdf,annual_report,2025年年度报告,True,False,False
688502,茂莱光学,v5_hydrated,/Users/xiwei/stock_research/outputs/research/tech_bottleneck_expansion_queue_primary_source_backfill_v1/cninfo_primary_source_pdfs/688502_茂莱光学_2026-07-04_日常经营_关于开展外汇套期保值业务的可行性分析报告_1225408410.pdf,announcement,关于开展外汇套期保值业务的可行性分析报告,True,False,False
688503,聚和材料,v5_hydrated,/Users/xiwei/stock_research/outputs/research/tech_bottleneck_expansion_queue_primary_source_backfill_v1/cninfo_primary_source_pdfs/688503_聚和材料_2025-08-27_半年报_2025年半年度报告_1224582703.pdf,interim_report,2025年半年度报告,True,False,False
688503,聚和材料,v5_hydrated,/Users/xiwei/stock_research/outputs/research/tech_bottleneck_expansion_queue_primary_source_backfill_v1/cninfo_primary_source_pdfs/688503_聚和材料_2026-03-31_年报_2025年年度报告_1225060850.pdf,annual_report,2025年年度报告,True,False,False
688503,聚和材料,v5_hydrated,/Users/xiwei/stock_research/outputs/research/tech_bottleneck_expansion_queue_primary_source_backfill_v1/cninfo_primary_source_pdfs/688503_聚和材料_2026-07-03_日常经营_关于股东部分股份解除质押的公告_1225405464.pdf,announcement,关于股东部分股份解除质押的公告,True,False,False
688506,百利天恒,v7_proposal_new,/Users/xiwei/stock_research/outputs/research/tech_bottleneck_latent_manual_review_standard_collection_v1/cninfo_primary_source_pdfs/688506_百利天恒_2025-08-20_半年报_四川百利天恒药业股份有限公司2025年半年度报告_1224519388.pdf,interim_report,四川百利天恒药业股份有限公司2025年半年度报告,True,False,False
688506,百利天恒,v7_proposal_new,/Users/xiwei/stock_research/outputs/research/tech_bottleneck_latent_manual_review_standard_collection_v1/cninfo_primary_source_pdfs/688506_百利天恒_2026-04-28_年报_四川百利天恒药业股份有限公司2025年年度报告_1225217117.pdf,annual_report,四川百利天恒药业股份有限公司2025年年度报告,True,False,False
688506,百利天恒,v7_proposal_new,/Users/xiwei/stock_research/outputs/research/tech_bottleneck_latent_manual_review_standard_collection_v1/cninfo_primary_source_pdfs/688506_百利天恒_2026-06-27_日常经营_四川百利天恒药业股份有限公司关于证券事务代表辞职的公告_1225390771.pdf,announcement,四川百利天恒药业股份有限公司关于证券事务代表辞职的公告,True,False,False
688507,索辰科技,v5_hydrated,/Users/xiwei/stock_research/outputs/research/tech_bottleneck_likely_core_36_primary_source_backfill_v1/cninfo_primary_source_pdfs/688507_索辰科技_2025-08-28_半年报_2025年半年度报告_1224589493.pdf,interim_report,2025年半年度报告,True,False,False
688507,索辰科技,v5_hydrated,/Users/xiwei/stock_research/outputs/research/tech_bottleneck_likely_core_36_primary_source_backfill_v1/cninfo_primary_source_pdfs/688507_索辰科技_2026-04-28_年报_2025年年度报告_1225203491.pdf,annual_report,2025年年度报告,True,False,False
688507,索辰科技,v5_hydrated,/Users/xiwei/stock_research/outputs/research/tech_bottleneck_likely_core_36_primary_source_backfill_v1/cninfo_primary_source_pdfs/688507_索辰科技_2026-06-27_日常经营_关于调整公司2026年第一期员工持股计划受让价格的公告_1225389891.pdf,announcement,关于调整公司2026年第一期员工持股计划受让价格的公告,True,False,False
688515,裕太微,v5_hydrated,/Users/xiwei/stock_research/outputs/research/tech_bottleneck_likely_core_36_primary_source_backfill_v1/cninfo_primary_source_pdfs/688515_裕太微_2025-08-30_半年报_2025年半年度报告_1224629665.pdf,interim_report,2025年半年度报告,True,False,False
688515,裕太微,v5_hydrated,/Users/xiwei/stock_research/outputs/research/tech_bottleneck_likely_core_36_primary_source_backfill_v1/cninfo_primary_source_pdfs/688515_裕太微_2026-04-28_年报_2025年年度报告_1225222395.pdf,annual_report,2025年年度报告,True,False,False
688515,裕太微,v5_hydrated,/Users/xiwei/stock_research/outputs/research/tech_bottleneck_likely_core_36_primary_source_backfill_v1/cninfo_primary_source_pdfs/688515_裕太微_2026-06-17_日常经营_关于补选董事会审计委员会委员及战略投资与可持续发展委员会委员的公告_1225372853.pdf,announcement,关于补选董事会审计委员会委员及战略投资与可持续发展委员会委员的公告,True,False,False
688516,奥特维,v5_hydrated,/Users/xiwei/stock_research/outputs/research/tech_bottleneck_latent_pending_primary_source_collection_v1/cninfo_primary_source_pdfs/688516_奥特维_2025-08-26_半年报_无锡奥特维科技股份有限公司2025年半年度报告_1224565432.pdf,interim_report,无锡奥特维科技股份有限公司2025年半年度报告,True,False,False
688516,奥特维,v5_hydrated,/Users/xiwei/stock_research/outputs/research/tech_bottleneck_latent_pending_primary_source_collection_v1/cninfo_primary_source_pdfs/688516_奥特维_2026-04-23_年报_无锡奥特维科技股份有限公司2025年年度报告_1225145661.pdf,annual_report,无锡奥特维科技股份有限公司2025年年度报告,True,False,False
688516,奥特维,v5_hydrated,/Users/xiwei/stock_research/outputs/research/tech_bottleneck_latent_pending_primary_source_collection_v1/cninfo_primary_source_pdfs/688516_奥特维_2026-07-01_日常经营_无锡奥特维科技股份有限公司关于可转换公司债券“奥维转债”转股价格调整暨转股停复牌的公告_1225400484.pdf,announcement,无锡奥特维科技股份有限公司关于可转换公司债券“奥维转债”转股价格调整暨转股停复牌的公告,True,False,False
688521,芯原股份,v5_hydrated,/Users/xiwei/stock_research/outputs/research/tech_bottleneck_expansion_queue_primary_source_backfill_v1/cninfo_primary_source_pdfs/688521_芯原股份_2025-08-23_半年报_2025年半年度报告_1224555805.pdf,interim_report,2025年半年度报告,True,False,False
688521,芯原股份,v5_hydrated,/Users/xiwei/stock_research/outputs/research/tech_bottleneck_expansion_queue_primary_source_backfill_v1/cninfo_primary_source_pdfs/688521_芯原股份_2026-03-31_年报_2025年年度报告_1225060349.pdf,annual_report,2025年年度报告,True,False,False
688522,纳睿雷达,v5_hydrated,/Users/xiwei/stock_research/outputs/research/tech_bottleneck_latent_pending_primary_source_collection_v1/cninfo_primary_source_pdfs/688522_纳睿雷达_2025-08-26_半年报_广东纳睿雷达科技股份有限公司2025年半年度报告_1224565519.pdf,interim_report,广东纳睿雷达科技股份有限公司2025年半年度报告,True,False,False
688522,纳睿雷达,v5_hydrated,/Users/xiwei/stock_research/outputs/research/tech_bottleneck_latent_pending_primary_source_collection_v1/cninfo_primary_source_pdfs/688522_纳睿雷达_2026-04-18_年报_广东纳睿雷达科技股份有限公司2025年年度报告_1225117450.pdf,annual_report,广东纳睿雷达科技股份有限公司2025年年度报告,True,False,False
688522,纳睿雷达,v5_hydrated,/Users/xiwei/stock_research/outputs/research/tech_bottleneck_latent_pending_primary_source_collection_v1/cninfo_primary_source_pdfs/688522_纳睿雷达_2026-07-02_日常经营_广东纳睿雷达科技股份有限公司关于自愿披露公司发布新产品的公告_1225403311.pdf,announcement,广东纳睿雷达科技股份有限公司关于自愿披露公司发布新产品的公告,True,False,False
688525,佰维存储,v5_hydrated,/Users/xiwei/stock_research/outputs/research/tech_bottleneck_expansion_queue_primary_source_backfill_v1/cninfo_primary_source_pdfs/688525_佰维存储_2025-08-11_半年报_2025年半年度报告_1224442929.pdf,interim_report,2025年半年度报告,True,False,False
688525,佰维存储,v5_hydrated,/Users/xiwei/stock_research/outputs/research/tech_bottleneck_expansion_queue_primary_source_backfill_v1/cninfo_primary_source_pdfs/688525_佰维存储_2026-03-20_年报_2025年年度报告_1225020225.pdf,annual_report,2025年年度报告,True,False,False
688525,佰维存储,v5_hydrated,/Users/xiwei/stock_research/outputs/research/tech_bottleneck_expansion_queue_primary_source_backfill_v1/cninfo_primary_source_pdfs/688525_佰维存储_2026-07-03_日常经营_关于2026年第二季度为控股子公司提供担保的进展公告_1225406906.pdf,announcement,关于2026年第二季度为控股子公司提供担保的进展公告,True,False,False
688531,日联科技,v5_hydrated,/Users/xiwei/stock_research/outputs/research/tech_bottleneck_likely_core_36_primary_source_backfill_v1/cninfo_primary_source_pdfs/688531_日联科技_2025-08-30_半年报_2025年半年度报告_1224619254.pdf,interim_report,2025年半年度报告,True,False,False
688531,日联科技,v5_hydrated,/Users/xiwei/stock_research/outputs/research/tech_bottleneck_likely_core_36_primary_source_backfill_v1/cninfo_primary_source_pdfs/688531_日联科技_2026-04-18_年报_2025年年度报告_1225120662.pdf,annual_report,2025年年度报告,True,False,False
688531,日联科技,v5_hydrated,/Users/xiwei/stock_research/outputs/research/tech_bottleneck_likely_core_36_primary_source_backfill_v1/cninfo_primary_source_pdfs/688531_日联科技_2026-07-04_日常经营_关于拟购买土地使用权并投资建设项目的公告_1225408185.pdf,announcement,关于拟购买土地使用权并投资建设项目的公告,True,False,False
688536,思瑞浦,v5_hydrated,/Users/xiwei/stock_research/outputs/research/tech_bottleneck_expansion_queue_primary_source_backfill_v1/cninfo_primary_source_pdfs/688536_思瑞浦_2025-08-26_半年报_2025年半年度报告_1224566328.pdf,interim_report,2025年半年度报告,True,False,False
688536,思瑞浦,v5_hydrated,/Users/xiwei/stock_research/outputs/research/tech_bottleneck_expansion_queue_primary_source_backfill_v1/cninfo_primary_source_pdfs/688536_思瑞浦_2026-03-31_年报_2025年年度报告_1225060234.pdf,annual_report,2025年年度报告,True,False,False
688536,思瑞浦,v5_hydrated,/Users/xiwei/stock_research/outputs/research/tech_bottleneck_expansion_queue_primary_source_backfill_v1/cninfo_primary_source_pdfs/688536_思瑞浦_2026-06-27_日常经营_关于对外投资设立合伙企业暨关联交易的公告_1225392779.pdf,announcement,关于对外投资设立合伙企业暨关联交易的公告,True,False,False
688543,国科军工,v7_proposal_new,/Users/xiwei/stock_research/outputs/research/tech_bottleneck_latent_manual_review_collection_batch1_v1/cninfo_primary_source_pdfs/688543_国科军工_2025-08-26_半年报_江西国科军工集团股份有限公司2025年半年度报告_1224568545.pdf,interim_report,江西国科军工集团股份有限公司2025年半年度报告,True,False,False
688543,国科军工,v7_proposal_new,/Users/xiwei/stock_research/outputs/research/tech_bottleneck_latent_manual_review_collection_batch1_v1/cninfo_primary_source_pdfs/688543_国科军工_2026-03-31_年报_江西国科军工集团股份有限公司2025年年度报告_1225055483.pdf,annual_report,江西国科军工集团股份有限公司2025年年度报告,True,False,False
688543,国科军工,v7_proposal_new,/Users/xiwei/stock_research/outputs/research/tech_bottleneck_latent_manual_review_collection_batch1_v1/cninfo_primary_source_pdfs/688543_国科军工_2026-05-09_日常经营_关于参加江西辖区上市公司2026年投资者网上集体接待日活动的公告_1225283965.pdf,announcement,关于参加江西辖区上市公司2026年投资者网上集体接待日活动的公告,True,False,False
688549,中巨芯,v5_hydrated,/Users/xiwei/stock_research/outputs/research/tech_bottleneck_expansion_queue_primary_source_backfill_v1/cninfo_primary_source_pdfs/688549_中巨芯_2025-08-27_半年报_2025年半年度报告_1224584104.pdf,interim_report,2025年半年度报告,True,False,False
688549,中巨芯,v5_hydrated,/Users/xiwei/stock_research/outputs/research/tech_bottleneck_expansion_queue_primary_source_backfill_v1/cninfo_primary_source_pdfs/688549_中巨芯_2026-04-22_年报_2025年年度报告_1225139979.pdf,annual_report,2025年年度报告,True,False,False
688549,中巨芯,v5_hydrated,/Users/xiwei/stock_research/outputs/research/tech_bottleneck_expansion_queue_primary_source_backfill_v1/cninfo_primary_source_pdfs/688549_中巨芯_2026-06-27_日常经营_关于增加2026年度日常关联交易预计的公告_1225392000.pdf,announcement,关于增加2026年度日常关联交易预计的公告,True,False,False
688550,瑞联新材,v5_hydrated,/Users/xiwei/stock_research/outputs/research/tech_bottleneck_latent_pending_primary_source_collection_v1/cninfo_primary_source_pdfs/688550_瑞联新材_2025-08-22_半年报_2025年半年度报告_1224535296.pdf,interim_report,2025年半年度报告,True,False,False
688550,瑞联新材,v5_hydrated,/Users/xiwei/stock_research/outputs/research/tech_bottleneck_latent_pending_primary_source_collection_v1/cninfo_primary_source_pdfs/688550_瑞联新材_2026-04-24_年报_2025年年度报告_1225173148.pdf,annual_report,2025年年度报告,True,False,False
688550,瑞联新材,v5_hydrated,/Users/xiwei/stock_research/outputs/research/tech_bottleneck_latent_pending_primary_source_collection_v1/cninfo_primary_source_pdfs/688550_瑞联新材_2026-06-11_日常经营_关于新开立募集资金专户并签订募集资金专户存储四方监管协议的公告_1225363562.pdf,announcement,关于新开立募集资金专户并签订募集资金专户存储四方监管协议的公告,True,False,False
688551,科威尔,v5_hydrated,/Users/xiwei/stock_research/outputs/research/tech_bottleneck_false_negative_rescue_primary_source_backfill_v1/cninfo_primary_source_pdfs/688551_科威尔_2025-08-25_半年报_2025年半年度报告_1224562356.pdf,interim_report,2025年半年度报告,True,False,False
688551,科威尔,v5_hydrated,/Users/xiwei/stock_research/outputs/research/tech_bottleneck_false_negative_rescue_primary_source_backfill_v1/cninfo_primary_source_pdfs/688551_科威尔_2026-04-24_年报_2025年年度报告_1225166310.pdf,annual_report,2025年年度报告,True,False,False
688551,科威尔,v5_hydrated,/Users/xiwei/stock_research/outputs/research/tech_bottleneck_false_negative_rescue_primary_source_backfill_v1/cninfo_primary_source_pdfs/688551_科威尔_2026-05-27_日常经营_关于使用部分暂时闲置自有资金进行委托理财的公告_1225330770.pdf,announcement,关于使用部分暂时闲置自有资金进行委托理财的公告,True,False,False
688556,高测股份,v5_hydrated,/Users/xiwei/stock_research/outputs/research/tech_bottleneck_latent_pending_primary_source_collection_v1/cninfo_primary_source_pdfs/688556_高测股份_2025-08-29_半年报_2025年半年度报告_1224605535.pdf,interim_report,2025年半年度报告,True,False,False
688556,高测股份,v5_hydrated,/Users/xiwei/stock_research/outputs/research/tech_bottleneck_latent_pending_primary_source_collection_v1/cninfo_primary_source_pdfs/688556_高测股份_2026-03-31_年报_2025年年度报告_1225063026.pdf,annual_report,2025年年度报告,True,False,False
688556,高测股份,v5_hydrated,/Users/xiwei/stock_research/outputs/research/tech_bottleneck_latent_pending_primary_source_collection_v1/cninfo_primary_source_pdfs/688556_高测股份_2026-06-04_日常经营_关于提起诉讼的公告_1225350062.pdf,announcement,关于提起诉讼的公告,True,False,False
688559,海目星,v5_hydrated,/Users/xiwei/stock_research/outputs/research/tech_bottleneck_false_negative_rescue_primary_source_backfill_v1/cninfo_primary_source_pdfs/688559_海目星_2025-08-28_半年报_2025年半年度报告_1224597062.pdf,interim_report,2025年半年度报告,True,False,False
688559,海目星,v5_hydrated,/Users/xiwei/stock_research/outputs/research/tech_bottleneck_false_negative_rescue_primary_source_backfill_v1/cninfo_primary_source_pdfs/688559_海目星_2026-04-30_年报_海目星：2025年年度报告_1225268212.pdf,annual_report,海目星：2025年年度报告,True,False,False
688559,海目星,v5_hydrated,/Users/xiwei/stock_research/outputs/research/tech_bottleneck_false_negative_rescue_primary_source_backfill_v1/cninfo_primary_source_pdfs/688559_海目星_2026-06-24_日常经营_海目星：关于2025年年度报告的信息披露监管问询函回复公告_1225383739.pdf,announcement,海目星：关于2025年年度报告的信息披露监管问询函回复公告,True,False,False
688575,亚辉龙,v7_proposal_new,/Users/xiwei/stock_research/outputs/research/tech_bottleneck_latent_manual_review_standard_collection_v1/cninfo_primary_source_pdfs/688575_亚辉龙_2025-08-26_半年报_2025年半年度报告_1224569795.pdf,interim_report,2025年半年度报告,True,False,False
688575,亚辉龙,v7_proposal_new,/Users/xiwei/stock_research/outputs/research/tech_bottleneck_latent_manual_review_standard_collection_v1/cninfo_primary_source_pdfs/688575_亚辉龙_2026-04-29_年报_2025年年度报告_1225239058.pdf,annual_report,2025年年度报告,True,False,False
688575,亚辉龙,v7_proposal_new,/Users/xiwei/stock_research/outputs/research/tech_bottleneck_latent_manual_review_standard_collection_v1/cninfo_primary_source_pdfs/688575_亚辉龙_2026-06-03_日常经营_关于董事会秘书取得任职培训证明并正式履职的公告_1225346013.pdf,announcement,关于董事会秘书取得任职培训证明并正式履职的公告,True,False,False
688589,力合微,v5_hydrated,/Users/xiwei/stock_research/outputs/research/tech_bottleneck_latent_pending_primary_source_collection_v1/cninfo_primary_source_pdfs/688589_力合微_2025-08-28_半年报_2025年半年度报告_1224597050.pdf,interim_report,2025年半年度报告,True,False,False
688589,力合微,v5_hydrated,/Users/xiwei/stock_research/outputs/research/tech_bottleneck_latent_pending_primary_source_collection_v1/cninfo_primary_source_pdfs/688589_力合微_2026-03-27_年报_2025年年度报告_1225037136.pdf,annual_report,2025年年度报告,True,False,False
688589,力合微,v5_hydrated,/Users/xiwei/stock_research/outputs/research/tech_bottleneck_latent_pending_primary_source_collection_v1/cninfo_primary_source_pdfs/688589_力合微_2026-06-12_日常经营_关于董事会秘书辞职暨聘任董事会秘书的公告_1225365353.pdf,announcement,关于董事会秘书辞职暨聘任董事会秘书的公告,True,False,False
688591,泰凌微,v7_proposal_new,/Users/xiwei/stock_research/outputs/research/tech_bottleneck_latent_manual_review_standard_collection_v1/cninfo_primary_source_pdfs/688591_泰凌微_2025-08-19_半年报_2025年半年度报告_1224504761.pdf,interim_report,2025年半年度报告,True,False,False
688591,泰凌微,v7_proposal_new,/Users/xiwei/stock_research/outputs/research/tech_bottleneck_latent_manual_review_standard_collection_v1/cninfo_primary_source_pdfs/688591_泰凌微_2026-04-10_年报_2025年年度报告_1225089641.pdf,annual_report,2025年年度报告,True,False,False
688591,泰凌微,v7_proposal_new,/Users/xiwei/stock_research/outputs/research/tech_bottleneck_latent_manual_review_standard_collection_v1/cninfo_primary_source_pdfs/688591_泰凌微_2026-06-18_日常经营_关于实施2025年年度权益分派后调整发行股份及支付现金购买资产的股份发行价格和发行数量的公告_1225376124.pdf,announcement,关于实施2025年年度权益分派后调整发行股份及支付现金购买资产的股份发行价格和发行数量的公告,True,False,False
688596,正帆科技,v5_hydrated,/Users/xiwei/stock_research/outputs/research/tech_bottleneck_data_gap_primary_source_backfill_v1/cninfo_primary_source_pdfs/688596_正帆科技_2025-08-30_半年报_2025年半年度报告_1224618884.pdf,interim_report,2025年半年度报告,True,False,False
688596,正帆科技,v5_hydrated,/Users/xiwei/stock_research/outputs/research/tech_bottleneck_data_gap_primary_source_backfill_v1/cninfo_primary_source_pdfs/688596_正帆科技_2026-04-18_年报_2025年年度报告_1225119777.pdf,annual_report,2025年年度报告,True,False,False
688596,正帆科技,v5_hydrated,/Users/xiwei/stock_research/outputs/research/tech_bottleneck_data_gap_primary_source_backfill_v1/cninfo_primary_source_pdfs/688596_正帆科技_2026-06-13_日常经营_关于公司2025年年度报告信息披露监管问询函的回复公告_1225368913.pdf,announcement,关于公司2025年年度报告信息披露监管问询函的回复公告,True,False,False
688600,皖仪科技,v5_hydrated,/Users/xiwei/stock_research/outputs/research/tech_bottleneck_remaining_primary_source_collection_v1/cninfo_primary_source_pdfs/688600_皖仪科技_2025-08-23_半年报_2025年半年度报告_1224555264.pdf,interim_report,2025年半年度报告,True,False,False
688600,皖仪科技,v5_hydrated,/Users/xiwei/stock_research/outputs/research/tech_bottleneck_remaining_primary_source_collection_v1/cninfo_primary_source_pdfs/688600_皖仪科技_2026-04-25_年报_2025年年度报告_1225176117.pdf,annual_report,2025年年度报告,True,False,False
688600,皖仪科技,v5_hydrated,/Users/xiwei/stock_research/outputs/research/tech_bottleneck_remaining_primary_source_collection_v1/cninfo_primary_source_pdfs/688600_皖仪科技_2026-05-12_日常经营_关于召开2025年年度暨2026年第一季度业绩说明会的公告_1225289638.pdf,announcement,关于召开2025年年度暨2026年第一季度业绩说明会的公告,True,False,False
688605,先锋精科,v5_hydrated,/Users/xiwei/stock_research/outputs/research/tech_bottleneck_latent_pending_primary_source_collection_v1/cninfo_primary_source_pdfs/688605_先锋精科_2025-08-29_半年报_先锋精科2025年半年度报告_1224605741.pdf,interim_report,先锋精科2025年半年度报告,True,False,False
688605,先锋精科,v5_hydrated,/Users/xiwei/stock_research/outputs/research/tech_bottleneck_latent_pending_primary_source_collection_v1/cninfo_primary_source_pdfs/688605_先锋精科_2026-04-10_年报_先锋精科2025年年度报告_1225089537.pdf,annual_report,先锋精科2025年年度报告,True,False,False
688605,先锋精科,v5_hydrated,/Users/xiwei/stock_research/outputs/research/tech_bottleneck_latent_pending_primary_source_collection_v1/cninfo_primary_source_pdfs/688605_先锋精科_2026-05-26_日常经营_先锋精科关于向不特定对象发行可转换公司债券申请文件的审核问询函回复的提示性公告_1225329013.pdf,announcement,先锋精科关于向不特定对象发行可转换公司债券申请文件的审核问询函回复的提示性公告,True,False,False
688607,康众医疗,v5_hydrated,/Users/xiwei/stock_research/outputs/research/tech_bottleneck_false_negative_rescue_primary_source_backfill_v1/cninfo_primary_source_pdfs/688607_康众医疗_2025-08-23_半年报_康众医疗2025年半年度报告_1224560771.pdf,interim_report,康众医疗2025年半年度报告,True,False,False
688607,康众医疗,v5_hydrated,/Users/xiwei/stock_research/outputs/research/tech_bottleneck_false_negative_rescue_primary_source_backfill_v1/cninfo_primary_source_pdfs/688607_康众医疗_2026-04-25_年报_康众医疗2025年年度报告_1225194154.pdf,annual_report,康众医疗2025年年度报告,True,False,False
688607,康众医疗,v5_hydrated,/Users/xiwei/stock_research/outputs/research/tech_bottleneck_false_negative_rescue_primary_source_backfill_v1/cninfo_primary_source_pdfs/688607_康众医疗_2026-07-01_日常经营_康众医疗关于对外投资进展的公告_1225400130.pdf,announcement,康众医疗关于对外投资进展的公告,True,False,False
688627,精智达,v5_hydrated,/Users/xiwei/stock_research/outputs/research/tech_bottleneck_expansion_queue_primary_source_backfill_v1/cninfo_primary_source_pdfs/688627_精智达_2025-08-30_半年报_2025年半年度报告_1224625556.pdf,interim_report,2025年半年度报告,True,False,False
688627,精智达,v5_hydrated,/Users/xiwei/stock_research/outputs/research/tech_bottleneck_expansion_queue_primary_source_backfill_v1/cninfo_primary_source_pdfs/688627_精智达_2026-04-11_年报_2025年年度报告_1225096498.pdf,annual_report,2025年年度报告,True,False,False
688627,精智达,v5_hydrated,/Users/xiwei/stock_research/outputs/research/tech_bottleneck_expansion_queue_primary_source_backfill_v1/cninfo_primary_source_pdfs/688627_精智达_2026-06-25_日常经营_关于参与投资设立投资基金暨关联交易的进展公告_1225386427.pdf,announcement,关于参与投资设立投资基金暨关联交易的进展公告,True,False,False
688628,优利德,v5_hydrated,/Users/xiwei/stock_research/outputs/research/tech_bottleneck_expansion_queue_primary_source_backfill_v1/cninfo_primary_source_pdfs/688628_优利德_2025-08-22_半年报_2025年半年度报告_1224534179.pdf,interim_report,2025年半年度报告,True,False,False
688628,优利德,v5_hydrated,/Users/xiwei/stock_research/outputs/research/tech_bottleneck_expansion_queue_primary_source_backfill_v1/cninfo_primary_source_pdfs/688628_优利德_2026-04-25_年报_2025年年度报告_1225180667.pdf,annual_report,2025年年度报告,True,False,False
688628,优利德,v5_hydrated,/Users/xiwei/stock_research/outputs/research/tech_bottleneck_expansion_queue_primary_source_backfill_v1/cninfo_primary_source_pdfs/688628_优利德_2026-06-12_日常经营_中信证券股份有限公司关于优利德科技（中国）股份有限公司股东向特定机构投资者询价转让股份的核查报告_1225364722.pdf,announcement,中信证券股份有限公司关于优利德科技（中国）股份有限公司股东向特定机构投资者询价转让股份的核查报告,True,False,False
688630,芯碁微装,v5_hydrated,/Users/xiwei/stock_research/outputs/research/tech_bottleneck_expansion_queue_primary_source_backfill_v1/cninfo_primary_source_pdfs/688630_芯碁微装_2025-08-28_半年报_2025年半年度报告_1224592479.pdf,interim_report,2025年半年度报告,True,False,False
688630,芯碁微装,v5_hydrated,/Users/xiwei/stock_research/outputs/research/tech_bottleneck_expansion_queue_primary_source_backfill_v1/cninfo_primary_source_pdfs/688630_芯碁微装_2026-03-14_年报_2025年年度报告_1225007990.pdf,annual_report,2025年年度报告,True,False,False
688630,芯碁微装,v5_hydrated,/Users/xiwei/stock_research/outputs/research/tech_bottleneck_expansion_queue_primary_source_backfill_v1/cninfo_primary_source_pdfs/688630_芯碁微装_2026-06-27_日常经营_关于H股挂牌并上市交易的公告_1225389772.pdf,announcement,关于H股挂牌并上市交易的公告,True,False,False
688652,京仪装备,v5_hydrated,/Users/xiwei/stock_research/outputs/research/tech_bottleneck_expansion_queue_primary_source_backfill_v1/cninfo_primary_source_pdfs/688652_京仪装备_2025-08-29_半年报_京仪装备2025年半年度报告_1224605748.pdf,interim_report,京仪装备2025年半年度报告,True,False,False
688652,京仪装备,v5_hydrated,/Users/xiwei/stock_research/outputs/research/tech_bottleneck_expansion_queue_primary_source_backfill_v1/cninfo_primary_source_pdfs/688652_京仪装备_2026-03-31_年报_北京京仪自动化装备技术股份有限公司2025年年度报告_1225056304.pdf,annual_report,北京京仪自动化装备技术股份有限公司2025年年度报告,True,False,False
688652,京仪装备,v5_hydrated,/Users/xiwei/stock_research/outputs/research/tech_bottleneck_expansion_queue_primary_source_backfill_v1/cninfo_primary_source_pdfs/688652_京仪装备_2026-06-02_日常经营_北京京仪自动化装备技术股份有限公司关于召开2025年度暨2026年第一季度业绩暨现金分红说明会的公告_1225341671.pdf,announcement,北京京仪自动化装备技术股份有限公司关于召开2025年度暨2026年第一季度业绩暨现金分红说明会的公告,True,False,False
688663,新风光,v5_hydrated,/Users/xiwei/stock_research/outputs/research/tech_bottleneck_expansion_queue_primary_source_backfill_v1/cninfo_primary_source_pdfs/688663_新风光_2025-08-27_半年报_2025年半年度报告_1224578491.pdf,interim_report,2025年半年度报告,True,False,False
688663,新风光,v5_hydrated,/Users/xiwei/stock_research/outputs/research/tech_bottleneck_expansion_queue_primary_source_backfill_v1/cninfo_primary_source_pdfs/688663_新风光_2026-04-09_年报_2025年年度报告_1225086238.pdf,annual_report,2025年年度报告,True,False,False
688663,新风光,v5_hydrated,/Users/xiwei/stock_research/outputs/research/tech_bottleneck_expansion_queue_primary_source_backfill_v1/cninfo_primary_source_pdfs/688663_新风光_2026-05-23_日常经营_新风光关于变更职工代表董事的公告_1225324885.pdf,announcement,新风光关于变更职工代表董事的公告,True,False,False
688677,海泰新光,v5_hydrated,/Users/xiwei/stock_research/outputs/research/tech_bottleneck_expansion_queue_primary_source_backfill_v1/cninfo_primary_source_pdfs/688677_海泰新光_2025-08-23_半年报_海泰新光2025年半年度报告_1224560768.pdf,interim_report,海泰新光2025年半年度报告,True,False,False
688677,海泰新光,v5_hydrated,/Users/xiwei/stock_research/outputs/research/tech_bottleneck_expansion_queue_primary_source_backfill_v1/cninfo_primary_source_pdfs/688677_海泰新光_2026-04-25_年报_海泰新光2025年年度报告_1225187829.pdf,annual_report,海泰新光2025年年度报告,True,False,False
688682,霍莱沃,v5_hydrated,/Users/xiwei/stock_research/outputs/research/tech_bottleneck_latent_pending_primary_source_collection_v1/cninfo_primary_source_pdfs/688682_霍莱沃_2025-08-28_半年报_2025年半年度报告_1224591211.pdf,interim_report,2025年半年度报告,True,False,False
688682,霍莱沃,v5_hydrated,/Users/xiwei/stock_research/outputs/research/tech_bottleneck_latent_pending_primary_source_collection_v1/cninfo_primary_source_pdfs/688682_霍莱沃_2026-04-15_年报_2025年年度报告_1225104146.pdf,annual_report,2025年年度报告,True,False,False
688682,霍莱沃,v5_hydrated,/Users/xiwei/stock_research/outputs/research/tech_bottleneck_latent_pending_primary_source_collection_v1/cninfo_primary_source_pdfs/688682_霍莱沃_2026-07-02_日常经营_关于公司核心技术人员离职的公告_1225402978.pdf,announcement,关于公司核心技术人员离职的公告,True,False,False
688686,奥普特,v5_hydrated,/Users/xiwei/stock_research/outputs/research/tech_bottleneck_expansion_queue_primary_source_backfill_v1/cninfo_primary_source_pdfs/688686_奥普特_2025-08-21_半年报_2025年半年度报告_1224525800.pdf,interim_report,2025年半年度报告,True,False,False
688686,奥普特,v5_hydrated,/Users/xiwei/stock_research/outputs/research/tech_bottleneck_expansion_queue_primary_source_backfill_v1/cninfo_primary_source_pdfs/688686_奥普特_2026-04-03_年报_2025年年度报告_1225078058.pdf,annual_report,2025年年度报告,True,False,False
688686,奥普特,v5_hydrated,/Users/xiwei/stock_research/outputs/research/tech_bottleneck_expansion_queue_primary_source_backfill_v1/cninfo_primary_source_pdfs/688686_奥普特_2026-05-15_日常经营_关于向不特定对象发行可转换公司债券申请文件审核问询函回复的提示性公告_1225307400.pdf,announcement,关于向不特定对象发行可转换公司债券申请文件审核问询函回复的提示性公告,True,False,False
688692,达梦数据,v5_hydrated,/Users/xiwei/stock_research/outputs/research/tech_bottleneck_latent_pending_primary_source_collection_v1/cninfo_primary_source_pdfs/688692_达梦数据_2025-08-28_半年报_2025年半年度报告_1224595576.pdf,interim_report,2025年半年度报告,True,False,False
688692,达梦数据,v5_hydrated,/Users/xiwei/stock_research/outputs/research/tech_bottleneck_latent_pending_primary_source_collection_v1/cninfo_primary_source_pdfs/688692_达梦数据_2026-04-11_年报_2025年年度报告_1225094915.pdf,annual_report,2025年年度报告,True,False,False
688692,达梦数据,v5_hydrated,/Users/xiwei/stock_research/outputs/research/tech_bottleneck_latent_pending_primary_source_collection_v1/cninfo_primary_source_pdfs/688692_达梦数据_2026-07-02_日常经营_关于公司诉讼进展的公告_1225403533.pdf,announcement,关于公司诉讼进展的公告,True,False,False
688696,极米科技,v7_proposal_new,/Users/xiwei/stock_research/outputs/research/tech_bottleneck_latent_manual_review_standard_collection_v1/cninfo_primary_source_pdfs/688696_极米科技_2025-08-29_半年报_2025年半年度报告_1224604435.pdf,interim_report,2025年半年度报告,True,False,False
688696,极米科技,v7_proposal_new,/Users/xiwei/stock_research/outputs/research/tech_bottleneck_latent_manual_review_standard_collection_v1/cninfo_primary_source_pdfs/688696_极米科技_2026-03-31_年报_2025年年度报告全文_1225055991.pdf,annual_report,2025年年度报告全文,True,False,False
688696,极米科技,v7_proposal_new,/Users/xiwei/stock_research/outputs/research/tech_bottleneck_latent_manual_review_standard_collection_v1/cninfo_primary_source_pdfs/688696_极米科技_2026-05-26_日常经营_关于控股子公司引入投资人增资扩股、公司放弃优先认购权暨关联交易的公告_1225328743.pdf,announcement,关于控股子公司引入投资人增资扩股、公司放弃优先认购权暨关联交易的公告,True,False,False
688698,伟创电气,v7_proposal_new,/Users/xiwei/stock_research/outputs/research/tech_bottleneck_latent_manual_review_collection_batch1_v1/cninfo_primary_source_pdfs/688698_伟创电气_2025-08-26_半年报_2025年半年度报告_1224572083.pdf,interim_report,2025年半年度报告,True,False,False
688698,伟创电气,v7_proposal_new,/Users/xiwei/stock_research/outputs/research/tech_bottleneck_latent_manual_review_collection_batch1_v1/cninfo_primary_source_pdfs/688698_伟创电气_2026-04-16_年报_2025年年度报告_1225107260.pdf,annual_report,2025年年度报告,True,False,False
688698,伟创电气,v7_proposal_new,/Users/xiwei/stock_research/outputs/research/tech_bottleneck_latent_manual_review_collection_batch1_v1/cninfo_primary_source_pdfs/688698_伟创电气_2026-06-10_日常经营_关于开展外汇套期保值业务的公告_1225360283.pdf,announcement,关于开展外汇套期保值业务的公告,True,False,False
688700,东威科技,v5_hydrated,/Users/xiwei/stock_research/outputs/research/tech_bottleneck_expansion_queue_primary_source_backfill_v1/cninfo_primary_source_pdfs/688700_东威科技_2025-08-28_半年报_2025年半年度报告_1224589321.pdf,interim_report,2025年半年度报告,True,False,False
688700,东威科技,v5_hydrated,/Users/xiwei/stock_research/outputs/research/tech_bottleneck_expansion_queue_primary_source_backfill_v1/cninfo_primary_source_pdfs/688700_东威科技_2026-04-28_年报_2025年年度报告_1225209398.pdf,annual_report,2025年年度报告,True,False,False
688700,东威科技,v5_hydrated,/Users/xiwei/stock_research/outputs/research/tech_bottleneck_expansion_queue_primary_source_backfill_v1/cninfo_primary_source_pdfs/688700_东威科技_2026-05-20_日常经营_关于召开2025年年度暨2026年第一季度业绩说明会的公告_1225315359.pdf,announcement,关于召开2025年年度暨2026年第一季度业绩说明会的公告,True,False,False
688702,盛科通信,v5_hydrated,/Users/xiwei/stock_research/outputs/research/tech_bottleneck_expansion_queue_primary_source_backfill_v1/cninfo_primary_source_pdfs/688702_盛科通信_2025-08-25_半年报_盛科通信2025年半年度报告_1224562391.pdf,interim_report,盛科通信2025年半年度报告,True,False,False
688702,盛科通信,v5_hydrated,/Users/xiwei/stock_research/outputs/research/tech_bottleneck_expansion_queue_primary_source_backfill_v1/cninfo_primary_source_pdfs/688702_盛科通信_2026-04-23_年报_盛科通信2025年年度报告_1225146626.pdf,annual_report,盛科通信2025年年度报告,True,False,False
688702,盛科通信,v5_hydrated,/Users/xiwei/stock_research/outputs/research/tech_bottleneck_expansion_queue_primary_source_backfill_v1/cninfo_primary_source_pdfs/688702_盛科通信_2026-04-23_日常经营_盛科通信关于未弥补亏损达到实收股本总额三分之一的公告_1225146667.pdf,announcement,盛科通信关于未弥补亏损达到实收股本总额三分之一的公告,True,False,False
688708,佳驰科技,v5_hydrated,/Users/xiwei/stock_research/outputs/research/tech_bottleneck_latent_standard_backfill_queue_v1/cninfo_primary_source_pdfs/688708_佳驰科技_2025-08-29_半年报_2025年半年度报告_1224603856.pdf,interim_report,2025年半年度报告,True,False,False
688708,佳驰科技,v5_hydrated,/Users/xiwei/stock_research/outputs/research/tech_bottleneck_latent_standard_backfill_queue_v1/cninfo_primary_source_pdfs/688708_佳驰科技_2026-04-28_年报_2025年年度报告_1225198840.pdf,annual_report,2025年年度报告,True,False,False
688708,佳驰科技,v5_hydrated,/Users/xiwei/stock_research/outputs/research/tech_bottleneck_latent_standard_backfill_queue_v1/cninfo_primary_source_pdfs/688708_佳驰科技_2026-05-29_日常经营_关于公司获安徽省科学技术进步奖一等奖的自愿性披露公告_1225334760.pdf,announcement,关于公司获安徽省科学技术进步奖一等奖的自愿性披露公告,True,False,False
688717,艾罗能源,v5_hydrated,/Users/xiwei/stock_research/outputs/research/tech_bottleneck_likely_core_36_primary_source_backfill_v1/cninfo_primary_source_pdfs/688717_艾罗能源_2025-08-29_半年报_2025年半年度报告_1224611835.pdf,interim_report,2025年半年度报告,True,False,False
688717,艾罗能源,v5_hydrated,/Users/xiwei/stock_research/outputs/research/tech_bottleneck_likely_core_36_primary_source_backfill_v1/cninfo_primary_source_pdfs/688717_艾罗能源_2026-04-29_年报_2025年年度报告_1225242242.pdf,annual_report,2025年年度报告,True,False,False
688717,艾罗能源,v5_hydrated,/Users/xiwei/stock_research/outputs/research/tech_bottleneck_likely_core_36_primary_source_backfill_v1/cninfo_primary_source_pdfs/688717_艾罗能源_2026-06-18_日常经营_关于完成公司经营范围增加并换发营业执照的公告_1225375175.pdf,announcement,关于完成公司经营范围增加并换发营业执照的公告,True,False,False
688720,艾森股份,v5_hydrated,/Users/xiwei/stock_research/outputs/research/tech_bottleneck_expansion_queue_primary_source_backfill_v1/cninfo_primary_source_pdfs/688720_艾森股份_2025-08-22_半年报_2025年半年度报告_1224536349.pdf,interim_report,2025年半年度报告,True,False,False
688720,艾森股份,v5_hydrated,/Users/xiwei/stock_research/outputs/research/tech_bottleneck_expansion_queue_primary_source_backfill_v1/cninfo_primary_source_pdfs/688720_艾森股份_2026-04-25_年报_2025年年度报告_1225196094.pdf,annual_report,2025年年度报告,True,False,False
688720,艾森股份,v5_hydrated,/Users/xiwei/stock_research/outputs/research/tech_bottleneck_expansion_queue_primary_source_backfill_v1/cninfo_primary_source_pdfs/688720_艾森股份_2026-05-16_日常经营_关于注销回购股份减少注册资本暨通知债权人的公告_1225310780.pdf,announcement,关于注销回购股份减少注册资本暨通知债权人的公告,True,False,False
688758,赛分科技,v7_proposal_new,/Users/xiwei/stock_research/outputs/research/tech_bottleneck_latent_manual_review_standard_collection_v1/cninfo_primary_source_pdfs/688758_赛分科技_2025-08-19_半年报_苏州赛分科技股份有限公司2025年半年度报告_1224502396.pdf,interim_report,苏州赛分科技股份有限公司2025年半年度报告,True,False,False
688758,赛分科技,v7_proposal_new,/Users/xiwei/stock_research/outputs/research/tech_bottleneck_latent_manual_review_standard_collection_v1/cninfo_primary_source_pdfs/688758_赛分科技_2026-04-22_年报_苏州赛分科技股份有限公司2025年年度报告_1225135397.pdf,annual_report,苏州赛分科技股份有限公司2025年年度报告,True,False,False
688758,赛分科技,v7_proposal_new,/Users/xiwei/stock_research/outputs/research/tech_bottleneck_latent_manual_review_standard_collection_v1/cninfo_primary_source_pdfs/688758_赛分科技_2026-06-16_日常经营_苏州赛分科技股份有限公司关于对外投资建设项目的公告_1225371864.pdf,announcement,苏州赛分科技股份有限公司关于对外投资建设项目的公告,True,False,False
688772,珠海冠宇,v7_proposal_new,/Users/xiwei/stock_research/outputs/research/tech_bottleneck_latent_manual_review_standard_collection_v1/cninfo_primary_source_pdfs/688772_珠海冠宇_2025-08-26_半年报_2025年半年度报告_1224569746.pdf,interim_report,2025年半年度报告,True,False,False
688772,珠海冠宇,v7_proposal_new,/Users/xiwei/stock_research/outputs/research/tech_bottleneck_latent_manual_review_standard_collection_v1/cninfo_primary_source_pdfs/688772_珠海冠宇_2026-03-31_年报_2025年年度报告_1225052082.pdf,annual_report,2025年年度报告,True,False,False
688772,珠海冠宇,v7_proposal_new,/Users/xiwei/stock_research/outputs/research/tech_bottleneck_latent_manual_review_standard_collection_v1/cninfo_primary_source_pdfs/688772_珠海冠宇_2026-06-19_日常经营_关于本次限制性股票归属登记完成后调整可转债转股价格暨转股停牌的公告_1225378426.pdf,announcement,关于本次限制性股票归属登记完成后调整可转债转股价格暨转股停牌的公告,True,False,False
688777,中控技术,v5_hydrated,/Users/xiwei/stock_research/outputs/research/tech_bottleneck_expansion_queue_primary_source_backfill_v1/cninfo_primary_source_pdfs/688777_中控技术_2025-08-30_半年报_中控技术股份有限公司2025年半年度报告_1224623948.pdf,interim_report,中控技术股份有限公司2025年半年度报告,True,False,False
688777,中控技术,v5_hydrated,/Users/xiwei/stock_research/outputs/research/tech_bottleneck_expansion_queue_primary_source_backfill_v1/cninfo_primary_source_pdfs/688777_中控技术_2026-04-21_年报_中控技术股份有限公司2025年年度报告_1225131222.pdf,annual_report,中控技术股份有限公司2025年年度报告,True,False,False
688777,中控技术,v5_hydrated,/Users/xiwei/stock_research/outputs/research/tech_bottleneck_expansion_queue_primary_source_backfill_v1/cninfo_primary_source_pdfs/688777_中控技术_2026-06-10_日常经营_中控技术股份有限公司关于参加“对话成长”2025年度暨2026年第一季度集体业绩说明会的公告_1225360717.pdf,announcement,中控技术股份有限公司关于参加“对话成长”2025年度暨2026年第一季度集体业绩说明会的公告,True,False,False
688798,艾为电子,v7_proposal_new,/Users/xiwei/stock_research/outputs/research/tech_bottleneck_latent_manual_review_standard_collection_v1/cninfo_primary_source_pdfs/688798_艾为电子_2025-08-14_半年报_艾为电子2025年半年度报告_1224474376.pdf,interim_report,艾为电子2025年半年度报告,True,False,False
688798,艾为电子,v7_proposal_new,/Users/xiwei/stock_research/outputs/research/tech_bottleneck_latent_manual_review_standard_collection_v1/cninfo_primary_source_pdfs/688798_艾为电子_2026-04-10_年报_艾为电子2025年年度报告_1225090195.pdf,annual_report,艾为电子2025年年度报告,True,False,False
688798,艾为电子,v7_proposal_new,/Users/xiwei/stock_research/outputs/research/tech_bottleneck_latent_manual_review_standard_collection_v1/cninfo_primary_source_pdfs/688798_艾为电子_2026-07-01_日常经营_艾为电子关于变更持续督导保荐代表人的公告_1225398334.pdf,announcement,艾为电子关于变更持续督导保荐代表人的公告,True,False,False
688981,中芯国际,v7_proposal_new,/Users/xiwei/stock_research/outputs/research/tech_bottleneck_latent_manual_review_collection_batch1_v1/cninfo_primary_source_pdfs/688981_中芯国际_2025-08-29_半年报_中芯国际2025年半年度报告_1224608545.pdf,interim_report,中芯国际2025年半年度报告,True,False,False
688981,中芯国际,v7_proposal_new,/Users/xiwei/stock_research/outputs/research/tech_bottleneck_latent_manual_review_collection_batch1_v1/cninfo_primary_source_pdfs/688981_中芯国际_2026-07-04_日常经营_港股公告：证券变动月报表_1225409833.pdf,announcement,港股公告：证券变动月报表,True,False,False
