stock_code,stock_name,review_universe_source,current_layer_status,manual_approval_status,frontend_review_status,evidence_count,page_citation_count,source_pdf_count,primary_source_supported,hard_tech_domain,supply_chain_role_hint,business_relevance_hint,bottleneck_or_chokepoint_hint,concept_pollution_risk,route_around_or_substitution_risk,value_capture_risk,disconfirmation_trigger,next_primary_source_to_check,strongest_primary_source_claim,weakest_or_riskiest_claim,evidence_summary_for_review,reviewer_decision,reviewer_note,used_for_signal,used_for_admission,auto_added_to_quality_pool,industry,concept_tags,evidence_strength,bottleneck_relevance,source_group,previous_tier,bottleneck_confidence_score,evidence_quality_score
000049,德赛电池,v5_hydrated,latent_standard_core_equivalent_quality_pool,pending_manual_approval,pending_review,48,18,3,True,strong,moderate,core_hard_tech_evidence_supported,strong,not_detected_in_existing_artifacts,moderate,strong,True,manual review of upgraded primary-source evidence before any future core-pool action,深圳市德赛电池科技股份有限公司 2025 年半年度报告全文 9 产计划并组织生产。储能电芯产品为标准化产品，公司综合评估客户需求与产能利用情况，制定生产计划 并组织生产。公司拥有完善的质量管控体系，生产自动化水平处于行业先进水平。 （3）销售模式 公司主要围绕行业排名前列的核心客户开展业务，采取直接销售模式，由终端客户直接向公司下单或 由终端客户指定的代工厂向公司下单。经过多年的发展，公司积累了大量的优质客户资源，与主要客户建 立了长期稳定的合作关系，积极广泛地参与客户产品项目的前期研发设计并实现销售。 4、公司行,深圳市德赛电池科技股份有限公司 2025 年半年度报告全文 9 产计划并组织生产。储能电芯产品为标准化产品，公司综合评估客户需求与产能利用情况，制定生产计划 并组织生产。公司拥有完善的质量管控体系，生产自动化水平处于行业先进水平。 （3）销售模式 公司主要围绕行业排名前列的核心客户开展业务，采取直接销售模式，由终端客户直接向公司下单或 由终端客户指定的代工厂向公司下单。经过多年的发展，公司积累了大量的优质客户资源，与主要客户建 立了长期稳定的合作关系，积极广泛地参与客户产品项目的前期研发设计并实现销售。 4、公司行,evidence=48; page_citations=18; sources=3; domain=strong; role=moderate; bottleneck=strong,,,False,False,False,电气机械和器材制造业,能源与电力电子关键环节 / 电网/能源基础设施 / bottleneck / latent_standard_core_equivalent_quality_pool,sufficient,core,latent_standard_primary_source_backfilled,Tier B,88,62
000400,许继电气,v5_hydrated,internal_quality_pool,pending_manual_approval,pending_review,44,21,3,True,strong,moderate,core_hard_tech_evidence_supported,strong,low,weak,strong,True,manual review of upgraded primary-source evidence before any future core-pool action,许继电气股份有限公司 2025 年半年度报告全文 10 智能变配电系统充分应用云计算、大数据、物联网、移动互联、人工智能等新一代信 息技术，结合能源互联网建设需求，搭建状态全面感知、设备全景诊断、故障智能自愈、 无人自主巡检、云边协同应用、信息互联共享的智慧变配电系统、物联网云平台，为电网、 交通、石化、工矿、智慧园区等领域提供自主可控、规划精准、运行高效、运维精益、服 务优质的变配电系统解决方案和成套设备。公司智能变配电系统主要产品包括继电保护系 统、变电站监控系统、智能变电站系统、工业调控系统、智能一二次融合设,许继电气股份有限公司 2025 年半年度报告全文 13 充换电设备及其它制造服务包括电动汽车充换电设备、加工制造服务等业务。面向电 动汽车充换电领域，提供智能充换电设备及整体解决方案，公司是目前国内技术水平较高 的电动汽车智能充换电系统制造商，拥有“国家能源主动配电网技术研发中心”。公司自 主研制的电力电源，拥有完全自主知识产权，采用标准模块化结构工艺，为电网、发电、 工业用电、轨道交通等领域提供稳定可靠的电源成套设备和技术服务。加工制造服务业务 包括机箱、机柜、户外箱体、开关机构、结构产品设计与制造、电子屏柜装联,evidence=44; page_citations=21; sources=3; domain=strong; role=moderate; bottleneck=strong,,,False,False,False,电气机械和器材制造业,能源与电力电子关键环节 / 电力电子/电网安全 / bottleneck / internal_quality_pool,strong,core,canonical_90_internal_manual_review,Tier A,55,23
000551,创元科技,v5_hydrated,false_negative_rescue_core_equivalent_quality_pool,pending_manual_approval,pending_review,42,21,3,True,strong,moderate,core_hard_tech_evidence_supported,strong,not_detected_in_existing_artifacts,moderate,strong,True,manual review of upgraded primary-source evidence before any future core-pool action,创元科技股份有限公司 2025 年半年度报告全文 12 元，同比增长 7.17%。主营业务收入较去年同期增长的企业为 90 家，占比 61.22%。主营业务收入较去 年同期下降的企业为 57 家，占比 38.78%。147 家企业完成轴承业务收入 491.35 亿元，同比增长 9.75%； 完成利润总额 56.12 亿元，同比增长 34.35%，利润总额较去年相比增长的企业占 59.86%，利润总额同 比下降企业占 37.41%，持平 4 家。 今年以来，机械工业价格形势依然严峻，3 月至 5 月出厂价格降幅始终在,创元科技股份有限公司 2025 年半年度报告全文 12 元，同比增长 7.17%。主营业务收入较去年同期增长的企业为 90 家，占比 61.22%。主营业务收入较去 年同期下降的企业为 57 家，占比 38.78%。147 家企业完成轴承业务收入 491.35 亿元，同比增长 9.75%； 完成利润总额 56.12 亿元，同比增长 34.35%，利润总额较去年相比增长的企业占 59.86%，利润总额同 比下降企业占 37.41%，持平 4 家。 今年以来，机械工业价格形势依然严峻，3 月至 5 月出厂价格降幅始终在,evidence=42; page_citations=21; sources=3; domain=strong; role=moderate; bottleneck=strong,,,False,False,False,专用设备制造业,高端制造装备 / 专用设备宽口径 / concept_only / false_negative_rescue_core_equivalent_quality_pool,strong,core,false_negative_rescue_backfilled,Excluded,81,63
000657,中钨高新,v5_hydrated,data_gap_core_equivalent_quality_pool,pending_manual_approval,pending_review,69,32,3,True,strong,moderate,core_hard_tech_evidence_supported,strong,not_detected_in_existing_artifacts,moderate,strong,True,manual review of upgraded primary-source evidence before any future core-pool action,中钨高新材料股份有限公司 2025 年半年度报告全文 7 （5）贸易及装备业务 3.应用领域 从终端领域来看，公司产品广泛应用于汽车制造、轨道交通、能源装备、矿山开采、基础建设及钢 铁冶金等传统工业领域，也在航空航天、新能源、人工智能、半导体与电子信息等新兴高端领域有广阔 的应用前景。 在航空航天领域，切削刀具广泛应用于航空结构件的高精度铣削，耐磨工具用于制造火箭发动机喷 嘴、燃气轮机叶片等高温高压部件。 在新能源汽车领域，切削刀具用于锂电池极耳切割、壳体精密加工等；硬质合金双极板涂层材料是 提升燃料电池性能的关键,中钨高新材料股份有限公司 2025 年半年度报告全文 7 （5）贸易及装备业务 3.应用领域 从终端领域来看，公司产品广泛应用于汽车制造、轨道交通、能源装备、矿山开采、基础建设及钢 铁冶金等传统工业领域，也在航空航天、新能源、人工智能、半导体与电子信息等新兴高端领域有广阔 的应用前景。 在航空航天领域，切削刀具广泛应用于航空结构件的高精度铣削，耐磨工具用于制造火箭发动机喷 嘴、燃气轮机叶片等高温高压部件。 在新能源汽车领域，切削刀具用于锂电池极耳切割、壳体精密加工等；硬质合金双极板涂层材料是 提升燃料电池性能的关键,evidence=69; page_citations=32; sources=3; domain=strong; role=moderate; bottleneck=strong,,,False,False,False,金属制品业,新材料 / AI服务器PCB/HBM材料 / beneficiary / data_gap_core_equivalent_quality_pool,strong,core,doubler_data_gap_primary_source_backfilled,Tier B,83,77
000811,冰轮环境,v5_hydrated,expansion_core_equivalent_quality_pool,pending_manual_approval,pending_review,51,24,3,True,strong,moderate,core_hard_tech_evidence_supported,strong,not_detected_in_existing_artifacts,moderate,strong,True,manual review of upgraded primary-source evidence before any future core-pool action,冰轮环境技术股份有限公司 2025 年半年度报告全文 8 第三节 管理层讨论与分析 一、报告期内公司从事的主要业务 公司以“推动全球可持续发展”为使命，致力于在人工环境控制技术和能源综合利用技术领域，为用户提供安全、 环保、节能的智慧绿色能源系统解决方案，以完善的智能制造和系统集成能力，满足用户专业化的定制需求。业务领域 涵盖工业制冷、暖通空调、绿能装备、精密成型、数智工业等。 公司主要产品系列有螺杆式压缩机、离心式压缩机、吸收式制冷机、活塞式压缩机、涡旋式压缩机、工业热泵、储 能蓄能装置、真空冻干设备、速冻装置、,冰轮环境技术股份有限公司 2025 年半年度报告全文 9 持战略定力，坚持长期主义，持续深耕，稳住存量，迎接当期增量，准备着迎接中期/远期的变量曙光。 （一）近年来全球算力基础建设热度高企，公司长于为数据中心提供冷源装备和热交换装置等温控冷却装备。 子公司顿汉布什控股有着十余年服务数据中心的经验和丰富的全球案例，继 2020 年 入选国家工信部《国家绿色数据中心先进适用技术产品目录》的“变频离心式冷水机组” “集成自然冷却功能的风冷螺杆冷水机组”等成熟产品外，去年新升级上市的 IDC 专版磁 悬浮系列产品和 Fan,evidence=51; page_citations=24; sources=3; domain=strong; role=moderate; bottleneck=strong,,,False,False,False,通用设备制造业,新材料 / AI服务器PCB/HBM材料 / bottleneck / expansion_core_equivalent_quality_pool,strong,core,expansion_2025_doubler_discovered,Tier A,89,67
000967,盈峰环境,v5_hydrated,false_negative_rescue_core_equivalent_quality_pool,pending_manual_approval,pending_review,37,25,3,True,strong,moderate,core_hard_tech_evidence_supported,strong,not_detected_in_existing_artifacts,moderate,strong,True,manual review of upgraded primary-source evidence before any future core-pool action,盈峰环境科技集团股份有限公司 2025 年半年度报告全文 10 固废处置，主要涵盖生活垃圾焚烧发电、生活垃圾填埋、污水处理、餐厨垃圾资源化利用、低碳再生资源回收利用、 固废循环产业园等业务。公司固废循环产业园以垃圾焚烧发电项目为核心，园内配置生活垃圾处置、危废处理、污泥处 理、餐厨垃圾处理、建筑垃圾处理、填埋场生态修复、渗滤液处理、飞灰处理等处理设施，各业务之间有机协同，一揽 子解决固废问题，经营模式主要为 PPP。 二、核心竞争力分析 报告期内公司核心竞争力未发生明显变化 1、研发领航优势——技术创新引领与行业标,盈峰环境科技集团股份有限公司 2025 年半年度报告全文 10 固废处置，主要涵盖生活垃圾焚烧发电、生活垃圾填埋、污水处理、餐厨垃圾资源化利用、低碳再生资源回收利用、 固废循环产业园等业务。公司固废循环产业园以垃圾焚烧发电项目为核心，园内配置生活垃圾处置、危废处理、污泥处 理、餐厨垃圾处理、建筑垃圾处理、填埋场生态修复、渗滤液处理、飞灰处理等处理设施，各业务之间有机协同，一揽 子解决固废问题，经营模式主要为 PPP。 二、核心竞争力分析 报告期内公司核心竞争力未发生明显变化 1、研发领航优势——技术创新引领与行业标,evidence=37; page_citations=25; sources=3; domain=strong; role=moderate; bottleneck=strong,,,False,False,False,专用设备制造业,高端制造装备 / 专用设备宽口径 / concept_only / false_negative_rescue_core_equivalent_quality_pool,strong,core,false_negative_rescue_backfilled,Excluded,82,65
001267,汇绿生态,v5_hydrated,expansion_core_equivalent_quality_pool,pending_manual_approval,pending_review,62,26,3,True,strong,moderate,core_hard_tech_evidence_supported,strong,not_detected_in_existing_artifacts,moderate,strong,True,manual review of upgraded primary-source evidence before any future core-pool action,汇绿生态科技集团股份有限公司 2025 年半年度报告全文 9 光模块产品品类繁多，一般可以按照传输速率、激光器类型、复用技术、适用光纤类型、封装形式等方式进行分类，具 体分类如下： 分类标准 光模块类别 特征 传输速率 10Gb/s 以下、10Gb/s、25Gb/s、100Gb/s、 200Gb/s、400Gb/s、800Gb/s、1.6Tb/s 等 指每秒传输比特数，通常传输速率越高，代表的技术难度 越高；光模块的发展方向之一是高传输速率 激光器类 型 VCSEL、FP、DFB、EML 适用于不同工作波长和应用场,汇绿生态科技集团股份有限公司 2025 年半年度报告全文 9 光模块产品品类繁多，一般可以按照传输速率、激光器类型、复用技术、适用光纤类型、封装形式等方式进行分类，具 体分类如下： 分类标准 光模块类别 特征 传输速率 10Gb/s 以下、10Gb/s、25Gb/s、100Gb/s、 200Gb/s、400Gb/s、800Gb/s、1.6Tb/s 等 指每秒传输比特数，通常传输速率越高，代表的技术难度 越高；光模块的发展方向之一是高传输速率 激光器类 型 VCSEL、FP、DFB、EML 适用于不同工作波长和应用场,evidence=62; page_citations=26; sources=3; domain=strong; role=moderate; bottleneck=strong,,,False,False,False,计算机、通信和其他电子设备制造业,光电与通信 / 光互联/光芯片 / bottleneck / expansion_core_equivalent_quality_pool,strong,core,expansion_2025_doubler_discovered,Tier B,89,71
001309,德明利,v5_hydrated,false_negative_rescue_core_equivalent_quality_pool,pending_manual_approval,pending_review,79,29,3,True,strong,moderate,core_hard_tech_evidence_supported,strong,not_detected_in_existing_artifacts,moderate,strong,True,manual review of upgraded primary-source evidence before any future core-pool action,深圳市德明利技术股份有限公司 2025 年半年度报告全文 15 势，公司发挥技术优势，已经推出了固态硬盘的国产化方案，覆盖企业级存储、消费级、工业级等规格，未来将持续加 快国产化平台认证导入进程，助力 SSD 国产化进程。 QLC NAND 应用方面，公司前瞻性地布局相关关键技术，包括针对 QLC NAND 介质特性开发的新一代纠错算法、压缩 技术、低功耗设计等，且公司新一代主控均高效支持 QLC NAND，实现 QLC 产品在传输速度、耐用性上有效提升。目前， 公司已经具备了成熟的 QLC NAND 商业应用能力,深圳市德明利技术股份有限公司 2025 年半年度报告全文 15 势，公司发挥技术优势，已经推出了固态硬盘的国产化方案，覆盖企业级存储、消费级、工业级等规格，未来将持续加 快国产化平台认证导入进程，助力 SSD 国产化进程。 QLC NAND 应用方面，公司前瞻性地布局相关关键技术，包括针对 QLC NAND 介质特性开发的新一代纠错算法、压缩 技术、低功耗设计等，且公司新一代主控均高效支持 QLC NAND，实现 QLC 产品在传输速度、耐用性上有效提升。目前， 公司已经具备了成熟的 QLC NAND 商业应用能力,evidence=79; page_citations=29; sources=3; domain=strong; role=moderate; bottleneck=strong,,,False,False,False,计算机、通信和其他电子设备制造业,半导体 / 电子/芯片/通信设备宽口径 / concept_only / false_negative_rescue_core_equivalent_quality_pool,strong,core,false_negative_rescue_backfilled,Excluded,82,77
001389,广合科技,v5_hydrated,data_gap_core_equivalent_quality_pool,pending_manual_approval,pending_review,62,22,3,True,strong,moderate,core_hard_tech_evidence_supported,strong,not_detected_in_existing_artifacts,moderate,strong,True,manual review of upgraded primary-source evidence before any future core-pool action,广州广合科技股份有限公司 2025 年半年度报告全文 11 欧洲 3.20% 7.40% 7.30% 7.60% 15.40% 1.60% 4.20% 4.30% 日本 3.40% 4.90% 8.60% 5.30% 8.70% 1.00% 3.40% 5.80% 中国 3.10% 6.70% 69.40% 14.20% 12.70% 4.30% 4.30% 8.50% 亚洲 10.00% 5.50% 35.50% 11.60% 5.00% 3.00% 4.30% 7.10% 总计 4.00% 6.10% 41.7,广州广合科技股份有限公司 2025 年半年度报告全文 13 进度监控：项目管理员针对项目实施计划书制订的时间节点，制定项目监控周报，针对每个项目的实施进度进行监 控； 验收：项目完成后，项目负责人编写项目验收总结报告，并提交项目组长或部门经理进行审核；项目管理员组织项 目验收，对于评审验收通过的项目， 视项目需要继续进行“新产品成果评审（鉴定）报告”和“新产品科技查新”； 归档：研发项目完成后，将产品技术资料、研发项目技术工作总结、量产可行性报告等资料归档。 （四） 主营业务分析 报告期内，受益于算力基础设施需求强,evidence=62; page_citations=22; sources=3; domain=strong; role=moderate; bottleneck=strong,,,False,False,False,计算机、通信和其他电子设备制造业,新材料 / AI服务器PCB/HBM材料 / beneficiary / data_gap_core_equivalent_quality_pool,strong,core,doubler_data_gap_primary_source_backfilled,Tier B,81,68
002008,大族激光,v5_hydrated,expansion_core_equivalent_quality_pool,pending_manual_approval,pending_review,76,33,3,True,strong,moderate,core_hard_tech_evidence_supported,strong,not_detected_in_existing_artifacts,moderate,strong,True,manual review of upgraded primary-source evidence before any future core-pool action,大族激光科技产业集团股份有限公司 2025 年半年度报告全文 10 极限制造产品为标准激光切割、焊接、打标设备等通用激光加工设备。通用激光加工设备主要应用于金属及非金 属材料的工业加工环节，凭借速度快、精度高、加工质量好等优势，逐步替代传统机械加工设备，大幅提高了工业加工 效率和品质。该业务的下游相对广泛且分散，应用于工程机械、建设机械、汽车配件、厨卫五金、电子电气、智能家居 等多个行业。 现阶段，行业专机和极限制造产品仍是公司主要的收入与利润来源。公司研发生产的紫外及超快激光器、高功率 光纤激光器、中低功率 CO,大族激光科技产业集团股份有限公司 2025 年半年度报告全文 10 极限制造产品为标准激光切割、焊接、打标设备等通用激光加工设备。通用激光加工设备主要应用于金属及非金 属材料的工业加工环节，凭借速度快、精度高、加工质量好等优势，逐步替代传统机械加工设备，大幅提高了工业加工 效率和品质。该业务的下游相对广泛且分散，应用于工程机械、建设机械、汽车配件、厨卫五金、电子电气、智能家居 等多个行业。 现阶段，行业专机和极限制造产品仍是公司主要的收入与利润来源。公司研发生产的紫外及超快激光器、高功率 光纤激光器、中低功率 CO,evidence=76; page_citations=33; sources=3; domain=strong; role=moderate; bottleneck=strong,,,False,False,False,专用设备制造业,新材料 / AI服务器PCB/HBM材料 / bottleneck / expansion_core_equivalent_quality_pool,strong,core,expansion_2025_doubler_discovered,Tier B,90,79
002049,紫光国微,v5_hydrated,latent_core_equivalent_quality_pool,pending_manual_approval,pending_review,44,19,3,True,strong,moderate,core_hard_tech_evidence_supported,strong,not_detected_in_existing_artifacts,moderate,strong,True,manual review of upgraded primary-source evidence before any future core-pool action,紫光国芯微电子股份有限公司 2025 年半年度报告全文 10 1、特种集成电路业务 报告期内，公司聚焦未来特种集成电路市场需求方向，进行深入调研，完成了多项新产品的研制规划。报告期内， 公司研发组织架构进行了优化，提升研发团队效率，研制周期明显缩短；自建封装线顺利投产，产品质量达到行业先进 水平，提升了公司供应链自主可控能力，质量保证能力同步得到提升；持续提升测试能力和产线的自动化水平，供货保 障能力进一步提升，产品交付周期明显缩短。 FPGA 和系统级芯片产品继续在行业市场内保持领先地位，用户范围进一步扩大，新一,紫光国芯微电子股份有限公司 2025 年半年度报告全文 10 1、特种集成电路业务 报告期内，公司聚焦未来特种集成电路市场需求方向，进行深入调研，完成了多项新产品的研制规划。报告期内， 公司研发组织架构进行了优化，提升研发团队效率，研制周期明显缩短；自建封装线顺利投产，产品质量达到行业先进 水平，提升了公司供应链自主可控能力，质量保证能力同步得到提升；持续提升测试能力和产线的自动化水平，供货保 障能力进一步提升，产品交付周期明显缩短。 FPGA 和系统级芯片产品继续在行业市场内保持领先地位，用户范围进一步扩大，新一,evidence=44; page_citations=19; sources=3; domain=strong; role=moderate; bottleneck=strong,,,False,False,False,计算机、通信和其他电子设备制造业,半导体 / 功率器件/IGBT/SiC/GaN / bottleneck / latent_core_equivalent_quality_pool,sufficient,core,latent_primary_source_backfill_batch1_rerun_v2,Tier B,88,62
002156,通富微电,v5_hydrated,data_gap_core_equivalent_quality_pool,pending_manual_approval,pending_review,61,24,3,True,strong,moderate,core_hard_tech_evidence_supported,strong,not_detected_in_existing_artifacts,moderate,strong,True,manual review of upgraded primary-source evidence before any future core-pool action,"通富微电子股份有限公司 2025 年半年度报告全文 10 为半导体创造了广阔的市场空间。在国家政策的大力扶持下，国内企业更加坚定地走自主研发之路，加大研发投入，提升产 业自主可控能力。 具体从下游领域来看： AI 手机、AI 电脑、AI 眼镜正在成为年轻人的潮流三件套。据商务部最新数据显示，今年以来，超 6,900 万名消费者购买 手机等数码产品超 7,400 万件。其中尤以智能眼镜市场的爆发最为突出，其品类成交量同比激增 10 倍，电商平台的入驻品牌 数量较去年增长超 3 倍。中国互联网络信息中心（CNNIC）发",通富微电子股份有限公司 2025 年半年度报告全文 11 展望 2025 年下半年，业界分析认为，需求持续增长的 AI 和新能源汽车等新兴领域依旧是关键驱动力。存储、通信、汽 车、工业等主要领域的需求逐步复苏。在技术驱动的新一轮上行周期与应用市场逐步复苏的叠加影响下，整体封测市场发展 向好。未来，随着 5G、AIoT、智能汽车等新兴应用的普及，对封装技术提出了更高要求。中国封测企业需要在高密度集成、 低功耗设计、高散热性能等关键技术领域持续突破，同时加强与国际先进企业的合作交流，共同推动封装技术的创新发展。 在政策,evidence=61; page_citations=24; sources=3; domain=strong; role=moderate; bottleneck=strong,,,False,False,False,计算机、通信和其他电子设备制造业,半导体 / 先进封装 / beneficiary / data_gap_core_equivalent_quality_pool,strong,core,doubler_data_gap_primary_source_backfilled,Tier B,82,69
002169,智光电气,v5_hydrated,expansion_core_equivalent_quality_pool,pending_manual_approval,pending_review,51,23,3,True,strong,moderate,core_hard_tech_evidence_supported,strong,not_detected_in_existing_artifacts,moderate,strong,True,manual review of upgraded primary-source evidence before any future core-pool action,广州智光电气股份有限公司 2025 年半年度报告全文 11 第三节 管理层讨论与分析 一、报告期内公司从事的主要业务 （一）公司行业分类 公司主要从事数字能源技术及产品的研发、生产和销售及综合能源技术研究与服务，具体包括：储 能 PCS/BMS/EMS 及储能系统集成，高压变频设备、高压无功补偿设备、配网中性点接地装置、新能源并 网测试车等高压大功率电力电子柔性装备，电力电缆产品，微网与分布式能源、光储充一体化等综合能 源服务解决方案。根据国家统计局公布的《战略性新兴产业分类》，公司属于“6 新能源产业”之“6.5,广州智光电气股份有限公司 2025 年半年度报告全文 11 第三节 管理层讨论与分析 一、报告期内公司从事的主要业务 （一）公司行业分类 公司主要从事数字能源技术及产品的研发、生产和销售及综合能源技术研究与服务，具体包括：储 能 PCS/BMS/EMS 及储能系统集成，高压变频设备、高压无功补偿设备、配网中性点接地装置、新能源并 网测试车等高压大功率电力电子柔性装备，电力电缆产品，微网与分布式能源、光储充一体化等综合能 源服务解决方案。根据国家统计局公布的《战略性新兴产业分类》，公司属于“6 新能源产业”之“6.5,evidence=51; page_citations=23; sources=3; domain=strong; role=moderate; bottleneck=strong,,,False,False,False,电气机械和器材制造业,能源与电力电子关键环节 / 电网/能源基础设施 / bottleneck / expansion_core_equivalent_quality_pool,strong,core,expansion_2025_doubler_discovered,Tier A,88,66
002171,楚江新材,v5_hydrated,internal_quality_pool,pending_manual_approval,pending_review,56,24,3,True,strong,moderate,core_hard_tech_evidence_supported,strong,low,moderate,strong,True,manual review of upgraded primary-source evidence before any future core-pool action,安徽楚江科技新材料股份有限公司 2025 年半年度报告全文 11 特种热工装备 新材料 碳陶热工装备 先进热处理热工装备 粉冶环保热工装备 产品 图片 产品 种类 复合材料制 备热工装备 先进陶瓷材 料制备热工 装备 真空热处理 热工装备 真空钎焊/ 真空压力扩 散焊装备 真空热压装 备 粉末冶金热 工装备 固废资源高 值化利用热 工装备 金属基 3D 打印材料 及制品和 半导体材 料表面沉 积加工 应用 领域 航空航天、半导体、新能 源等领域研制开发碳/碳复 合材料、陶瓷基复合材料 的制备 航空航天、半导体、机械,安徽楚江科技新材料股份有限公司 2025 年半年度报告全文 11 特种热工装备 新材料 碳陶热工装备 先进热处理热工装备 粉冶环保热工装备 产品 图片 产品 种类 复合材料制 备热工装备 先进陶瓷材 料制备热工 装备 真空热处理 热工装备 真空钎焊/ 真空压力扩 散焊装备 真空热压装 备 粉末冶金热 工装备 固废资源高 值化利用热 工装备 金属基 3D 打印材料 及制品和 半导体材 料表面沉 积加工 应用 领域 航空航天、半导体、新能 源等领域研制开发碳/碳复 合材料、陶瓷基复合材料 的制备 航空航天、半导体、机械,evidence=56; page_citations=24; sources=3; domain=strong; role=moderate; bottleneck=strong,,,False,False,False,有色金属冶炼和压延加工业,航空航天与军工电子 / 航空航天/军工电子 / bottleneck / internal_quality_pool,strong,core,canonical_90_internal_manual_review,Tier A,89,68
002176,江特电机,v5_hydrated,internal_quality_pool,pending_manual_approval,pending_review,47,22,3,True,strong,moderate,core_hard_tech_evidence_supported,strong,low,moderate,strong,True,manual review of upgraded primary-source evidence before any future core-pool action,江西特种电机股份有限公司 2025 年半年度报告全文 10 公司电机产品包括伺服电机、新能源电机、起重冶金电机、风电配套电机、建机电机、特种装备电机等，已广泛应 用于机器人、工业自动化、飞行器、风电、新能源车、建筑塔机、起重冶金机械、电梯扶梯等行业。为扎实执行国家双 碳政策以及满足相关行业节能改造的需要，公司开发了 YE4、YE5、永磁电机等高效节能电机，并已广泛应用在节能改造 项目中。 4、经营模式及业绩驱动因素 公司紧跟国家政策，坚持发展智慧、绿色电机的经营理念，服务各行业客户。 公司建立了一套以销售订单为依据,江西特种电机股份有限公司 2025 年半年度报告全文 10 公司电机产品包括伺服电机、新能源电机、起重冶金电机、风电配套电机、建机电机、特种装备电机等，已广泛应 用于机器人、工业自动化、飞行器、风电、新能源车、建筑塔机、起重冶金机械、电梯扶梯等行业。为扎实执行国家双 碳政策以及满足相关行业节能改造的需要，公司开发了 YE4、YE5、永磁电机等高效节能电机，并已广泛应用在节能改造 项目中。 4、经营模式及业绩驱动因素 公司紧跟国家政策，坚持发展智慧、绿色电机的经营理念，服务各行业客户。 公司建立了一套以销售订单为依据,evidence=47; page_citations=22; sources=3; domain=strong; role=moderate; bottleneck=strong,,,False,False,False,有色金属冶炼和压延加工业,高端制造装备 / 机器人核心零部件 / chokepoint / internal_quality_pool,strong,core,canonical_90_internal_manual_review,Tier A,88,65
002182,宝武镁业,v5_hydrated,latent_standard_core_equivalent_quality_pool,pending_manual_approval,pending_review,39,20,3,True,strong,moderate,core_hard_tech_evidence_supported,strong,not_detected_in_existing_artifacts,moderate,strong,True,manual review of upgraded primary-source evidence before any future core-pool action,宝武镁业科技股份有限公司 2025 年半年度报告全文 10 报告期内，公司积极应对全球化竞争格局，将海外市场拓展视为实现可持续发展的重要战略方向。我们凭借领先的 镁、铝轻量化材料研发与生产能力，绿色低碳的产品理念，深度融入全球汽车、航空航天及电子消费品产业链，与国际 知名客户建立了稳固的合作关系。通过优化海外销售网络、提升本地化服务能力，以及密切关注“一带一路”等倡议带 来的市场机遇，公司海外业务规模与市场份额均实现稳步增长。 未来，我们将继续深化国际化布局，通过高品质的产品 与解决方案满足全球客户日益增长的需求，,宝武镁业科技股份有限公司 2025 年半年度报告全文 10 报告期内，公司积极应对全球化竞争格局，将海外市场拓展视为实现可持续发展的重要战略方向。我们凭借领先的 镁、铝轻量化材料研发与生产能力，绿色低碳的产品理念，深度融入全球汽车、航空航天及电子消费品产业链，与国际 知名客户建立了稳固的合作关系。通过优化海外销售网络、提升本地化服务能力，以及密切关注“一带一路”等倡议带 来的市场机遇，公司海外业务规模与市场份额均实现稳步增长。 未来，我们将继续深化国际化布局，通过高品质的产品 与解决方案满足全球客户日益增长的需求，,evidence=39; page_citations=20; sources=3; domain=strong; role=moderate; bottleneck=strong,,,False,False,False,有色金属冶炼和压延加工业,工业软件与基础软件 / 基础软件/工业软件 / bottleneck / latent_standard_core_equivalent_quality_pool,strong,core,latent_standard_primary_source_backfilled,Tier B,88,62
002222,福晶科技,v5_hydrated,internal_quality_pool,pending_manual_approval,pending_review,52,22,3,True,strong,moderate,core_hard_tech_evidence_supported,strong,low,moderate,strong,True,manual review of upgraded primary-source evidence before any future core-pool action,福建福晶科技股份有限公司 2025 年半年度报告全文 12 2 、 采购模式 公司生产所需的原材料主要为化工原料 、 玻璃等光学材料 、 机加工件等 ， 根据订单和 物料库存情况实施采购 。 公司建立了严格的供应 商管理体系 ， 根据物料性质开发供应商 ， 通过现场审核 、 样品测试等方式建立合格供应商库 ， 定期对主要供应商的供货能力 、 产品 质量 、 性价比 、 交付准时率 、 质量管理体系执行情况等进行评估分析 ， 实行供应商动态管 理 。 生产部门根据生产计划及物料库存情况提出采购需求 ， 采购部门根据生,福建福晶科技股份有限公司 2025 年半年度报告全文 13 户建立了良好的合作关 系 ， 在 业界 享有良好的声誉 ， 产品被海内外知名激光器和光模块公 司广泛采用 。 公司品牌 “CASTECH” 已在全球激光和光通信领域树立了高技术 、 高品质 、 优服务的市场形象 。 公司荣获中国光学光电子行业协会 “2019 年度中国光电行业影响力企 业 ” 荣誉 。 公司核心非线性光学晶体和激光晶体领域处于国际领先地位 ， 是全球规模最大 的 LBO 、 BBO 晶体及其元器件的生产企业 ， 根据市场调研及主要客户交流反,evidence=52; page_citations=22; sources=3; domain=strong; role=moderate; bottleneck=strong,,,False,False,False,计算机、通信和其他电子设备制造业,其他战略性关键环节 / 国产替代/供应链约束 / bottleneck / internal_quality_pool,strong,core,canonical_90_internal_manual_review,Tier A,88,66
002281,光迅科技,v5_hydrated,internal_quality_pool,pending_manual_approval,pending_review,51,22,3,True,strong,moderate,core_hard_tech_evidence_supported,strong,low,moderate,strong,True,manual review of upgraded primary-source evidence before any future core-pool action,武汉光迅科技股份有限公司 2025 年半年度报告全文 14 二、核心竞争力分析 公司是光电子行业先行者，专注于光通信领域近 50 年，多项“第一”由此诞生，是“国家认定企 业技术中心”“国家技术创新示范企业”“光通信技术和网络全国重点实验室”，具备光电子芯片、器 件、模块及子系统产品的战略研发和规模量产能力。公司连续十八年入选“中国光器件与辅助设备及原 材料最具竞争力企业10强（第1名）”“全球光器件最具竞争力企业10强（第4 名）”。 领先的垂直集成技术能力：经过多年积累和优化，公司形成了半导体材料生长、半导体工,武汉光迅科技股份有限公司 2025 年半年度报告全文 14 二、核心竞争力分析 公司是光电子行业先行者，专注于光通信领域近 50 年，多项“第一”由此诞生，是“国家认定企 业技术中心”“国家技术创新示范企业”“光通信技术和网络全国重点实验室”，具备光电子芯片、器 件、模块及子系统产品的战略研发和规模量产能力。公司连续十八年入选“中国光器件与辅助设备及原 材料最具竞争力企业10强（第1名）”“全球光器件最具竞争力企业10强（第4 名）”。 领先的垂直集成技术能力：经过多年积累和优化，公司形成了半导体材料生长、半导体工,evidence=51; page_citations=22; sources=3; domain=strong; role=moderate; bottleneck=strong,,,False,False,False,计算机、通信和其他电子设备制造业,光电与通信 / 光互联/光芯片 / bottleneck / internal_quality_pool,strong,core,canonical_90_internal_manual_review,Tier A,88,66
002353,杰瑞股份,v5_hydrated,expansion_core_equivalent_quality_pool,pending_manual_approval,pending_review,56,23,3,True,strong,moderate,core_hard_tech_evidence_supported,strong,not_detected_in_existing_artifacts,moderate,strong,True,manual review of upgraded primary-source evidence before any future core-pool action,烟台杰瑞石油服务集团股份有限公司 2025 年半年度报告全文 10 二、核心竞争力分析 1、优秀的企业文化优势 回顾杰瑞的发展历程，杰瑞能够在多个领域取得快速发展的最根本原因，是杰瑞优秀的企业文化。杰瑞的企业文化 核心价值观是“以客户为中心，以奋斗者为本，自我批判、勇争第一”。杰瑞坚信，奋斗者是企业最宝贵的财富。企业 核心竞争力的载体是团队，企业文化越健康，团队成员对健康文化的践行度越高，企业的核心竞争力就越强。专有技 术、核心人才等是企业在一定时期内的可比较竞争优势。秉承健康的企业文化，企业将有能力创造出更多可比,烟台杰瑞石油服务集团股份有限公司 2025 年半年度报告全文 10 二、核心竞争力分析 1、优秀的企业文化优势 回顾杰瑞的发展历程，杰瑞能够在多个领域取得快速发展的最根本原因，是杰瑞优秀的企业文化。杰瑞的企业文化 核心价值观是“以客户为中心，以奋斗者为本，自我批判、勇争第一”。杰瑞坚信，奋斗者是企业最宝贵的财富。企业 核心竞争力的载体是团队，企业文化越健康，团队成员对健康文化的践行度越高，企业的核心竞争力就越强。专有技 术、核心人才等是企业在一定时期内的可比较竞争优势。秉承健康的企业文化，企业将有能力创造出更多可比,evidence=56; page_citations=23; sources=3; domain=strong; role=moderate; bottleneck=strong,,,False,False,False,专用设备制造业,其他战略性关键环节 / 国产替代/供应链约束 / bottleneck / expansion_core_equivalent_quality_pool,strong,core,expansion_2025_doubler_discovered,Tier B,88,67
002368,太极股份,v5_hydrated,latent_core_equivalent_quality_pool,pending_manual_approval,pending_review,39,17,3,True,strong,moderate,core_hard_tech_evidence_supported,strong,not_detected_in_existing_artifacts,moderate,strong,True,manual review of upgraded primary-source evidence before any future core-pool action,太极计算机股份有限公司 2025 年半年度报告全文 10 二、核心竞争力分析 进入数智化时代，公司通过构建全链条数字化能力体系，深度参与数字中国可信生态建设，以 AI 赋能千行百业数智 化变革。公司核心竞争力主要体现在以下几方面： 1、完善的自主产品体系优势。公司布局了包含普华操作系统、金仓数据库、金蝶天燕中间件、慧点科技办公软件、 法智易合同法务软件、行业专业产品等在内的自主产品体系，并牵头组建中国电科信创工程研究中心，打造四象卫士终 端管理软件和六合信创生态服务平台，形成日益完善的自主可控产业生态体系。 2、成,太极计算机股份有限公司 2025 年半年度报告全文 10 二、核心竞争力分析 进入数智化时代，公司通过构建全链条数字化能力体系，深度参与数字中国可信生态建设，以 AI 赋能千行百业数智 化变革。公司核心竞争力主要体现在以下几方面： 1、完善的自主产品体系优势。公司布局了包含普华操作系统、金仓数据库、金蝶天燕中间件、慧点科技办公软件、 法智易合同法务软件、行业专业产品等在内的自主产品体系，并牵头组建中国电科信创工程研究中心，打造四象卫士终 端管理软件和六合信创生态服务平台，形成日益完善的自主可控产业生态体系。 2、成,evidence=39; page_citations=17; sources=3; domain=strong; role=moderate; bottleneck=strong,,,False,False,False,软件和信息技术服务业,工业软件与基础软件 / 基础软件/工业软件 / bottleneck / latent_core_equivalent_quality_pool,sufficient,core,latent_primary_source_backfill_batch1_rerun_v2,Tier B,87,59
002371,北方华创,v5_hydrated,internal_quality_pool,pending_manual_approval,pending_review,77,30,3,True,strong,moderate,core_hard_tech_evidence_supported,strong,low,moderate,strong,True,manual review of upgraded primary-source evidence before any future core-pool action,北方华创科技集团股份有限公司 2025 年半年度报告全文 10 第三节 管理层讨论与分析 一、报告期内公司从事的主要业务 北方华创专注于半导体基础产品的研发、生产、销售和技术服务，主要产品为电子工艺装备和电子元器件，电子工 艺装备包括半导体装备、真空及新能源装备。电子元器件包括电阻、电容、晶体器件、模块电源、微波组件等。北方华 创始终坚持科技创新，不断推动产品迭代升级，积极拓展产品应用领域，以满足快速发展的市场需求。 在半导体装备业务板块，北方华创的主要产品包括刻蚀、薄膜沉积、热处理、湿法、离子注入、涂胶显影、键合,北方华创科技集团股份有限公司 2025 年半年度报告全文 12 键合设备是实现晶圆级集成与异质封装的核心装备，通过物理或化学作用实现芯片与基板的高精度互联，其技术路 线涵盖传统引线键合、倒装芯片键合、混合键合及临时键合等多种形式。根据权威机构数据，2024 年键合设备全球市场 规模约 50 亿元人民币。北方华创控股子公司芯源微是国内临时键合设备的领先厂商，主要产品包括临时键合机、解键合 机等。 2、真空及新能源装备 （1）晶体生长设备 晶体生长设备是用于制备高纯度单晶材料的关键设备，通过直拉法（CZ）、区熔法（FZ,evidence=77; page_citations=30; sources=3; domain=strong; role=moderate; bottleneck=strong,,,False,False,False,专用设备制造业,半导体 / 半导体设备 / chokepoint / internal_quality_pool,strong,core,canonical_90_internal_manual_review,Tier A,69,33
002402,和而泰,v5_hydrated,internal_quality_pool,pending_manual_approval,pending_review,53,21,3,True,strong,moderate,core_hard_tech_evidence_supported,strong,low,moderate,strong,True,manual review of upgraded primary-source evidence before any future core-pool action,深圳和而泰智能控制股份有限公司 2025 年半年度报告全文 10 第三节 管理层讨论与分析 一、报告期内公司从事的主要业务 公司是智能控制器解决方案供应商，主营业务涉及家用电器、电动工具及工业自动化、汽车电子、 智能化产品及人工智能服务平台；以及微波毫米波相控阵 T/R 芯片的研发、生产、销售和技术服务。 公司智能控制器业务板块主要以家用电器、电动工具及工业自动化、汽车电子、智能化产品4 大产业 集群为核心，具体划分为国内家用电器、海外家用电器、电动工具、工业自动化、汽车电子、智能 化产 品及人工智能服务平台六大业,深圳和而泰智能控制股份有限公司 2025 年半年度报告全文 13 可实现更沉浸的感官体验；第二代睡眠检测系统通过睡眠监测与压力监测，可实现睡眠自适应支撑调节。 同时，公司在 AI 应用领域，重点研究了基于强化学习的推理优化技术，探索如何让模型自主涌现推理能 力，而非依赖人工标注数据，该技术将为后续迭代的行业模型与行业场景结合打下基础。在垂直领域数 据碎片化技术领域，公司搭建了行业知识库原型系统， 并预研检索增强生成（RAG）技术，同时探索了 Function Calling 技术，研究如何让模型调用外部工具处理实时,evidence=53; page_citations=21; sources=3; domain=strong; role=moderate; bottleneck=strong,,,False,False,False,计算机、通信和其他电子设备制造业,高端制造装备 / 机器人核心零部件 / chokepoint / internal_quality_pool,strong,core,canonical_90_internal_manual_review,Tier A,88,65
002409,雅克科技,v5_hydrated,internal_quality_pool,pending_manual_approval,pending_review,69,34,3,True,strong,moderate,core_hard_tech_evidence_supported,strong,low,moderate,strong,True,manual review of upgraded primary-source evidence before any future core-pool action,江苏雅克科技股份有限公司 2025 年半年度报告全文 10 刻胶业务的客户包括京东方、LG 显示、华星光电、惠科和深天马等国内外多家主流显示厂商。公司具有丰富的显示光刻 胶品种和国内外多家主流显示厂商客户，为显示光刻胶业务持续增长提供了强劲动力。印刷 OLED（IJP OLED），是指将 有机材料先配置成溶液，然后通过极高精度的喷墨印刷设备直接喷涂于预制好的像素孔基板上，以确保每一滴有机材料 可以精准“着陆”，从而使得有机材料的利用率高达 90%，较之真空蒸镀工艺大幅提高，并且不需要高精密的金属掩膜 版。因此，印刷,江苏雅克科技股份有限公司 2025 年半年度报告全文 10 刻胶业务的客户包括京东方、LG 显示、华星光电、惠科和深天马等国内外多家主流显示厂商。公司具有丰富的显示光刻 胶品种和国内外多家主流显示厂商客户，为显示光刻胶业务持续增长提供了强劲动力。印刷 OLED（IJP OLED），是指将 有机材料先配置成溶液，然后通过极高精度的喷墨印刷设备直接喷涂于预制好的像素孔基板上，以确保每一滴有机材料 可以精准“着陆”，从而使得有机材料的利用率高达 90%，较之真空蒸镀工艺大幅提高，并且不需要高精密的金属掩膜 版。因此，印刷,evidence=69; page_citations=34; sources=3; domain=strong; role=moderate; bottleneck=strong,,,False,False,False,化学原料和化学制品制造业,半导体 / 半导体设备 / bottleneck / internal_quality_pool,strong,core,canonical_90_internal_manual_review,Tier A,90,78
002414,高德红外,v5_hydrated,internal_quality_pool,pending_manual_approval,pending_review,55,21,3,True,strong,moderate,core_hard_tech_evidence_supported,strong,low,moderate,strong,True,manual review of upgraded primary-source evidence before any future core-pool action,武汉高德红外股份有限公司 2025 年半年度报告全文 10 第三节 管理层讨论与分析 一、报告期内公司从事的主要业务 （一）行业发展情况 红外热成像技术，凭借其非接触测温、穿透烟尘雾霾、全天候工作等独特优势，成为 现代感知领域的“热视觉”。该技术最初由西方国家主导并长期应用在侦察、夜视装备和 精确制导等国防安全领域。鉴于其战略价值，西方长期对我国实施严密的技术封锁，其核 心器件与装备体系被严格限制对华出口。在此背景下，我国将红外焦平面探测器列为国产 化与进口替代的重点攻坚方向。在国家重大专项持续投入和精准产业政策的,武汉高德红外股份有限公司 2025 年半年度报告全文 10 第三节 管理层讨论与分析 一、报告期内公司从事的主要业务 （一）行业发展情况 红外热成像技术，凭借其非接触测温、穿透烟尘雾霾、全天候工作等独特优势，成为 现代感知领域的“热视觉”。该技术最初由西方国家主导并长期应用在侦察、夜视装备和 精确制导等国防安全领域。鉴于其战略价值，西方长期对我国实施严密的技术封锁，其核 心器件与装备体系被严格限制对华出口。在此背景下，我国将红外焦平面探测器列为国产 化与进口替代的重点攻坚方向。在国家重大专项持续投入和精准产业政策的,evidence=55; page_citations=21; sources=3; domain=strong; role=moderate; bottleneck=strong,,,False,False,False,计算机、通信和其他电子设备制造业,航空航天与军工电子 / 航空航天/军工电子 / bottleneck / internal_quality_pool,strong,core,canonical_90_internal_manual_review,Tier A,88,66
002429,兆驰股份,v5_hydrated,latent_core_equivalent_quality_pool,pending_manual_approval,pending_review,53,19,3,True,strong,moderate,core_hard_tech_evidence_supported,strong,not_detected_in_existing_artifacts,moderate,strong,True,manual review of upgraded primary-source evidence before any future core-pool action,深圳市兆驰股份有限公司 2025 年半年度报告全文 10 第三节 管理层讨论与分析 一、报告期内公司从事的主要业务 报告期内，公司实现营业收入 84.83 亿元，实现归属于上市公司股东的净利润 6.61 亿元，公司营 业收入、净利润略有下滑。经综合分析各业务板块经营情况，公司 LED 全产业链、光通信产业链、互联 网视频业务（北京风行）的营业收入均稳中有升；然而，智能终端业务作为公司营业收入、净利润的主 要贡献来源，受上半年国际贸易关税政策变化的影响，出货量受到一定程度的抑制。为积极应对国际贸 易关税政策的变化并满,深圳市兆驰股份有限公司 2025 年半年度报告全文 10 第三节 管理层讨论与分析 一、报告期内公司从事的主要业务 报告期内，公司实现营业收入 84.83 亿元，实现归属于上市公司股东的净利润 6.61 亿元，公司营 业收入、净利润略有下滑。经综合分析各业务板块经营情况，公司 LED 全产业链、光通信产业链、互联 网视频业务（北京风行）的营业收入均稳中有升；然而，智能终端业务作为公司营业收入、净利润的主 要贡献来源，受上半年国际贸易关税政策变化的影响，出货量受到一定程度的抑制。为积极应对国际贸 易关税政策的变化并满,evidence=53; page_citations=19; sources=3; domain=strong; role=moderate; bottleneck=strong,,,False,False,False,计算机、通信和其他电子设备制造业,光电与通信 / 光互联/光芯片 / bottleneck / latent_core_equivalent_quality_pool,sufficient,core,latent_primary_source_backfill_batch1_rerun_v2,Tier B,88,64
002434,万里扬,v5_hydrated,latent_standard_core_equivalent_quality_pool,pending_manual_approval,pending_review,41,18,3,True,strong,moderate,core_hard_tech_evidence_supported,strong,not_detected_in_existing_artifacts,moderate,strong,True,manual review of upgraded primary-source evidence before any future core-pool action,浙江万里扬股份有限公司 2025 年半年度报告全文 10 中国重汽、东风汽车、中国一汽、江铃汽车、陕汽集团、江淮汽车等汽车厂和国外客户的 相关车型提供配套。 商用车变速器包括手动变速器（ MT）和自动变速器（AMT）。乘用车变速器包括手动 变速器（MT）和自动变速器（CVT）。 新能源汽车传/驱动系统包括纯电动汽车 EV 减速器、“三合一”和“多合一”电驱动 系统、ECVT 电驱动系统、乘用车 DHT 混动系统、商用车混动系统和电驱动系统。 同时，公司大力发展非公路传 /驱动系统产品，包括工程机械电驱动系统、大马力,浙江万里扬股份有限公司 2025 年半年度报告全文 10 中国重汽、东风汽车、中国一汽、江铃汽车、陕汽集团、江淮汽车等汽车厂和国外客户的 相关车型提供配套。 商用车变速器包括手动变速器（ MT）和自动变速器（AMT）。乘用车变速器包括手动 变速器（MT）和自动变速器（CVT）。 新能源汽车传/驱动系统包括纯电动汽车 EV 减速器、“三合一”和“多合一”电驱动 系统、ECVT 电驱动系统、乘用车 DHT 混动系统、商用车混动系统和电驱动系统。 同时，公司大力发展非公路传 /驱动系统产品，包括工程机械电驱动系统、大马力,evidence=41; page_citations=18; sources=3; domain=strong; role=moderate; bottleneck=strong,,,False,False,False,汽车制造业,能源与电力电子关键环节 / 电网/能源基础设施 / bottleneck / latent_standard_core_equivalent_quality_pool,sufficient,core,latent_standard_primary_source_backfilled,Tier B,88,61
002463,沪电股份,v5_hydrated,internal_quality_pool,pending_manual_approval,pending_review,67,22,3,True,strong,moderate,core_hard_tech_evidence_supported,strong,low,moderate,strong,True,manual review of upgraded primary-source evidence before any future core-pool action,成长 长青 共利 沪士电子股份有限公司 2025 年半年度报告全文 - 7 - 3、技术创新优势 公司在多年的发展历程中，一贯注重工艺改进与技术创新，取得了多项国内外先进或领先水平的核心技术。 公司立足于既有的主导产品的技术领先优势，持续加大研发投入，在外部与国内外终端客户及供应链合作伙伴 展开多领域深度合作，持续保持自身研发水平的领先性和研究方向的前瞻性；在内部强化多部门协同工作，优 化高端产品、新产品研发周期，将研发端的技术前瞻性与制造端的量产保障能力深度耦合，持续完善从客户需 求到批量交付的敏捷响应体系。 4,成长 长青 共利 沪士电子股份有限公司 2025 年半年度报告全文 - 7 - 3、技术创新优势 公司在多年的发展历程中，一贯注重工艺改进与技术创新，取得了多项国内外先进或领先水平的核心技术。 公司立足于既有的主导产品的技术领先优势，持续加大研发投入，在外部与国内外终端客户及供应链合作伙伴 展开多领域深度合作，持续保持自身研发水平的领先性和研究方向的前瞻性；在内部强化多部门协同工作，优 化高端产品、新产品研发周期，将研发端的技术前瞻性与制造端的量产保障能力深度耦合，持续完善从客户需 求到批量交付的敏捷响应体系。 4,evidence=67; page_citations=22; sources=3; domain=strong; role=moderate; bottleneck=strong,,,False,False,False,计算机、通信和其他电子设备制造业,其他战略性关键环节 / 国产替代/供应链约束 / bottleneck / internal_quality_pool,strong,core,canonical_90_internal_manual_review,Tier A,88,69
002490,山东墨龙,v5_hydrated,false_negative_rescue_core_equivalent_quality_pool,pending_manual_approval,pending_review,67,25,3,True,strong,moderate,core_hard_tech_evidence_supported,strong,not_detected_in_existing_artifacts,moderate,strong,True,manual review of upgraded primary-source evidence before any future core-pool action,山东墨龙石油机械股份有限公司 2025 年半年度报告全文 10 公司在能源装备专用设备领域具有较强的研发能力，已承担国家级、省级有关科研项目 80 余项，拥有山东省级企业 技术中心、山东省石油专用管工程技术研究中心、国家认可实验室（CNAS）及潍坊市石油机械工程技术研究中心等创新 平台，是高新技术企业、中国能源装备基地龙头企业；公司被评为国家知识产权示范企业，并通过“山东省省级智能制造 优秀场景”、潍坊市级“绿色工厂”和潍坊市级“智能工厂”认定。2025 年上半年，公司继续加大新产品研发和与校企 合作力度，组织申报,山东墨龙石油机械股份有限公司 2025 年半年度报告全文 10 公司在能源装备专用设备领域具有较强的研发能力，已承担国家级、省级有关科研项目 80 余项，拥有山东省级企业 技术中心、山东省石油专用管工程技术研究中心、国家认可实验室（CNAS）及潍坊市石油机械工程技术研究中心等创新 平台，是高新技术企业、中国能源装备基地龙头企业；公司被评为国家知识产权示范企业，并通过“山东省省级智能制造 优秀场景”、潍坊市级“绿色工厂”和潍坊市级“智能工厂”认定。2025 年上半年，公司继续加大新产品研发和与校企 合作力度，组织申报,evidence=67; page_citations=25; sources=3; domain=strong; role=moderate; bottleneck=strong,,,False,False,False,专用设备制造业,高端制造装备 / 专用设备宽口径 / concept_only / false_negative_rescue_core_equivalent_quality_pool,strong,core,false_negative_rescue_backfilled,Excluded,82,71
002536,飞龙股份,v5_hydrated,internal_quality_pool,pending_manual_approval,pending_review,44,22,3,True,strong,moderate,core_hard_tech_evidence_supported,strong,low,moderate,strong,True,manual review of upgraded primary-source evidence before any future core-pool action,飞龙汽车部件股份有限公司2025 年半年度报告全文 10 积极开拓民用液冷领域前沿产品和市场。此外，公司借助海外生产基地布局全球市场，持 续夯实全球化业务基础。目前公司核心业务聚焦于汽车领域、液冷领域和机器人领域热管 理部件产品的研发、制造与销售。具体产品品类及应用领域如下： 1、汽车领域热管理部件产品 （1）汽车发动机热管理部件产品 汽车发动机热管理部件产品是保障发动机高效、稳定运行的关键组件，主要包括机械 水泵、排气歧管、涡轮增压器壳体（以下简称“涡壳”）、机油泵等。 机械水泵是发动机冷却系统的核心 部件，驱动,飞龙汽车部件股份有限公司2025 年半年度报告全文 14 立项，完成立项后进行产品模型设计，并使用 CAE 专业软件对功能和寿命进行虚拟仿真分 析计算，缩短开发周期、降低成本，并提升产品可靠性， 在此基础上确定新产品方案，推 进组织样件研发生产，样件制作完成后由下游客户装机验证，获得下游客户 PPAP 批准后 进行批量生产并持续改进。 除自主研发外，公司与江苏大学、武汉理工大学、南阳理工学院、西安交通大学 、郑 州大学等高校以及汽车行业内优秀整车厂建立合作研发关系，主要研发新能源热管理部件 产品，形成了较强的持续研,evidence=44; page_citations=22; sources=3; domain=strong; role=moderate; bottleneck=strong,,,False,False,False,汽车制造业,新材料 / AI服务器PCB/HBM材料 / bottleneck / internal_quality_pool,strong,core,canonical_90_internal_manual_review,Tier A,88,64
002549,凯美特气,v5_hydrated,data_gap_core_equivalent_quality_pool,pending_manual_approval,pending_review,46,22,3,True,strong,moderate,core_hard_tech_evidence_supported,strong,not_detected_in_existing_artifacts,moderate,strong,True,manual review of upgraded primary-source evidence before any future core-pool action,湖南凯美特气体股份有限公司 2025 年半年度报告全文 10 方位严格管控，生产半导体、航天、医疗等领域急需的超高纯气体和多元混配气。公司通过不断开发新 产品，进一步扩充气体产品种类，以更好地满足国内半导体行业等高端客户的用气需求，树立公司在电 子特种气体行业的高品质形象，实现芯片、半导体等高科技领域中电子特种稀有气体的“中国造”。 （2）产品质量优势 公司已通过 ISO9001 质量体系认证、ISO14001 环境体系认证、ISO18000 职业健康安全体系认证及 HACCP 食品卫生安全认证。公司各子公司产品质,湖南凯美特气体股份有限公司 2025 年半年度报告全文 10 方位严格管控，生产半导体、航天、医疗等领域急需的超高纯气体和多元混配气。公司通过不断开发新 产品，进一步扩充气体产品种类，以更好地满足国内半导体行业等高端客户的用气需求，树立公司在电 子特种气体行业的高品质形象，实现芯片、半导体等高科技领域中电子特种稀有气体的“中国造”。 （2）产品质量优势 公司已通过 ISO9001 质量体系认证、ISO14001 环境体系认证、ISO18000 职业健康安全体系认证及 HACCP 食品卫生安全认证。公司各子公司产品质,evidence=46; page_citations=22; sources=3; domain=strong; role=moderate; bottleneck=strong,,,False,False,False,生态保护和环境治理业,半导体 / 半导体材料 / beneficiary / data_gap_core_equivalent_quality_pool,strong,core,doubler_data_gap_primary_source_backfilled,Tier B,81,65
002579,中京电子,v5_hydrated,internal_quality_pool,pending_manual_approval,pending_review,82,30,3,True,strong,moderate,core_hard_tech_evidence_supported,strong,low,moderate,strong,True,manual review of upgraded primary-source evidence before any future core-pool action,惠州中京电子科技股份有限公司 2025 年半年度报告全文 10 二、核心竞争力分析 （一）产品结构优势 公司已形成完善的产品结构，产品涵盖刚性电路板（含 HDI ）、柔性电路板（ FPC ）及其应用模组 等，重点发展高频高速高多层板（ HLC ）、高阶 HDI 板、高端 FPC 、高端刚柔结合板（ R - F ）等产品系列， 是目前国内少数兼具刚柔印制电路板批量生产与较强研发能力的 PCB 制造商，可为客户提供多样化产 品选择和一站式服务。 公司在生产经营中始终坚持以市场为导向，重点发展技术含量高、经济附加值高的新,惠州中京电子科技股份有限公司 2025 年半年度报告全文 10 二、核心竞争力分析 （一）产品结构优势 公司已形成完善的产品结构，产品涵盖刚性电路板（含 HDI ）、柔性电路板（ FPC ）及其应用模组 等，重点发展高频高速高多层板（ HLC ）、高阶 HDI 板、高端 FPC 、高端刚柔结合板（ R - F ）等产品系列， 是目前国内少数兼具刚柔印制电路板批量生产与较强研发能力的 PCB 制造商，可为客户提供多样化产 品选择和一站式服务。 公司在生产经营中始终坚持以市场为导向，重点发展技术含量高、经济附加值高的新,evidence=82; page_citations=30; sources=3; domain=strong; role=moderate; bottleneck=strong,,,False,False,False,计算机、通信和其他电子设备制造业,新材料 / AI服务器PCB/HBM材料 / bottleneck / internal_quality_pool,strong,core,canonical_90_internal_manual_review,Tier A,90,78
002580,圣阳股份,v5_hydrated,expansion_core_equivalent_quality_pool,pending_manual_approval,pending_review,63,25,3,True,strong,moderate,core_hard_tech_evidence_supported,strong,not_detected_in_existing_artifacts,moderate,strong,True,manual review of upgraded primary-source evidence before any future core-pool action,山东圣阳电源股份有限公司 2025 年半年度报告全文 11 我国清洁电器整体销量达1655 万台，同比增长22.1%，销售额224 亿元，同比增长30%。电动工具领域 在 2024 年以来随着产品迭代、渠道补库存及北美房地产市场回暖影响，全球市场大幅回升。无绳化、 锂电化趋势进一步巩固，据 市场调研机构 QYResearch 数据，2024 年全球无绳电动工具市场规模约 148.9 亿美元，预计至2031 年将达254.1 亿美元，2025 至2031 年 CAGR 为8.1%。 （四）经营业绩分析 2025 年上,山东圣阳电源股份有限公司 2025 年半年度报告全文 11 我国清洁电器整体销量达1655 万台，同比增长22.1%，销售额224 亿元，同比增长30%。电动工具领域 在 2024 年以来随着产品迭代、渠道补库存及北美房地产市场回暖影响，全球市场大幅回升。无绳化、 锂电化趋势进一步巩固，据 市场调研机构 QYResearch 数据，2024 年全球无绳电动工具市场规模约 148.9 亿美元，预计至2031 年将达254.1 亿美元，2025 至2031 年 CAGR 为8.1%。 （四）经营业绩分析 2025 年上,evidence=63; page_citations=25; sources=3; domain=strong; role=moderate; bottleneck=strong,,,False,False,False,电气机械和器材制造业,能源与电力电子关键环节 / 电网/能源基础设施 / bottleneck / expansion_core_equivalent_quality_pool,strong,core,expansion_2025_doubler_discovered,Tier B,89,70
002643,万润股份,v5_hydrated,latent_core_equivalent_quality_pool,pending_manual_approval,pending_review,41,18,3,True,strong,moderate,core_hard_tech_evidence_supported,strong,not_detected_in_existing_artifacts,moderate,strong,True,manual review of upgraded primary-source evidence before any future core-pool action,中节能万润股份有限公司 2025 年半年度报告全文 10 阔，需求分散化程度较高，无显著的行业周期性，主要受全球宏观经济走势影响。液晶材料的生产技术主要由德国、中 国和日本掌握，混合液晶高端市场基本由德国、中国以及日本占据，公司以稳定过硬的产品质量、强大的研发及产业化 能力、诚实守信的商业信誉获得了国际客户的信赖和尊重，成为全球液晶市场上领先的高端液晶单体供应商。 随着 4K/8K 超高清技术、新型 LCD 背光源技术的发展与应用，依托于液晶显示的技术成熟度、规模、成本等方面优 势，以及全球 LCD 面板市场持续向,中节能万润股份有限公司 2025 年半年度报告全文 10 阔，需求分散化程度较高，无显著的行业周期性，主要受全球宏观经济走势影响。液晶材料的生产技术主要由德国、中 国和日本掌握，混合液晶高端市场基本由德国、中国以及日本占据，公司以稳定过硬的产品质量、强大的研发及产业化 能力、诚实守信的商业信誉获得了国际客户的信赖和尊重，成为全球液晶市场上领先的高端液晶单体供应商。 随着 4K/8K 超高清技术、新型 LCD 背光源技术的发展与应用，依托于液晶显示的技术成熟度、规模、成本等方面优 势，以及全球 LCD 面板市场持续向,evidence=41; page_citations=18; sources=3; domain=strong; role=moderate; bottleneck=strong,,,False,False,False,化学原料和化学制品制造业,半导体 / 半导体设备 / bottleneck / latent_core_equivalent_quality_pool,sufficient,core,latent_primary_source_backfill_batch1_rerun_v2,Tier B,88,61
002730,电光科技,v5_hydrated,latent_standard_core_equivalent_quality_pool,pending_manual_approval,pending_review,42,19,3,True,strong,moderate,core_hard_tech_evidence_supported,strong,not_detected_in_existing_artifacts,moderate,strong,True,manual review of upgraded primary-source evidence before any future core-pool action,电光防爆科技股份有限公司 2025 年半年度报告全文 10 二、核心竞争力分析 （1）技术水平先进优势 公司始终视技术创新为进一步发展的重要动力，注重以客户需求及技术发展趋势为导向开展前瞻性的研发工作，不 断加大产品研发投入，建立了高效的新产品新技术研发体系和完善的产品验证体系。近年来，公司通过自主研发、产品 升级等方式，获得多项专利权。公司智能化防爆开关装置等产品技术指标处于领先地位，被浙江省科技厅、发展和改革 委员会、经济和信息化委员会评为省级企业研究院，获得乐清市科学技术奖以及重点创新团队。2019 年，永磁,电光防爆科技股份有限公司 2025 年半年度报告全文 10 二、核心竞争力分析 （1）技术水平先进优势 公司始终视技术创新为进一步发展的重要动力，注重以客户需求及技术发展趋势为导向开展前瞻性的研发工作，不 断加大产品研发投入，建立了高效的新产品新技术研发体系和完善的产品验证体系。近年来，公司通过自主研发、产品 升级等方式，获得多项专利权。公司智能化防爆开关装置等产品技术指标处于领先地位，被浙江省科技厅、发展和改革 委员会、经济和信息化委员会评为省级企业研究院，获得乐清市科学技术奖以及重点创新团队。2019 年，永磁,evidence=42; page_citations=19; sources=3; domain=strong; role=moderate; bottleneck=strong,,,False,False,False,专用设备制造业,能源与电力电子关键环节 / 电网/能源基础设施 / bottleneck / latent_standard_core_equivalent_quality_pool,sufficient,core,latent_standard_primary_source_backfilled,Tier A,88,62
002787,华源控股,v5_hydrated,data_gap_core_equivalent_quality_pool,pending_manual_approval,pending_review,66,22,3,True,strong,moderate,core_hard_tech_evidence_supported,strong,not_detected_in_existing_artifacts,moderate,strong,True,manual review of upgraded primary-source evidence before any future core-pool action,苏州华源控股股份有限公司 2025 年半年度报告全文 10 食品包装印涂铁主要为各类金属包装产品配套印涂各种图案。由于金属包装品种规格多、 印刷质量要求高，对印刷技术的掌握及管理要求非常高，公司在降低印刷工艺成本、提高产 品质量等方面积累了丰富的经验，申请了多项相关专利，目前该业务已发展成为公司主要利 润来源之一。 注塑包装 塑料桶是目前普遍使用的包装产品，与金属容器同为化学颜料、油漆等内容物的良好包装 产品。塑料桶具有优良的密封性能、承载性能和防伪性能，及良好的储存和运输安全性能。 瑞杰科技产品主要满足润滑油行业,苏州华源控股股份有限公司 2025 年半年度报告全文 11 3、良好的新客户开拓能力 公司在技术、质量、设备、管理及高端客户服务等多方面已形成较为明显的核心竞争优势，多年来 秉承“关注伙伴、共同成长”、“成就客户、创业创新、诚信正直、多元共赢”的经营理念，坚持自主创新、 积极进取，坚持为高端客户提供优质产品及服务，目前已发展成为所在行业中高端产品的主要生产企业 之一。在国内化工罐行业和塑料包装行业，公司具有开拓新客户的比较优势。 4、成熟的生产技术 公司一直专注于金属包装产品的研发及生产，积累了丰富经验，关键生产环,evidence=66; page_citations=22; sources=3; domain=strong; role=moderate; bottleneck=strong,,,False,False,False,金属制品业,半导体 / 半导体设备 / beneficiary / data_gap_core_equivalent_quality_pool,strong,core,doubler_data_gap_primary_source_backfilled,Tier B,81,69
002837,英维克,v5_hydrated,expansion_core_equivalent_quality_pool,pending_manual_approval,pending_review,71,32,3,True,strong,moderate,core_hard_tech_evidence_supported,strong,not_detected_in_existing_artifacts,moderate,strong,True,manual review of upgraded primary-source evidence before any future core-pool action,深圳市英维克科技股份有限公司 2025 年半年度报告全文 10 提升 30%；2024 年 1 月公司在行业内率先交付了针对 5MWh 高密度大容量储能系统的 BattCool 储能全链条液冷解决方案， 兼容了全变频 XFreeCooling 高效自然冷却技术，实现全年能效比 AEER 高 30%以上；2024 年 4 月公司发布超薄（7cm）储 能除湿机；2025 年 4 月发布了 6.X 储能系统全链条液冷解决方案；2025 年 4 月发布了针对工商业储能的 CubeCool-F 系 列储能超薄门装液冷、Cub,产品已获一些主流的算力芯片厂商、头部算力设备制造商认可并开始被规模采购应用。 二、核心竞争力分析 1、技术研发创新优势 “深刻理解客户需求”和“快速交付优质产品”是公司自成立以来打造的核心能力。公司拥有完整的设备散热与环 境控制领域的产品研发体系，坚持以客户需求为导向、结构化的 IPD 集成产品开发流程，不断快速推出满足客户需求和,evidence=71; page_citations=32; sources=3; domain=strong; role=moderate; bottleneck=strong,,,False,False,False,专用设备制造业,其他战略性关键环节 / 国产替代/供应链约束 / bottleneck / expansion_core_equivalent_quality_pool,strong,core,expansion_2025_doubler_discovered,Tier B,90,77
002859,洁美科技,v5_hydrated,internal_quality_pool,pending_manual_approval,pending_review,61,25,3,True,strong,moderate,core_hard_tech_evidence_supported,strong,low,moderate,strong,True,manual review of upgraded primary-source evidence before any future core-pool action,浙江洁美电子科技股份有限公司 2025 年半年度报告全文 10 ITO 导电膜等产品生产领域，对应下游应用主要是消费电子、新能源、电动汽车等新兴领域；复合集流 体主要应用于消费类锂电池、动力电池（涵盖新能源汽车、两轮小动力车、货轮、机器人、无人机等多 种动力应用场景）以及储能电池客户。公司为集成电路、电子元器件、偏光片企业配套生产系列产品， 以现有电子封装材料及电子级薄膜材料为基础，并向新能源材料领域延伸，致力于成为全球电子元器件 封装及制程所需耗材一站式服务和整体解决方案提供商，并成为功能膜材料、电子化学品、新能,浙江洁美电子科技股份有限公司 2025 年半年度报告全文 10 ITO 导电膜等产品生产领域，对应下游应用主要是消费电子、新能源、电动汽车等新兴领域；复合集流 体主要应用于消费类锂电池、动力电池（涵盖新能源汽车、两轮小动力车、货轮、机器人、无人机等多 种动力应用场景）以及储能电池客户。公司为集成电路、电子元器件、偏光片企业配套生产系列产品， 以现有电子封装材料及电子级薄膜材料为基础，并向新能源材料领域延伸，致力于成为全球电子元器件 封装及制程所需耗材一站式服务和整体解决方案提供商，并成为功能膜材料、电子化学品、新能,evidence=61; page_citations=25; sources=3; domain=strong; role=moderate; bottleneck=strong,,,False,False,False,计算机、通信和其他电子设备制造业,高端制造装备 / 工业母机/机器人核心部件 / chokepoint / internal_quality_pool,strong,core,canonical_90_internal_manual_review,Tier A,89,70
002896,中大力德,v5_hydrated,expansion_core_equivalent_quality_pool,pending_manual_approval,pending_review,43,22,3,True,strong,moderate,core_hard_tech_evidence_supported,strong,not_detected_in_existing_artifacts,moderate,strong,True,manual review of upgraded primary-source evidence before any future core-pool action,"宁波中大力德智能传动股份有限公司 2025 年半年度报告全文 10 新能源设备、工业母机、纺织机械、医疗器械、环保设备、电子专用设备、食品包装设备等在内的各类 国民经济行业领域。 2025 年上半年，公司继续巩固与核心客户的业务合作，积极布局创新产品领域，经营状况呈现稳 健发展态势。报告期内，公司实现营业收入 516,018,085.31 元，同比增长 2.08%；归属上市公司股东净 利润 46,371,523.07 元，同比增长 6.50%。其中，减速电机实现营业收入 190,952,230.01 元，占营业收入","宁波中大力德智能传动股份有限公司 2025 年半年度报告全文 10 新能源设备、工业母机、纺织机械、医疗器械、环保设备、电子专用设备、食品包装设备等在内的各类 国民经济行业领域。 2025 年上半年，公司继续巩固与核心客户的业务合作，积极布局创新产品领域，经营状况呈现稳 健发展态势。报告期内，公司实现营业收入 516,018,085.31 元，同比增长 2.08%；归属上市公司股东净 利润 46,371,523.07 元，同比增长 6.50%。其中，减速电机实现营业收入 190,952,230.01 元，占营业收入",evidence=43; page_citations=22; sources=3; domain=strong; role=moderate; bottleneck=strong,,,False,False,False,通用设备制造业,高端制造装备 / 工业母机/机器人核心部件 / bottleneck / expansion_core_equivalent_quality_pool,strong,core,expansion_2025_doubler_discovered,Tier B,88,64
002913,奥士康,v5_hydrated,expansion_core_equivalent_quality_pool,pending_manual_approval,pending_review,60,27,3,True,strong,moderate,core_hard_tech_evidence_supported,strong,not_detected_in_existing_artifacts,moderate,strong,True,manual review of upgraded primary-source evidence before any future core-pool action,奥士康科技股份有限公司 2025 年半年度报告全文 10 （二）公司所处的行业地位 公司作为国家高新技术企业，始终专注于印制电路板（ PCB）的研发、生产与销售，凭借二十年技术积累与稳健经营， 已发展成为行业领军企业之一。公司以技术创新为核心驱动力，持续推动技术革新，凭借过硬实力赢得良好口碑，积累了 众多国内外优质稳定的客户，获得市场广泛认可。 报告期内，公司持续推进创新发展，深耕技术突破与产品升级，聚焦“数智化”建设，实现经营稳中求进。 2023 年， 在中国电子电路行业协会内资 PCB 企业排名中位列第 9 位,奥士康科技股份有限公司 2025 年半年度报告全文 10 （二）公司所处的行业地位 公司作为国家高新技术企业，始终专注于印制电路板（ PCB）的研发、生产与销售，凭借二十年技术积累与稳健经营， 已发展成为行业领军企业之一。公司以技术创新为核心驱动力，持续推动技术革新，凭借过硬实力赢得良好口碑，积累了 众多国内外优质稳定的客户，获得市场广泛认可。 报告期内，公司持续推进创新发展，深耕技术突破与产品升级，聚焦“数智化”建设，实现经营稳中求进。 2023 年， 在中国电子电路行业协会内资 PCB 企业排名中位列第 9 位,evidence=60; page_citations=27; sources=3; domain=strong; role=moderate; bottleneck=strong,,,False,False,False,计算机、通信和其他电子设备制造业,新材料 / AI服务器PCB/HBM材料 / bottleneck / expansion_core_equivalent_quality_pool,strong,core,expansion_2025_doubler_discovered,Tier B,89,71
002916,深南电路,v5_hydrated,internal_quality_pool,pending_manual_approval,pending_review,67,27,3,True,strong,moderate,core_hard_tech_evidence_supported,strong,low,moderate,strong,True,manual review of upgraded primary-source evidence before any future core-pool action,深南电路股份有限公司 2025 年半年度报告全文 10 第三节 管理层讨论与分析 一、报告期内公司从事的主要业务 （一） 报告期内公司所处的行业情况 深南电路股份有限公司成立于 1984 年，始终专注于电子互联领域，经过四十余年的深耕与发展，拥有印制电路板、 电子装联、封装基板三项主营业务。公司已成为中国电子电路行业的领先企业，系国家火炬计划重点高新技术企业、电 子电路行业首家国家技术创新示范企业和国家企业技术中心、中国电子电路行业协会（CPCA）理事长单位及标准委员 会会长单位、中国电子信息百强企业。 目前，公司,深南电路股份有限公司 2025 年半年度报告全文 10 第三节 管理层讨论与分析 一、报告期内公司从事的主要业务 （一） 报告期内公司所处的行业情况 深南电路股份有限公司成立于 1984 年，始终专注于电子互联领域，经过四十余年的深耕与发展，拥有印制电路板、 电子装联、封装基板三项主营业务。公司已成为中国电子电路行业的领先企业，系国家火炬计划重点高新技术企业、电 子电路行业首家国家技术创新示范企业和国家企业技术中心、中国电子电路行业协会（CPCA）理事长单位及标准委员 会会长单位、中国电子信息百强企业。 目前，公司,evidence=67; page_citations=27; sources=3; domain=strong; role=moderate; bottleneck=strong,,,False,False,False,计算机、通信和其他电子设备制造业,光电与通信 / 光互联/光芯片 / bottleneck / internal_quality_pool,strong,core,canonical_90_internal_manual_review,Tier A,89,73
002931,锋龙股份,v5_hydrated,false_negative_rescue_core_equivalent_quality_pool,pending_manual_approval,pending_review,63,26,3,True,strong,moderate,core_hard_tech_evidence_supported,strong,not_detected_in_existing_artifacts,moderate,strong,True,manual review of upgraded primary-source evidence before any future core-pool action,浙江锋龙电气股份有限公司 2025 年半年度报告全文 12 提升。在此背景下，我国的园林机械行业迎来了发展的契机，涌现出众多规模不一的园林机械生产企业。 在园林机械零部件这一细分行业领域，由于人力成本、运营成本不断上升，欧美等发达国家及地区的园林机械整机 生产厂商纷纷将产能向具有成本优势和产业链完整度优势的发展中国家及地区转移，采购由当地企业生产的零部件产品 进行组装或者与当地的生产厂商进行包括 OEM、ODM 等在内的多种形式的合作。随着技术进步和自动化水平的逐步提升， 以公司为代表的国内园林机械零部件供应商正靠,浙江锋龙电气股份有限公司 2025 年半年度报告全文 12 提升。在此背景下，我国的园林机械行业迎来了发展的契机，涌现出众多规模不一的园林机械生产企业。 在园林机械零部件这一细分行业领域，由于人力成本、运营成本不断上升，欧美等发达国家及地区的园林机械整机 生产厂商纷纷将产能向具有成本优势和产业链完整度优势的发展中国家及地区转移，采购由当地企业生产的零部件产品 进行组装或者与当地的生产厂商进行包括 OEM、ODM 等在内的多种形式的合作。随着技术进步和自动化水平的逐步提升， 以公司为代表的国内园林机械零部件供应商正靠,evidence=63; page_citations=26; sources=3; domain=strong; role=moderate; bottleneck=strong,,,False,False,False,专用设备制造业,高端制造装备 / 专用设备宽口径 / concept_only / false_negative_rescue_core_equivalent_quality_pool,strong,core,false_negative_rescue_backfilled,Excluded,82,71
002937,兴瑞科技,v5_hydrated,data_gap_core_equivalent_quality_pool,pending_manual_approval,pending_review,53,21,3,True,strong,moderate,core_hard_tech_evidence_supported,strong,not_detected_in_existing_artifacts,moderate,strong,True,manual review of upgraded primary-source evidence before any future core-pool action,宁波兴瑞电子科技股份有限公司 2025 年半年度报告全文 12 （二）主营业务及主要产品 兴瑞科技是一家精密零组件制造及研发企业，产品涵盖电子连接器、结构件、镶嵌注塑集成件等， 以创新研发与先进制造技术为核心，聚焦新能源汽车电装系统、智能终端及消费电子领域，为行业高端 客户提供定制化系统解决方案。 图 5： 公司新能源汽车电装系统领域主要产品图 图 6： 公司智能终端领域主要产品图,宁波兴瑞电子科技股份有限公司 2025 年半年度报告全文 13 二、核心竞争力分析 报告期内，公司核心竞争力无重大变化。 （一）长期深耕优质资源，拥有头部客户群体 公司始终深耕全球大客户并以自身优质产品和全球交付能力广受相关领域全球知名客户的认可，持 续深化与全球智能终端和新能源汽车领域优质客户的战略合作关系。在智能终端领域，公司凭借与 Vantiva、Sagemcom、Verizon、兰吉尔（Landis+Gyr）、和硕、启碁、天弘（Celestica）等行业细分领 域头部客户的良好合作关系，获得更多新品定点。在,evidence=53; page_citations=21; sources=3; domain=strong; role=moderate; bottleneck=strong,,,False,False,False,计算机、通信和其他电子设备制造业,新材料 / AI服务器PCB/HBM材料 / beneficiary / data_gap_core_equivalent_quality_pool,strong,core,doubler_data_gap_primary_source_backfilled,Tier B,81,65
002938,鹏鼎控股,v5_hydrated,internal_quality_pool,pending_manual_approval,pending_review,67,25,3,True,strong,moderate,core_hard_tech_evidence_supported,strong,low,moderate,strong,True,manual review of upgraded primary-source evidence before any future core-pool action,鹏鼎控股（深圳）股份有限公司 2025 年半年度报告全文 10 （三）公司行业地位 公司为全球范围内少数同时具备各类 PCB 产品研发、设计、制造与销售服务的专业大型厂商，拥有优质多样的 PCB 产 品线，主要产品范围涵盖 FPC、SMA、SLP、HDI、RPCB、Rigid Flex 等多类产品，并广泛应用于通讯电子产品、消费电子及 计算机类产品以及汽车和 AI 服务器、高速计算机等产品，具备为不同客户提供全方位PCB电子互联产品及服务的强大实 力，打造了全方位的 PCB 产品一站式服务平台。 公司具备雄厚的技术,鹏鼎控股（深圳）股份有限公司 2025 年半年度报告全文 11 根据 Prismark 预测，2024 至 2029 年，FPC 市场年均复合增长率将达到4.5%，预计到2029年，全球市场规模将增长 至 156.17 亿美元。 作为全球最大的 FPC 产品制造商，公司FPC 产品全球市场占有率超过30%。在 FPC研发、设计、生产等方面积累了丰 富的经验，不仅具备单层板、双层板、多层板等系列产品的大规模量产化能力，还拥有使用 SMT 技术生产模组化产品的能 力，能够为客户提供一站式采购服务。面对行业发展的巨大机遇,evidence=67; page_citations=25; sources=3; domain=strong; role=moderate; bottleneck=strong,,,False,False,False,计算机、通信和其他电子设备制造业,光电与通信 / 光互联/光芯片 / bottleneck / internal_quality_pool,strong,core,canonical_90_internal_manual_review,Tier A,89,71
002943,宇晶股份,v5_hydrated,data_gap_core_equivalent_quality_pool,pending_manual_approval,pending_review,50,21,3,True,strong,moderate,core_hard_tech_evidence_supported,strong,not_detected_in_existing_artifacts,moderate,strong,True,manual review of upgraded primary-source evidence before any future core-pool action,湖南宇晶机器股份有限公司 2025 年半年度报告全文 10 第三节 管理层讨论与分析 一、报告期内公司从事的主要业务 （一）主要业务、主要产品及其用途 1、主要业务 报告期内，公司主要业务未发生变化，公司以高精密数控切、磨、抛设备制造、配套核心耗材为 主营业务，目前已形成“设备+耗材+加工服务”协同发展的产业布局，主要产品及服务为高精密数控切、 磨、抛设备、金刚石线耗材、硅片及切片加工服务、热场系统系列产品、光伏电站五大类，产品主要服 务于消费电子、光伏、半导体、磁性材料等行业。 2、主要产品及其用途概况 报告期内,"湖南宇晶机器股份有限公司 2025 年半年度报告全文 12 在全球气候变暖及化石能源日益枯竭的大背景下，可再生能源开发利用日益受到国际社会的重视， 大力发展可再生能源已成为世界各国的共识。太阳能作为能量的天然来源，其开发及利用具备资源丰富、 普及程度高、应用领域广、对环境影响小等特点，随着近年来光伏发电模式的不断创新、技术水平的不 断进步，光伏发电已逐步成为全球各国新能源利用的重要方式之一。2025 年上半年，国内有关部门陆 续出台了相关政策支持国内光伏行业良性发展,伴随政策的加持以及光伏系统成本持续下降，目前产业",evidence=50; page_citations=21; sources=3; domain=strong; role=moderate; bottleneck=strong,,,False,False,False,通用设备制造业,半导体 / 半导体材料 / beneficiary / data_gap_core_equivalent_quality_pool,strong,core,doubler_data_gap_primary_source_backfilled,Tier B,81,65
002947,恒铭达,v5_hydrated,data_gap_core_equivalent_quality_pool,pending_manual_approval,pending_review,50,22,3,True,strong,moderate,core_hard_tech_evidence_supported,strong,not_detected_in_existing_artifacts,moderate,strong,True,manual review of upgraded primary-source evidence before any future core-pool action,"苏州恒铭达电子科技股份有限公司 2025 年半年度报告全文 10 随着全球人工智能技术的爆发式增长，算力基础设施正迎来全面升级的浪潮。根据 IDC 与浪潮信息联合发布的 《2025 年中国人工智能计算力发展评估报告》，2024 年全球 AI 服务器市场规模已达 1,251 亿美元，预计 2025 年将增至 1,587 亿美元，年增长率高达 26.8%。中国市场表现尤为亮眼，2024 年智能算力规模达 725.3 百亿亿次/秒(EFLOPS)，同 比增长 74.1%，远超通用算力 20.6%的增幅。生成式 AI 和大","苏州恒铭达电子科技股份有限公司 2025 年半年度报告全文 10 随着全球人工智能技术的爆发式增长，算力基础设施正迎来全面升级的浪潮。根据 IDC 与浪潮信息联合发布的 《2025 年中国人工智能计算力发展评估报告》，2024 年全球 AI 服务器市场规模已达 1,251 亿美元，预计 2025 年将增至 1,587 亿美元，年增长率高达 26.8%。中国市场表现尤为亮眼，2024 年智能算力规模达 725.3 百亿亿次/秒(EFLOPS)，同 比增长 74.1%，远超通用算力 20.6%的增幅。生成式 AI 和大",evidence=50; page_citations=22; sources=3; domain=strong; role=moderate; bottleneck=strong,,,False,False,False,计算机、通信和其他电子设备制造业,半导体 / 功率器件/IGBT/SiC/GaN / beneficiary / data_gap_core_equivalent_quality_pool,strong,core,doubler_data_gap_primary_source_backfilled,Tier B,81,65
002957,科瑞技术,v5_hydrated,false_negative_rescue_core_equivalent_quality_pool,pending_manual_approval,pending_review,71,38,3,True,strong,moderate,core_hard_tech_evidence_supported,strong,not_detected_in_existing_artifacts,moderate,strong,True,manual review of upgraded primary-source evidence before any future core-pool action,深圳科瑞技术股份有限公司 2025 年半年度报告全文 11 第三节 管理层讨论与分析 一、报告期内公司从事的主要业务 （一）公司主营业务与经营模式 公司主要从事工业自动化设备的研发、设计、生产、销售和技术服务，以及精密零部件制造业务。产品主要包括自 动化检测设备和自动化装配设备、自动化设备配件、精密零部件。 公司自 2001 年成立以来，专注于自动化技术、精密零部件制造技术在先进制造领域的跨行业应用。公司产品主要应 用于移动终端、新能源、汽车、半导体、硬盘、医疗等领域或下游行业。在行业竞争不断加剧的大环境下，公司致,深圳科瑞技术股份有限公司 2025 年半年度报告全文 11 第三节 管理层讨论与分析 一、报告期内公司从事的主要业务 （一）公司主营业务与经营模式 公司主要从事工业自动化设备的研发、设计、生产、销售和技术服务，以及精密零部件制造业务。产品主要包括自 动化检测设备和自动化装配设备、自动化设备配件、精密零部件。 公司自 2001 年成立以来，专注于自动化技术、精密零部件制造技术在先进制造领域的跨行业应用。公司产品主要应 用于移动终端、新能源、汽车、半导体、硬盘、医疗等领域或下游行业。在行业竞争不断加剧的大环境下，公司致,evidence=71; page_citations=38; sources=3; domain=strong; role=moderate; bottleneck=strong,,,False,False,False,专用设备制造业,高端制造装备 / 专用设备宽口径 / concept_only / false_negative_rescue_core_equivalent_quality_pool,strong,core,false_negative_rescue_backfilled,Excluded,84,82
002975,博杰股份,v5_hydrated,expansion_core_equivalent_quality_pool,pending_manual_approval,pending_review,62,23,3,True,strong,moderate,core_hard_tech_evidence_supported,strong,not_detected_in_existing_artifacts,moderate,strong,True,manual review of upgraded primary-source evidence before any future core-pool action,珠海博杰电子股份有限公司 2025 年半年度报告全文 10 第三节 管理层讨论与分析 一、报告期内公司从事的主要业务 （一）整体业务情况分析 公司深耕智能制造领域近 20 年，行业地位突出，在多年非标设备研发及行业应用经验积淀中，总结并形成了运动控 制、人工智能、机器人软件算法等平台化模块，以及射频、声学、电学、光学等各项功能技术模块。公司基于技术同心 圆战略，利用平台化、模块化技术，采用“积木式搭建”方式，实现快速交付、快速迭代、高效低成本的研发与生产， 进而在行业应用领域、客户开拓及新产品开发方面形成较强的延展,珠海博杰电子股份有限公司 2025 年半年度报告全文 10 第三节 管理层讨论与分析 一、报告期内公司从事的主要业务 （一）整体业务情况分析 公司深耕智能制造领域近 20 年，行业地位突出，在多年非标设备研发及行业应用经验积淀中，总结并形成了运动控 制、人工智能、机器人软件算法等平台化模块，以及射频、声学、电学、光学等各项功能技术模块。公司基于技术同心 圆战略，利用平台化、模块化技术，采用“积木式搭建”方式，实现快速交付、快速迭代、高效低成本的研发与生产， 进而在行业应用领域、客户开拓及新产品开发方面形成较强的延展,evidence=62; page_citations=23; sources=3; domain=strong; role=moderate; bottleneck=strong,,,False,False,False,专用设备制造业,其他战略性关键环节 / 国产替代/供应链约束 / bottleneck / expansion_core_equivalent_quality_pool,strong,core,expansion_2025_doubler_discovered,Tier B,88,69
002980,华盛昌,v5_hydrated,expansion_core_equivalent_quality_pool,pending_manual_approval,pending_review,61,21,3,True,strong,moderate,core_hard_tech_evidence_supported,strong,not_detected_in_existing_artifacts,moderate,strong,True,manual review of upgraded primary-source evidence before any future core-pool action,深圳市华盛昌科技实业股份有限公司 2025 年半年度报告全文 15 DT-1500PV 多功能光伏测试 及性能分析仪 光伏适配：集成 I-V 曲线追踪，专用于光伏系统调试维护。 高效检测：先进抗干扰技术结合优化算法，快速定位性能异常，保障 电站高效安全运行。 标准合规：支持≤1000V DC，符合 IEC 62446-1 国际标准。 精准广域：测量精度±0.5%，电压覆盖 AC/DC 0~1500V，电阻 0.1Ω ~999MΩ。 智能安全：无线传输数据，自动生成报告，通过 EN 61010-1 CAT III 1,深圳市华盛昌科技实业股份有限公司 2025 年半年度报告全文 16 ④环境测试仪器 华盛昌作为持续投入环境监测类仪器仪表产品开发的高新技术企业，不断深挖 MEMS 气体传感器技术， 持续提升自身的研发实力。 产品名称 产品图示 产品特征 DT-D02 室内空气质量监 测仪 检测全面：覆盖 PM2.5、CO₂ 、HCHO、温湿度、大气压力等多维指 标，满足室内空气质量综合监测需求。 数据精准：采用专利 PM2.5 传感器，搭配高精度气体及温湿度传感 器。 智能管理：通过大数据平台优化数据管理分析，经 CNAS 智能空,evidence=61; page_citations=21; sources=3; domain=strong; role=moderate; bottleneck=strong,,,False,False,False,仪器仪表制造业,高端仪器仪表与科学仪器 / 科学仪器/检测 / bottleneck / expansion_core_equivalent_quality_pool,strong,core,expansion_2025_doubler_discovered,Tier B,88,67
003043,华亚智能,v5_hydrated,data_gap_core_equivalent_quality_pool,pending_manual_approval,pending_review,49,21,3,True,strong,moderate,core_hard_tech_evidence_supported,strong,not_detected_in_existing_artifacts,moderate,strong,True,manual review of upgraded primary-source evidence before any future core-pool action,苏州华亚智能科技股份有限公司 2025 年半年度报告全文 13 产品名称 示意图 功能特点及应用场景 智能干法 电极生产 装备系统 该 系 统 集 成 了 粉 料 混 料 ， 纤 维 化 ， 覆 合 等 工 艺 流 程 ， 是 固 态 电 池 电 芯 前 道 生 产 环 节 的 核 心 工 艺 设 备 。 目 前 客 户 主 要 为 锂 电 池 生 产企业。 （二）公司的业务模式 公司的业务模式为定制化的供应链合约制造业务模式，即通过供应商资格认证等程序进入客户供应 链系统，之后根据客户的订单需求进行产品认证、生产,苏州华亚智能科技股份有限公司 2025 年半年度报告全文 13 产品名称 示意图 功能特点及应用场景 智能干法 电极生产 装备系统 该 系 统 集 成 了 粉 料 混 料 ， 纤 维 化 ， 覆 合 等 工 艺 流 程 ， 是 固 态 电 池 电 芯 前 道 生 产 环 节 的 核 心 工 艺 设 备 。 目 前 客 户 主 要 为 锂 电 池 生 产企业。 （二）公司的业务模式 公司的业务模式为定制化的供应链合约制造业务模式，即通过供应商资格认证等程序进入客户供应 链系统，之后根据客户的订单需求进行产品认证、生产,evidence=49; page_citations=21; sources=3; domain=strong; role=moderate; bottleneck=strong,,,False,False,False,金属制品业,半导体 / 半导体设备 / beneficiary / data_gap_core_equivalent_quality_pool,strong,core,doubler_data_gap_primary_source_backfilled,Tier B,81,64
300034,钢研高纳,v5_hydrated,latent_standard_core_equivalent_quality_pool,pending_manual_approval,pending_review,45,17,3,True,strong,moderate,core_hard_tech_evidence_supported,strong,not_detected_in_existing_artifacts,moderate,strong,True,manual review of upgraded primary-source evidence before any future core-pool action,北京钢研高纳科技股份有限公司 2025 年半年度报告全文 10 高端和新型高温合金需求增加主要来自于几个方面，第一，我国先进航空航天及低空经济的快速发展，大部分装备 要求自主保障，将带来市场对高端和新型高温合金的需求增加。此外，进口高温合金成本和周期增加，促进国产高温合 金的替代需求。第二，中国新型电力系统的建设和“双碳”目标下，作为未来新型电力系统的重要支撑，我国燃气轮机 本土化会加速发展，近年来将会带动国内燃气轮机用高温合金产业发展。同时，近年来我国核电景气度都在不断提升， 核电复兴趋势强劲，也将拉动对国产高温,北京钢研高纳科技股份有限公司 2025 年半年度报告全文 10 高端和新型高温合金需求增加主要来自于几个方面，第一，我国先进航空航天及低空经济的快速发展，大部分装备 要求自主保障，将带来市场对高端和新型高温合金的需求增加。此外，进口高温合金成本和周期增加，促进国产高温合 金的替代需求。第二，中国新型电力系统的建设和“双碳”目标下，作为未来新型电力系统的重要支撑，我国燃气轮机 本土化会加速发展，近年来将会带动国内燃气轮机用高温合金产业发展。同时，近年来我国核电景气度都在不断提升， 核电复兴趋势强劲，也将拉动对国产高温,evidence=45; page_citations=17; sources=3; domain=strong; role=moderate; bottleneck=strong,,,False,False,False,有色金属冶炼和压延加工业,航空航天与军工电子 / 航空航天/军工电子 / bottleneck / latent_standard_core_equivalent_quality_pool,sufficient,core,latent_standard_primary_source_backfilled,Tier B,87,61
300100,双林股份,v5_hydrated,latent_standard_core_equivalent_quality_pool,pending_manual_approval,pending_review,49,23,3,True,strong,moderate,core_hard_tech_evidence_supported,strong,not_detected_in_existing_artifacts,moderate,strong,True,manual review of upgraded primary-source evidence before any future core-pool action,双林股份有限公司 2025 年半年度报告全文 10 第三节 管理层讨论与分析 一、报告期内公司从事的主要业务 公司是一家从事汽车部件和机器人零部件的研发、制造与销售业务的专业智造企业。主要产品包括智能控制系统 （包括 HDM、座椅电机、电动头枕、车用丝杠、人形机器人用丝杠及关节模组）、新能源动力系统（电驱动、飞行器电 驱产品）、轴承单元、磨床设备以及精密零部件（汽车内外饰件、精密模具）等等。公司在全球范围内设有 37 家全资及 控股子公司和 7 家分公司，生产基地遍布中国上海、宁波、芜湖、肇庆、重庆、柳州等主要汽车,双林股份有限公司 2025 年半年度报告全文 10 第三节 管理层讨论与分析 一、报告期内公司从事的主要业务 公司是一家从事汽车部件和机器人零部件的研发、制造与销售业务的专业智造企业。主要产品包括智能控制系统 （包括 HDM、座椅电机、电动头枕、车用丝杠、人形机器人用丝杠及关节模组）、新能源动力系统（电驱动、飞行器电 驱产品）、轴承单元、磨床设备以及精密零部件（汽车内外饰件、精密模具）等等。公司在全球范围内设有 37 家全资及 控股子公司和 7 家分公司，生产基地遍布中国上海、宁波、芜湖、肇庆、重庆、柳州等主要汽车,evidence=49; page_citations=23; sources=3; domain=strong; role=moderate; bottleneck=strong,,,False,False,False,汽车制造业,工业软件与基础软件 / 基础软件/工业软件 / bottleneck / latent_standard_core_equivalent_quality_pool,strong,core,latent_standard_primary_source_backfilled,Tier B,88,66
300161,华中数控,v5_hydrated,latent_core_equivalent_quality_pool,pending_manual_approval,pending_review,31,19,3,True,strong,moderate,core_hard_tech_evidence_supported,strong,not_detected_in_existing_artifacts,moderate,strong,True,manual review of upgraded primary-source evidence before any future core-pool action,武汉华中数控股份有限公司 2025 年半年度报告全文 13 表，客户根据机床功能、实际应用的要求进行个性化、差异化组合。公司数控系统以数控装置型号命名， 同一名称的数控系统的具体构成因其配置（伺服装置的型号、数量）、电缆的长度和防护等级、选件功 能（网络、多轴联动）标准的不同而具有较大差异，故销售合同的总价也各不相同。 此外，公司为培养用户使用习惯，与国内多所工科院校建立深度合作，采用高端数控机床，整合教 材、辅件等，销售给下游高校客户用于教学使用。 （2）工业机器人及智能产线业务 公司工业机器人主要合作对象以系统,武汉华中数控股份有限公司 2025 年半年度报告全文 13 表，客户根据机床功能、实际应用的要求进行个性化、差异化组合。公司数控系统以数控装置型号命名， 同一名称的数控系统的具体构成因其配置（伺服装置的型号、数量）、电缆的长度和防护等级、选件功 能（网络、多轴联动）标准的不同而具有较大差异，故销售合同的总价也各不相同。 此外，公司为培养用户使用习惯，与国内多所工科院校建立深度合作，采用高端数控机床，整合教 材、辅件等，销售给下游高校客户用于教学使用。 （2）工业机器人及智能产线业务 公司工业机器人主要合作对象以系统,evidence=31; page_citations=19; sources=3; domain=strong; role=moderate; bottleneck=strong,,,False,False,False,通用设备制造业,高端制造装备 / 工业母机/机器人核心部件 / bottleneck / latent_core_equivalent_quality_pool,sufficient,core,latent_primary_source_backfill_batch1_rerun_v2,Tier B,88,59
300179,四方达,v5_hydrated,data_gap_core_equivalent_quality_pool,pending_manual_approval,pending_review,39,22,3,True,strong,moderate,core_hard_tech_evidence_supported,strong,not_detected_in_existing_artifacts,moderate,strong,True,manual review of upgraded primary-source evidence before any future core-pool action,河南四方达超硬材料股份有限公司 2025 年半年度报告全文 9 第三节 管理层讨论与分析 一、报告期内公司从事的主要业务 1、公司所处行业及业务概要 公司主要从事超硬材料及其相关制品的研发、生产和销售。我国的超硬材料行业起始于二十世纪六十年代，经过多 年来的磨砺和沉淀，中国超硬材料行业实现从无到有、由弱渐强的巨大转变，目前超硬材料及制品已经成为国家各项支 柱产业解决关键共性技术、实现新一代技术创新的重要支撑点。随着超硬材料及其制品技术和工艺水平的不断提高，行 业不断涌现新技术、新设备、新产品，有力地推动了超硬材料行,河南四方达超硬材料股份有限公司 2025 年半年度报告全文 9 第三节 管理层讨论与分析 一、报告期内公司从事的主要业务 1、公司所处行业及业务概要 公司主要从事超硬材料及其相关制品的研发、生产和销售。我国的超硬材料行业起始于二十世纪六十年代，经过多 年来的磨砺和沉淀，中国超硬材料行业实现从无到有、由弱渐强的巨大转变，目前超硬材料及制品已经成为国家各项支 柱产业解决关键共性技术、实现新一代技术创新的重要支撑点。随着超硬材料及其制品技术和工艺水平的不断提高，行 业不断涌现新技术、新设备、新产品，有力地推动了超硬材料行,evidence=39; page_citations=22; sources=3; domain=strong; role=moderate; bottleneck=strong,,,False,False,False,非金属矿物制品业,半导体 / 半导体设备 / beneficiary / data_gap_core_equivalent_quality_pool,strong,core,doubler_data_gap_primary_source_backfilled,Tier B,81,63
300201,海伦哲,v5_hydrated,false_negative_rescue_core_equivalent_quality_pool,pending_manual_approval,pending_review,58,23,3,True,strong,moderate,core_hard_tech_evidence_supported,strong,not_detected_in_existing_artifacts,moderate,strong,True,manual review of upgraded primary-source evidence before any future core-pool action,徐州海伦哲专用车辆股份有限公司 2025 年半年度报告全文 10 公司全资子公司格拉曼是国家认定的定点研发生产和销售消防车等特种车辆企业，拥有百年历史，是我国消防车行 业的骨干企业，具有罐式类、举高类、特种类等消防车产品和特种救援洗消车生产资质，目前拥有系列水罐泡沫消防 车、抢险救援消防车、城市主战消防车、举高消防车、登高消防车、其他特种消防车、消防机器人、各类特种救援洗消 车等近百种型号的产品；在基础设施、设备与研发、生产能力和检测试验条件等方面达到了国内同行业领先水平，具有 年产各类装备 2000 余台的能力。,徐州海伦哲专用车辆股份有限公司 2025 年半年度报告全文 10 公司全资子公司格拉曼是国家认定的定点研发生产和销售消防车等特种车辆企业，拥有百年历史，是我国消防车行 业的骨干企业，具有罐式类、举高类、特种类等消防车产品和特种救援洗消车生产资质，目前拥有系列水罐泡沫消防 车、抢险救援消防车、城市主战消防车、举高消防车、登高消防车、其他特种消防车、消防机器人、各类特种救援洗消 车等近百种型号的产品；在基础设施、设备与研发、生产能力和检测试验条件等方面达到了国内同行业领先水平，具有 年产各类装备 2000 余台的能力。,evidence=58; page_citations=23; sources=3; domain=strong; role=moderate; bottleneck=strong,,,False,False,False,专用设备制造业,高端制造装备 / 专用设备宽口径 / concept_only / false_negative_rescue_core_equivalent_quality_pool,strong,core,false_negative_rescue_backfilled,Excluded,81,68
300207,欣旺达,v5_hydrated,latent_standard_core_equivalent_quality_pool,pending_manual_approval,pending_review,48,21,3,True,strong,moderate,core_hard_tech_evidence_supported,strong,not_detected_in_existing_artifacts,moderate,strong,True,manual review of upgraded primary-source evidence before any future core-pool action,欣旺达电子股份有限公司 2025 年半年度报告全文 10 （二）报告期内公司经营治理回顾 回顾 2025 年上半年，在复杂多变的国际形势、国内外市场需求，能源、原材料价格震荡波动的背景下，公司在董事 会以及管理层的带领下，采取多种措施应对多变的局势，推动公司生产经营活动持续健康地发展： （1）公司治理方面，董事会深度洞察国内外经济形势与行业发展趋势，认真执行公司制定的经营计划及投资方案， 带领公司管理层从市场拓展、新产品研发、产能扩张、自动化推进和管理创新等方面开展系列工作并取得了良好的成果， 成功实现了经营业绩的,欣旺达电子股份有限公司 2025 年半年度报告全文 10 （二）报告期内公司经营治理回顾 回顾 2025 年上半年，在复杂多变的国际形势、国内外市场需求，能源、原材料价格震荡波动的背景下，公司在董事 会以及管理层的带领下，采取多种措施应对多变的局势，推动公司生产经营活动持续健康地发展： （1）公司治理方面，董事会深度洞察国内外经济形势与行业发展趋势，认真执行公司制定的经营计划及投资方案， 带领公司管理层从市场拓展、新产品研发、产能扩张、自动化推进和管理创新等方面开展系列工作并取得了良好的成果， 成功实现了经营业绩的,evidence=48; page_citations=21; sources=3; domain=strong; role=moderate; bottleneck=strong,,,False,False,False,电气机械和器材制造业,能源与电力电子关键环节 / 电网/能源基础设施 / bottleneck / latent_standard_core_equivalent_quality_pool,strong,core,latent_standard_primary_source_backfilled,Tier B,88,64
300236,上海新阳,v5_hydrated,internal_quality_pool,pending_manual_approval,pending_review,48,22,3,True,strong,moderate,core_hard_tech_evidence_supported,strong,low,moderate,strong,True,manual review of upgraded primary-source evidence before any future core-pool action,上海新阳半导体材料股份有限公司 2025 年半年度报告全文 17 （5）集成电路制造用蚀刻液系列产品 集成电路制造用蚀刻液系列产品为公司面向存储芯片制造领域开发的电子蚀刻系列产 品。主要包括用于 3D NAND/DRAM 存储器芯片制造的氮化硅/钛等蚀刻系列产品。 （6）半导体封装用电子化学材料 半导体封装用电子化学材料为用于半导体引线脚表面镀锡的化学材料及其配套电镀前 处理、后处理化学材料，是公司面向传统封装领域开发的第一代电子电镀与电子清洗产品， 包括无铅纯锡电镀液及添加剂、去毛刺溶液等。 （7）配套设备产品,上海新阳半导体材料股份有限公司 2025 年半年度报告全文 19 快速响应客户需求，多方位整合公司资源，创新研发，为客户带来丰富和优质的服务方案， 提升客户的产品竞争力。 （四）报告期内主要业务情况 2025 年上半年，在国际环境复杂多变，国际经贸和金融秩序不稳定，国内扩大需求动 能不足的背景下，公司在董事会的战略引领与经营管理团队的高效运作下，始终聚焦主业， 周密部署各项工作，促使公司整体运营水平迈上新台阶。在业务拓展方面，公司充分发挥 自身在技术开发、产品与客户服务领域的核心优势，围绕五大核心技术与产品，持续创,evidence=48; page_citations=22; sources=3; domain=strong; role=moderate; bottleneck=strong,,,False,False,False,计算机、通信和其他电子设备制造业,半导体 / 半导体设备 / chokepoint / internal_quality_pool,strong,core,canonical_90_internal_manual_review,Tier A,88,65
300246,宝莱特,v5_hydrated,false_negative_rescue_core_equivalent_quality_pool,pending_manual_approval,pending_review,53,32,3,True,strong,moderate,core_hard_tech_evidence_supported,strong,not_detected_in_existing_artifacts,moderate,strong,True,manual review of upgraded primary-source evidence before any future core-pool action,广东宝莱特医用科技股份有限公司 2025 年半年度报告全文 11 明确支持提高包括血液透析机、血液透析滤过机在内的国产医疗设备的市场占有率。该项标准审核建议血液透析机配比 采购本国产品比重为 75%，血液透析滤过机配比采购本国产品比重为 50%。由此可见，未来我国自主品牌的血液透析机 在医疗设备国产化的浪潮中蕴含巨大市场空间。从近期数据看，国产透析设备已逐步受青睐，根据招采数据通统计， 2024 年度国内血液透析设备中标品牌市占率排行中，约三至四成份额为采购国产设备，国产替代正在进行。 腹膜透析也是终末期 肾脏病患,广东宝莱特医用科技股份有限公司 2025 年半年度报告全文 11 明确支持提高包括血液透析机、血液透析滤过机在内的国产医疗设备的市场占有率。该项标准审核建议血液透析机配比 采购本国产品比重为 75%，血液透析滤过机配比采购本国产品比重为 50%。由此可见，未来我国自主品牌的血液透析机 在医疗设备国产化的浪潮中蕴含巨大市场空间。从近期数据看，国产透析设备已逐步受青睐，根据招采数据通统计， 2024 年度国内血液透析设备中标品牌市占率排行中，约三至四成份额为采购国产设备，国产替代正在进行。 腹膜透析也是终末期 肾脏病患,evidence=53; page_citations=32; sources=3; domain=strong; role=moderate; bottleneck=strong,,,False,False,False,专用设备制造业,高端制造装备 / 专用设备宽口径 / concept_only / false_negative_rescue_core_equivalent_quality_pool,strong,core,false_negative_rescue_backfilled,Excluded,83,73
300274,阳光电源,v5_hydrated,latent_standard_core_equivalent_quality_pool,pending_manual_approval,pending_review,17,14,3,True,strong,moderate,core_hard_tech_evidence_supported,strong,not_detected_in_existing_artifacts,moderate,strong,True,manual review of upgraded primary-source evidence before any future core-pool action,阳光电源股份有限公司 2025 年半年度报告全文 19 风电变桨系统 采用四象限 IGBT 模块整流，独立变桨时可 实现能量回馈，降低能耗；模块化设计，并 采用 IGBT 并联技术，具备高扩展性，支持 单/多驱等功能；柜体内部部件体积小，可维 护性强；多驱设计，有效降低齿面压力，降 低轴承和齿轮设计成本，进一步降低风电机 组成本，全面提升大功率风机变桨系统整体 性能。 传动变频器 低压传动产品 380V/690V/1140V/1380V/ 1800V，中高压传动产品 3.3kV/6kV/10kV/ 35kV。广泛用,阳光电源股份有限公司 2025 年半年度报告全文 25 及多回路协同控制，有效避免系统负阻尼的产生，从而抑制宽频振荡；动态虚拟电压源构网技术，快速抑制电网电压、频 率波动，进一步提升光伏/光储电站稳定性，助力实现更高新能源渗透率；实现光伏站级黑启动，电网全黑状态快速恢复厂 区供电。集成直流储能接口，支持反向充电。利用储能设备接入，发电侧以多能互补为平台，实现光伏电站调峰、平滑光 伏电站输出，提升电网稳定性；用电侧以智能光储微电网为平台，通过储能实现峰谷平衡，提高光伏消纳能力，实现精准 供能。随着新能源渗透率的逐年提,evidence=17; page_citations=14; sources=3; domain=strong; role=moderate; bottleneck=strong,,,False,False,False,电气机械和器材制造业,能源与电力电子关键环节 / 电网/能源基础设施 / bottleneck / latent_standard_core_equivalent_quality_pool,sufficient,core,latent_standard_primary_source_backfilled,Tier A,87,52
300308,中际旭创,v5_hydrated,internal_quality_pool,pending_manual_approval,pending_review,60,22,3,True,strong,moderate,core_hard_tech_evidence_supported,strong,low,moderate,strong,True,manual review of upgraded primary-source evidence before any future core-pool action,中际旭创股份有限公司 2025 年半年度报告全文 10 第三节 管理层讨论与分析 一、报告期内公司从事的主要业务 （一）经营业务、主要产品及用途 公司主营业务为高端光通信收发模块的研发、生产及销售，产品服务于云计算数据中心、数据通信、 5G 无线网络、电信传输和固网接入等领域的国内外客户。公司注重技术研发，并推动产品向高速率、 小型化、低功耗、低成本方向发展，为云数据中心客户提供 200G、400G、800G 和 1.6T 等高速光模块， 为电信设备商客户提供 5G 前传、中传和回传光模块，应用于城域网、骨干网和核,中际旭创股份有限公司 2025 年半年度报告全文 10 第三节 管理层讨论与分析 一、报告期内公司从事的主要业务 （一）经营业务、主要产品及用途 公司主营业务为高端光通信收发模块的研发、生产及销售，产品服务于云计算数据中心、数据通信、 5G 无线网络、电信传输和固网接入等领域的国内外客户。公司注重技术研发，并推动产品向高速率、 小型化、低功耗、低成本方向发展，为云数据中心客户提供 200G、400G、800G 和 1.6T 等高速光模块， 为电信设备商客户提供 5G 前传、中传和回传光模块，应用于城域网、骨干网和核,evidence=60; page_citations=22; sources=3; domain=strong; role=moderate; bottleneck=strong,,,False,False,False,计算机、通信和其他电子设备制造业,光电与通信 / 光互联/光芯片 / bottleneck / internal_quality_pool,strong,core,canonical_90_internal_manual_review,Tier A,88,68
300316,晶盛机电,v5_hydrated,internal_quality_pool,pending_manual_approval,pending_review,69,32,3,True,strong,moderate,core_hard_tech_evidence_supported,strong,low,moderate,strong,True,manual review of upgraded primary-source evidence before any future core-pool action,浙江晶盛机电股份有限公司 2025 年半年度报告全文 10 第三节 管理层讨论与分析 一、报告期内公司从事的主要业务 （一）公司所处行业 根据中国证监会《上市公司行业分类指引》的分类标准，公司所在行业为大类“C 制造业”中的专用设备制造业，公 司主营业务产品为半导体装备、半导体衬底材料、半导体耗材及零部件。 （二）公司业务所处行业发展情况 1、半导体装备 （1）集成电路装备领域 半导体设备的市场需求伴随半导体行业周期性波动，在行业复苏背景下呈现显著增长态势。据 SEMI 预测，2025 年 全球半导体制造设备销售额,浙江晶盛机电股份有限公司 2025 年半年度报告全文 10 第三节 管理层讨论与分析 一、报告期内公司从事的主要业务 （一）公司所处行业 根据中国证监会《上市公司行业分类指引》的分类标准，公司所在行业为大类“C 制造业”中的专用设备制造业，公 司主营业务产品为半导体装备、半导体衬底材料、半导体耗材及零部件。 （二）公司业务所处行业发展情况 1、半导体装备 （1）集成电路装备领域 半导体设备的市场需求伴随半导体行业周期性波动，在行业复苏背景下呈现显著增长态势。据 SEMI 预测，2025 年 全球半导体制造设备销售额,evidence=69; page_citations=32; sources=3; domain=strong; role=moderate; bottleneck=strong,,,False,False,False,专用设备制造业,半导体 / 功率器件/IGBT/SiC/GaN / bottleneck / internal_quality_pool,strong,core,canonical_90_internal_manual_review,Tier A,90,77
300346,南大光电,v5_hydrated,expansion_core_equivalent_quality_pool,pending_manual_approval,pending_review,53,22,3,True,strong,moderate,core_hard_tech_evidence_supported,strong,not_detected_in_existing_artifacts,moderate,strong,True,manual review of upgraded primary-source evidence before any future core-pool action,江苏南大光电材料股份有限公司 2025 年半年度报告全文 12 第三节 管理层讨论与分析 一、报告期内公司从事的主要业务 （一）公司主营业务 公司紧跟国家发展战略，专注先进前驱体（包含 MO 源）、电子特气和光刻胶等三大核心电子材料 的研发、生产和销售，产品广泛应用于集成电路、平板显示、LED、第三代半导体、光伏和半导体激光 器的生产制造。凭借强大的研发创新实力、领先的生产技术、扎实的品质管理体系以及专业的市场服务 能力，各类产品的技术、品质、产能和服务逐步跻身行业前列。 1、先进前驱体板块 公司先进前驱体板块主要,江苏南大光电材料股份有限公司 2025 年半年度报告全文 14 产品 类别 产品样式 主要产品 主要用途 氢类 电子 特气 高纯磷烷 氢类电子特气广泛应用于电子行业、太阳能 电池、移动通信、汽车导航等领域。 根据下游应用领域不同，公司磷烷、砷烷产 品分为高纯类及安全源类。公司高纯磷烷、 砷烷主要用于 LED 行业，安全源、三氟化 硼主要用于 IC 行业，二者纯度和装载方式 不同。 高纯砷烷 安全源磷烷 安全源砷烷 安全源三氟化硼 混气产品 含氟 电子 特气 三氟化氮 含氟电子特气是微电子工业中一种优良的等 离子蚀刻,evidence=53; page_citations=22; sources=3; domain=strong; role=moderate; bottleneck=strong,,,False,False,False,计算机、通信和其他电子设备制造业,半导体 / 半导体材料 / bottleneck / expansion_core_equivalent_quality_pool,strong,core,expansion_2025_doubler_discovered,Tier B,88,66
300349,金卡智能,v5_hydrated,latent_core_equivalent_quality_pool,pending_manual_approval,pending_review,40,18,3,True,strong,moderate,core_hard_tech_evidence_supported,strong,not_detected_in_existing_artifacts,moderate,strong,True,manual review of upgraded primary-source evidence before any future core-pool action,金卡智能集团股份有限公司 2025 年半年度报告全文 15 析和展示，服务于特定场景的业务管理需求，实现企业各类业务的高效处理，还可以基于大数据分析技术进行数据价值 挖掘，创新增值业务。当前，公司物联网解决方案已应用在数字燃气、数字水务、数字能源和数字过程四大场景。 （1）数字燃气整体解决方案 公司数字燃气解决方案通过物联感知、精准计量、云计算、大数据等技术，实现数据应用及各类智能化场景业务，为 燃气数字化建设提供集智慧安全、智慧服务、智慧运营及智慧决策等为一体的整体解决方案。智能硬件采用高精度计量传 感器创新性的,金卡智能集团股份有限公司 2025 年半年度报告全文 15 析和展示，服务于特定场景的业务管理需求，实现企业各类业务的高效处理，还可以基于大数据分析技术进行数据价值 挖掘，创新增值业务。当前，公司物联网解决方案已应用在数字燃气、数字水务、数字能源和数字过程四大场景。 （1）数字燃气整体解决方案 公司数字燃气解决方案通过物联感知、精准计量、云计算、大数据等技术，实现数据应用及各类智能化场景业务，为 燃气数字化建设提供集智慧安全、智慧服务、智慧运营及智慧决策等为一体的整体解决方案。智能硬件采用高精度计量传 感器创新性的,evidence=40; page_citations=18; sources=3; domain=strong; role=moderate; bottleneck=strong,,,False,False,False,软件和信息技术服务业,工业软件与基础软件 / 基础软件/工业软件 / bottleneck / latent_core_equivalent_quality_pool,sufficient,core,latent_primary_source_backfill_batch1_rerun_v2,Tier B,88,60
300353,东土科技,v5_hydrated,expansion_core_equivalent_quality_pool,pending_manual_approval,pending_review,59,21,3,True,strong,moderate,core_hard_tech_evidence_supported,strong,not_detected_in_existing_artifacts,moderate,strong,True,manual review of upgraded primary-source evidence before any future core-pool action,北京东土科技股份有限公司 2025 年半年度报告全文 10 景中，叠加大模型泛化、理解、推理的能力，能够比传统机器手臂更灵活地适应各种任务 和环境变化，让生产更高效、更智能；如在通用产品质量缺陷检测的应用场景中，MaVIEW 智能控制工具软件赋能检测设备以类似人类质检员的敏锐洞察力，能够高效、准确地检测 和识别各种形态复杂的产品及缺陷，提高效率的同时节省人工成本。MaVIEW 运行环境 RTE 以及开发环境 IDE 均为东土科技自主研发，并支持国产操作系统，从根源保证了控制系统 的安全可靠。 产品名称 图例 产品特,"北京东土科技股份有限公司 2025 年半年度报告全文 16 时 间 敏 感 TSN 特 性 ： 包 括 IEEE802.1AS 精 确 时 钟 同 步 ， IEEE802.1Qbv 时 间 增 强 垫 付 、 IEEE802.1Qbu/br 帧 抢 占 、 IEEE802.1Qcc 配置管理、IEEE802.1CB 冗余。 2、公司生产经营和投资项目情况 产品名 称 本报告期 上年同期 产能 产量 销量 营业收 入 毛利率 产能 产量 销量 营业收 入 毛利率 工业网 络通信 400,000 209,382 195",evidence=59; page_citations=21; sources=3; domain=strong; role=moderate; bottleneck=strong,,,False,False,False,计算机、通信和其他电子设备制造业,工业软件与基础软件 / 基础软件/工业软件 / bottleneck / expansion_core_equivalent_quality_pool,strong,core,expansion_2025_doubler_discovered,Tier B,88,67
300376,易事特,v5_hydrated,latent_standard_core_equivalent_quality_pool,pending_manual_approval,pending_review,61,32,3,True,strong,moderate,core_hard_tech_evidence_supported,strong,not_detected_in_existing_artifacts,moderate,strong,True,manual review of upgraded primary-source evidence before any future core-pool action,易事特集团股份有限公司 2025 年半年度报告全文 17 公司长期专注于电力电子变换技术，以电力电子技术和能效管理为核心，持续深耕产业数字化和“新能源+储能” 两大领域，主营智慧电源（UPS/EPS、电力电源、通信电源、高压直流电源、特种电源、电池系统、电源网关及云管理 平台等），数据中心（模块化数据中心、集装箱移动数据中心、行业定制数据中心、智能配电、动环监控系统、精密空 调等）和新能源（储能系统、PCS、EMS、BMS、钠/锂电池电芯及 PACK、光伏逆变器、风力变流器、充电桩、换电 柜、能源网关及云管理平台等,易事特集团股份有限公司 2025 年半年度报告全文 17 公司长期专注于电力电子变换技术，以电力电子技术和能效管理为核心，持续深耕产业数字化和“新能源+储能” 两大领域，主营智慧电源（UPS/EPS、电力电源、通信电源、高压直流电源、特种电源、电池系统、电源网关及云管理 平台等），数据中心（模块化数据中心、集装箱移动数据中心、行业定制数据中心、智能配电、动环监控系统、精密空 调等）和新能源（储能系统、PCS、EMS、BMS、钠/锂电池电芯及 PACK、光伏逆变器、风力变流器、充电桩、换电 柜、能源网关及云管理平台等,evidence=61; page_citations=32; sources=3; domain=strong; role=moderate; bottleneck=strong,,,False,False,False,电气机械和器材制造业,能源与电力电子关键环节 / 电网/能源基础设施 / bottleneck / latent_standard_core_equivalent_quality_pool,strong,core,latent_standard_primary_source_backfilled,Tier B,90,75
300382,斯莱克,v5_hydrated,expansion_core_equivalent_quality_pool,pending_manual_approval,pending_review,58,22,3,True,strong,moderate,core_hard_tech_evidence_supported,strong,not_detected_in_existing_artifacts,moderate,strong,True,manual review of upgraded primary-source evidence before any future core-pool action,苏州斯莱克精密设备股份有限公司 2025 年半年度报告全文 10 第三节 管理层讨论与分析 一、报告期内公司从事的主要业务 （一）公司主要产品及服务 公司目前主要产品为易拉盖/罐高速生产设备和系统改造、新能源汽车电池壳。除主要产品外，公 司产品还包括智能检测设备、数码印罐迷你线、光伏发电等，具体如下： 1、易拉罐/易拉盖高速生产设备、设备零备件及系统改造 （1）高速易拉盖生产设备 高速易拉盖生产设备分为基础盖和组合盖两种，基础盖是易拉盖成品盖所需的前道工序产品，公司 根据客户需求定制生产和销售易拉盖基础盖生产设备。,苏州斯莱克精密设备股份有限公司 2025 年半年度报告全文 14 统改造的研发设计及成套模具的研发设计。设计部根据客户服务部提出的产品需求制定产品开发计划， 进行研发设计，采购部根据设计部提供的零件明细表、生产部生产物资的需求、项目单等编制采购合同， 经由公司主管领导审批后实施采购或外协加工。 为了既能稳定长期合作关系，又能采购低价高质的原材料，公司选择与信誉好、有竞争力的供应商 建立长期的合作关系，并对供应商的基本情况、资质、产品质量、设备能力、价格、供货期等进行动态 评估并记录，及时淘汰不合格的供应商。 （2）,evidence=58; page_citations=22; sources=3; domain=strong; role=moderate; bottleneck=strong,,,False,False,False,专用设备制造业,其他战略性关键环节 / 国产替代/供应链约束 / bottleneck / expansion_core_equivalent_quality_pool,strong,core,expansion_2025_doubler_discovered,Tier B,88,67
300394,天孚通信,v5_hydrated,expansion_core_equivalent_quality_pool,pending_manual_approval,pending_review,66,21,3,True,strong,moderate,core_hard_tech_evidence_supported,strong,not_detected_in_existing_artifacts,moderate,strong,True,manual review of upgraded primary-source evidence before any future core-pool action,苏州天孚光通信股份有限公司 2025 年半年度报告全文 12 第三节 管理层讨论与分析 一、报告期内公司从事的主要业务 （一）主营业务 公司是业界领先的光器件整体解决方案提供商和光电先进封装制造服务商，产品广泛应用于人工智能、数据中心、 光纤通信、光学传感等领域。 （二）主要产品及应用 1、光通信板块 公司立足光通信领域，长期致力于各类中高速光器件产品的研发、生产、销售和服务，为下游客户提供垂直整合一 站式解决方案，包括高速光引擎产品解决方案、FAU 无源光器件产品解决方案、微光学技术平台与产品解决方案等。主 要产,苏州天孚光通信股份有限公司 2025 年半年度报告全文 15 总部；在日本、深圳、苏州设立研发中心；在江西和泰国建立量产基地，为客户提供多元化选择和本地化技术支持与服 务。凭借卓越的创新研发能力、垂直整合能力和高效运营能力赢得全球主流客户的信任与深度合作。 公司基于光通信产业持续多年打造形成的多材料、多工艺、多技术路线能力平台，在光通信产业外，持续探索与光 器件核心能力高度相关的跨领域协同发展，发掘公司新业务增长点，抓住科技快速迭代升级过程中形成的市场机遇，促 进公司长期均衡可持续发展。 公司研发模式、采购模式、生,evidence=66; page_citations=21; sources=3; domain=strong; role=moderate; bottleneck=strong,,,False,False,False,计算机、通信和其他电子设备制造业,光电与通信 / 光互联/光芯片 / bottleneck / expansion_core_equivalent_quality_pool,strong,core,expansion_2025_doubler_discovered,Tier B,88,68
300398,飞凯材料,v5_hydrated,expansion_core_equivalent_quality_pool,pending_manual_approval,pending_review,65,32,3,True,strong,moderate,core_hard_tech_evidence_supported,strong,not_detected_in_existing_artifacts,moderate,strong,True,manual review of upgraded primary-source evidence before any future core-pool action,上海飞凯材料科技股份有限公司 2025年半年度报告全文 10 第三节 管理层讨论与分析 一、报告期内公司从事的主要业务 （一）公司主要业务及行业地位 自成立以来，公司始终专注于高科技材料的研发与生产，以光通信领域紫外固化材料为起点，通过持续的技术创新和行 业协同，现已成功构建四大核心业务板块：半导体材料、屏幕显示材料、紫外固化材料及有机合成材料。公司始终秉持“为 高科技制造提供优质材料”的企业使命，不断完善产品矩阵，目前已在全球设立 30 余家全资与控股子公司，业务网络覆盖 日本、新加坡、美国以及中国华东、华南等地,上海飞凯材料科技股份有限公司 2025年半年度报告全文 11 成显示，长期专注于液晶材料的研发、制造与销售，已成为全球TFT显示用混合液晶材料的重要供应商。和成显示不仅成功 开发出国内首款具有完全自主知识产权的TFT新结构单体及混合液晶产品，实现了关键显示材料的国产化突破，更通过战略 性收购JNC株式会社旗下液晶业务板块，包括取得JNC株式会社下属子公司捷恩智液晶材料和捷恩智新材料100%股权以及购 买JNC株式会社和JNC石油化学株式会社所有与显示液晶相关的专利，成功构建了覆盖大尺寸到中小尺寸的液晶材料产品矩 阵,evidence=65; page_citations=32; sources=3; domain=strong; role=moderate; bottleneck=strong,,,False,False,False,化学原料和化学制品制造业,半导体 / 半导体材料 / bottleneck / expansion_core_equivalent_quality_pool,strong,core,expansion_2025_doubler_discovered,Tier B,90,76
300408,三环集团,v5_hydrated,internal_quality_pool,pending_manual_approval,pending_review,52,21,3,True,strong,moderate,core_hard_tech_evidence_supported,strong,low,moderate,strong,True,manual review of upgraded primary-source evidence before any future core-pool action,潮州三环（集团）股份有限公司2025年半年度报告全文 10 报告期内，公司被授予“全国工业和信息化系统先进集体”荣誉称号，公司超高容MLCC荣获第十三届中国电子信息 博览会创新金奖。公司将持续聚焦“材料”基因，以“材料+结构+功能”为发展方向，坚持务实、严谨、创新、奋斗的 精神，继续推进公司的技术创新和业务发展，实现公司高质量发展。 二、核心竞争力分析 1、技术优势 公司在电子陶瓷元件领域具有超过50年的研发经验，公司掌握了各类陶瓷材料的制备、成型、烧结技术，以及多种 精密模具的设计制作技术，可满足各行业所需的微小,潮州三环（集团）股份有限公司2025年半年度报告全文 10 报告期内，公司被授予“全国工业和信息化系统先进集体”荣誉称号，公司超高容MLCC荣获第十三届中国电子信息 博览会创新金奖。公司将持续聚焦“材料”基因，以“材料+结构+功能”为发展方向，坚持务实、严谨、创新、奋斗的 精神，继续推进公司的技术创新和业务发展，实现公司高质量发展。 二、核心竞争力分析 1、技术优势 公司在电子陶瓷元件领域具有超过50年的研发经验，公司掌握了各类陶瓷材料的制备、成型、烧结技术，以及多种 精密模具的设计制作技术，可满足各行业所需的微小,evidence=52; page_citations=21; sources=3; domain=strong; role=moderate; bottleneck=strong,,,False,False,False,计算机、通信和其他电子设备制造业,其他战略性关键环节 / 国产替代/供应链约束 / bottleneck / internal_quality_pool,strong,core,canonical_90_internal_manual_review,Tier A,88,65
300461,田中精机,v5_hydrated,false_negative_rescue_core_equivalent_quality_pool,pending_manual_approval,pending_review,60,28,3,True,strong,moderate,core_hard_tech_evidence_supported,strong,not_detected_in_existing_artifacts,moderate,strong,True,manual review of upgraded primary-source evidence before any future core-pool action,浙江田中精机股份有限公司 2025 年半年度报告全文 10 汽 车 车载 SMD 变压器绕线设备 倒车雷达传感器绕线设备 四联电机绕线设备 设备：车载 SMD 变压器绕线设备、倒车雷达传感器绕线设备、四联电机绕线设备、双飞叉转子绕线设备、四轴飞叉 式绕线设备、双工位针式马达绕线设备、阀类产品绕线设备、电机组装设备、电机焊接设备等 汽车 EPS 生产线 车载 SMD 变压器组装生产线 激光雷达生产线 生产线：汽车 EPS 生产线、车载 SMD 变压器组装生产线、激光雷达生产线、汽车雨刷电机装配生产线、车载用散热 电机,浙江田中精机股份有限公司 2025 年半年度报告全文 12 二、核心竞争力分析 1、行业品牌优势 公司前身为日本田中精机株式会社，始创于 1933 年，经过多年的创新积累，公司可以提供从单台 智能装备到个性化定制开发智能制造综合解决方案，下游应用领域广泛，主要包括消费电子行业、汽车 行业、工业控制行业等多个领域。凭借雄厚的技术实力、先进的生产工艺、卓越的产品品质、优质的一 体化服务和持续的创新能力，公司在智能制造设备领域积累了较高的品牌美誉度，尤其在手机无线充电 线圈制造设备细分领域中市场占有率高，具有突出的行业品,evidence=60; page_citations=28; sources=3; domain=strong; role=moderate; bottleneck=strong,,,False,False,False,专用设备制造业,高端制造装备 / 专用设备宽口径 / concept_only / false_negative_rescue_core_equivalent_quality_pool,strong,core,false_negative_rescue_backfilled,Excluded,82,72
300476,胜宏科技,v5_hydrated,expansion_core_equivalent_quality_pool,pending_manual_approval,pending_review,43,23,3,True,strong,moderate,core_hard_tech_evidence_supported,strong,not_detected_in_existing_artifacts,moderate,strong,True,manual review of upgraded primary-source evidence before any future core-pool action,胜宏科技（惠州）股份有限公司 2025 年半年度报告全文 10 印制电路板行业是支撑信息技术发展的重要基石，也是保证产业链供应安全稳定的关 键因素之一，是国家政策支持和鼓励发展的重点行业。工信局发布了《基础电子元器件产 业发展行动计划（2021—2023 年）》，将 “连接类元器件：高频高速、高层高密度印制电 路板、集成电路封装基板、特种印制电路板”列入重点产品高端提升行动，在智能终端、 新一代通信技术、工业互联网、数据中心、新能源汽车等重点市场，推动基础电子元器件 产业实现突破，加快印制电路板产业发展。《中国制造,胜宏科技（惠州）股份有限公司 2025 年半年度报告全文 11 的生产设备和完备的实验室，深入开展技术攻坚，成功抢占行业在 AI 等新兴领域的技术 制高点，持续提升企业核心竞争力，塑造行业领先地位。 c.为了进一步增强研发效能，公司对研发管理制度和运行机制进行持续完善，通过引 入先进的项目管理理念和方法，提高项目管理的规范化、精细化水平，从体制层面保障新 产品研发流程的顺畅运转，全面提升研发效率。 d.公司积极鼓励研发创新，大力推动知识产权保护工作。借助在研发创新和技术积累 过程中形成的优势，率先在专利布局方面抢占,evidence=43; page_citations=23; sources=3; domain=strong; role=moderate; bottleneck=strong,,,False,False,False,计算机、通信和其他电子设备制造业,其他战略性关键环节 / 国产替代/供应链约束 / bottleneck / expansion_core_equivalent_quality_pool,strong,core,expansion_2025_doubler_discovered,Tier A,88,65
300480,光力科技,v5_hydrated,expansion_core_equivalent_quality_pool,pending_manual_approval,pending_review,54,22,3,True,strong,moderate,core_hard_tech_evidence_supported,strong,not_detected_in_existing_artifacts,moderate,strong,True,manual review of upgraded primary-source evidence before any future core-pool action,光力科技股份有限公司 2025 年半年度报告全文 10 第三节 管理层讨论与分析 一、报告期内公司从事的主要业务 光力科技作为一家以中国为根基的国际化高科技企业，公司紧抓半导体国产化发展机遇，推动半导体封测装备业务 快速成长；充分利用公司优势，进一步夯实物联网安全生产监控装备业务竞争优势，致力于成为掌握核心技术的全球半 导体装备和工业智能化装备企业。 （一）半导体封测装备行业 公司主要研发、生产、销售用于半导体器件封装测试环节的精密加工设备、高性能高精度空气主轴等核心零部件和 耗材（刀片等），产品主要应用于半导体后,光力科技股份有限公司 2025 年半年度报告全文 10 第三节 管理层讨论与分析 一、报告期内公司从事的主要业务 光力科技作为一家以中国为根基的国际化高科技企业，公司紧抓半导体国产化发展机遇，推动半导体封测装备业务 快速成长；充分利用公司优势，进一步夯实物联网安全生产监控装备业务竞争优势，致力于成为掌握核心技术的全球半 导体装备和工业智能化装备企业。 （一）半导体封测装备行业 公司主要研发、生产、销售用于半导体器件封装测试环节的精密加工设备、高性能高精度空气主轴等核心零部件和 耗材（刀片等），产品主要应用于半导体后,evidence=54; page_citations=22; sources=3; domain=strong; role=moderate; bottleneck=strong,,,False,False,False,专用设备制造业,工业软件与基础软件 / 基础软件/工业软件 / bottleneck / expansion_core_equivalent_quality_pool,strong,core,expansion_2025_doubler_discovered,Tier B,88,66
300496,中科创达,v5_hydrated,latent_core_equivalent_quality_pool,pending_manual_approval,pending_review,40,19,3,True,strong,moderate,core_hard_tech_evidence_supported,strong,not_detected_in_existing_artifacts,moderate,strong,True,manual review of upgraded primary-source evidence before any future core-pool action,中科创达软件股份有限公司 2025 年半年度报告全文 10 汽车拟人化与 OS 演化：AI OS 的必然需求 汽车的拟人化趋势日益明显，这在人机交互（HMI）方面表现得尤为突出。AI 驱动的语音助手、预测导航和个性化 内容等功能，让车辆更像是人们的“智能伙伴”。其中，语音助手成为了新的交互界面，逐渐取代传统按钮。它不仅支持 自然语言处理，让用户能够以更加自然、便捷的方式与车辆进行沟通，还具备上下文理解能力，能够根据用户之前的对 话内容和当前场景，提供更加精准、贴心的服务。这种交互方式的变革，驱动着操作系统从传统 O,"中科创达软件股份有限公司 2025 年半年度报告全文 12 最新产品—GS-150-V1 1.5 吨堆高型叉车和 GP-150-V1 1.5 吨搬运型叉车。采用多模态感知融合识别技术，搭配多传 感器立体组合，能够实现精准定位与混合导航，在复杂环境下也能稳定运行，具备强大的复杂任务处理能力。并且, 公 司也发布了面向机器人的算力模组, 构建起从 12TOPS 至 80TOPS 全覆盖的算力平台，为 AMR(自主移动机器人)实现更高 效的端侧 AI 运算筑牢了硬件根基, 有力地推动了 AMR 智能化水平的进一步提升,",evidence=40; page_citations=19; sources=3; domain=strong; role=moderate; bottleneck=strong,,,False,False,False,软件和信息技术服务业,工业软件与基础软件 / 基础软件/工业软件 / bottleneck / latent_core_equivalent_quality_pool,sufficient,core,latent_primary_source_backfill_batch1_rerun_v2,Tier B,88,61
300499,高澜股份,v5_hydrated,latent_core_equivalent_quality_pool,pending_manual_approval,pending_review,36,18,3,True,strong,moderate,core_hard_tech_evidence_supported,strong,not_detected_in_existing_artifacts,moderate,strong,True,manual review of upgraded primary-source evidence before any future core-pool action,广州高澜节能技术股份有限公司 2025 年半年度报告全文 11 第三节 管理层讨论与分析 一、报告期内公司从事的主要业务 （一）公司的主要业务、主要产品及其用途 公司自设立以来一直致力于工业热管理系统的研发、设计、生产和销售，历经多年发展逐步成为工 业热管理整体解决方案提供商，产品应用领域由传统高压直流输电、柔性交流输配电及电气传动领域向 信息与通信、储能电站、大科学等新兴领域不断扩充。公司开发和销售的产品主要分为大功率电力电子 热管理产品、高功率密度装置热管理产品及工程运维服务。 大功率电力电子热管理产品主要包括,广州高澜节能技术股份有限公司 2025 年半年度报告全文 18 冷产品等，所属行业为国家重点支持和鼓励发展的高新技术领域，得益于国家法律、法规及产业政策的 大力扶持，行业发展态势良好，市场前景广阔。 公司自设立以来一直坚持自主创新研发，拥有行业领先的核心技术，热管理业务主要产品达到国内 领先或国际先进水平，部分产品达到国际领先水平，并先后获得国家工信部专精特新“小巨人”企业认 定、国家制造业单项冠军示范企业认定。公司已建立成熟的产业化研发、生产和销售业务体系，不断优 化主营业务体系，有序推进市场拓展。 直流输配电液,evidence=36; page_citations=18; sources=3; domain=strong; role=moderate; bottleneck=strong,,,False,False,False,电气机械和器材制造业,新材料 / AI服务器PCB/HBM材料 / bottleneck / latent_core_equivalent_quality_pool,sufficient,core,latent_primary_source_backfill_batch1_rerun_v2,Tier B,88,59
300502,新易盛,v5_hydrated,internal_quality_pool,pending_manual_approval,pending_review,59,23,3,True,strong,moderate,core_hard_tech_evidence_supported,strong,low,moderate,strong,True,manual review of upgraded primary-source evidence before any future core-pool action,成都新易盛通信技术股份有限公司 2025 年半年度报告全文 12 公司主要原材料为光器件（CHIP、TO-CAN、BOSA、ROSA、TOSA） 、集成电路芯片、结构件和PCB。 主要原材料的采购情况 A.光器件 光器件主要包括 CHIP、TO-CAN、BOSA、ROSA、TOSA，光器件的采购方式为： a.直接采购 ROSA、TOSA； b.采购 TO-CAN 或领用自行加工的 TO-CAN（采购 CHIP 后加工而成，光器件芯片封装环节）后自行加工成 BOSA、 ROSA、TOSA（光器件封装环节） ； B.集,成都新易盛通信技术股份有限公司 2025 年半年度报告全文 12 公司主要原材料为光器件（CHIP、TO-CAN、BOSA、ROSA、TOSA） 、集成电路芯片、结构件和PCB。 主要原材料的采购情况 A.光器件 光器件主要包括 CHIP、TO-CAN、BOSA、ROSA、TOSA，光器件的采购方式为： a.直接采购 ROSA、TOSA； b.采购 TO-CAN 或领用自行加工的 TO-CAN（采购 CHIP 后加工而成，光器件芯片封装环节）后自行加工成 BOSA、 ROSA、TOSA（光器件封装环节） ； B.集,evidence=59; page_citations=23; sources=3; domain=strong; role=moderate; bottleneck=strong,,,False,False,False,计算机、通信和其他电子设备制造业,光电与通信 / 光互联/光芯片 / bottleneck / internal_quality_pool,strong,core,canonical_90_internal_manual_review,Tier A,88,68
300508,维宏股份,v5_hydrated,expansion_core_equivalent_quality_pool,pending_manual_approval,pending_review,55,22,3,True,strong,moderate,core_hard_tech_evidence_supported,strong,not_detected_in_existing_artifacts,moderate,strong,True,manual review of upgraded primary-source evidence before any future core-pool action,上海维宏电子科技股份有限公司 2025 年半年度报告全文 10 第三节 管理层讨论与分析 一、报告期内公司从事的主要业务 中国机床工具工业协会统计数据显示，协会重点联系企业2025 年上半年营业收入同比增长 7.5%。 其中，金属切削机床同比增长 10.6%，数控装置同比下滑 4.2%。金属加工机床产量同比增长 4%，产值 同比增长 14.1%；其中金属切削机床产量同比增长 2.4%，产值同比增长 9.8%。总体看，金属切削机床 保持恢复性增长，且增幅回升。 （一）公司主要业务 公司是一家提供数字化制造核心技术产品,上海维宏电子科技股份有限公司 2025 年半年度报告全文 11 一体化运动控制器集成了运动控制卡、CPU 主板、显示器（液晶屏）、专业操作面板等。优点是使 用方便，并且避免了整机生产商在自行组合环节可能出现的问题，但缺点是价格较贵，整机生产商无法 对工业PC 机配置的型号进行自由选择。 2.伺服驱动器 伺服驱动器是用来控制伺服电机的一种控制器，主要应用于高精度定位系统。公司以掌握核心电子 技术和运动控制算法为基础进行研发的伺服驱动器产品，是一种全数字化伺服驱动器，采用高速数字信 号处理器(DSP)，配合增益自动调整,evidence=55; page_citations=22; sources=3; domain=strong; role=moderate; bottleneck=strong,,,False,False,False,仪器仪表制造业,高端制造装备 / 工业母机/机器人核心部件 / bottleneck / expansion_core_equivalent_quality_pool,strong,core,expansion_2025_doubler_discovered,Tier B,88,67
300553,集智股份,v5_hydrated,expansion_core_equivalent_quality_pool,pending_manual_approval,pending_review,43,28,3,True,strong,moderate,core_hard_tech_evidence_supported,strong,not_detected_in_existing_artifacts,moderate,strong,True,manual review of upgraded primary-source evidence before any future core-pool action,"杭州集智机电股份有限公司 2025 年半年度报告全文 12 根据《中国汽车零部件市场分析和平衡机需求》预测， 2018 年离合器总成、离合器压盘、飞轮、刹车盘、发动机 曲轴等 5 类汽车回转零部件生产企业对全自动平衡机的需求将超过 5,000 台。以单台设备 50 万元售价测算，2018 年汽 车回转零部件使用的全自动平衡机累计市场需求约为 25 亿元，按 8 年的设备淘汰更换周期计算，年均市场销售额超过 3 亿元。考虑汽车零部件出口需求、售后维修需求等，未来我国汽车回转零部件全自动平衡机的年均市场需求将远超过 3","杭州集智机电股份有限公司 2025 年半年度报告全文 12 根据《中国汽车零部件市场分析和平衡机需求》预测， 2018 年离合器总成、离合器压盘、飞轮、刹车盘、发动机 曲轴等 5 类汽车回转零部件生产企业对全自动平衡机的需求将超过 5,000 台。以单台设备 50 万元售价测算，2018 年汽 车回转零部件使用的全自动平衡机累计市场需求约为 25 亿元，按 8 年的设备淘汰更换周期计算，年均市场销售额超过 3 亿元。考虑汽车零部件出口需求、售后维修需求等，未来我国汽车回转零部件全自动平衡机的年均市场需求将远超过 3",evidence=43; page_citations=28; sources=3; domain=strong; role=moderate; bottleneck=strong,,,False,False,False,仪器仪表制造业,其他战略性关键环节 / 国产替代/供应链约束 / bottleneck / expansion_core_equivalent_quality_pool,strong,core,expansion_2025_doubler_discovered,Tier B,89,68
300567,精测电子,v5_hydrated,internal_quality_pool,pending_manual_approval,pending_review,72,29,3,True,strong,moderate,core_hard_tech_evidence_supported,strong,low,moderate,strong,True,manual review of upgraded primary-source evidence before any future core-pool action,武汉精测电子集团股份有限公司 2025 年半年度报告全文 11 第三节 管理层讨论与分析 一、报告期内公司从事的主要业务 （一）主营业务 公司主要从事半导体、显示及新能源检测系统的研发、生产与销售。公司目前在半导体领域的主营产品分为前道和后 道测试设备，包括膜厚量测系统、光学关键尺寸量测系统、电子束缺陷检测系统、半导体硅片应力测量设备、明场光学缺 陷检测设备和自动检测设备（ATE）等。在显示领域的主营产品涵盖 LCD、OLED、Mini-LED、Micro-OLED、Micro-LED 等各类显示器件的检测设备，包,武汉精测电子集团股份有限公司 2025 年半年度报告全文 11 第三节 管理层讨论与分析 一、报告期内公司从事的主要业务 （一）主营业务 公司主要从事半导体、显示及新能源检测系统的研发、生产与销售。公司目前在半导体领域的主营产品分为前道和后 道测试设备，包括膜厚量测系统、光学关键尺寸量测系统、电子束缺陷检测系统、半导体硅片应力测量设备、明场光学缺 陷检测设备和自动检测设备（ATE）等。在显示领域的主营产品涵盖 LCD、OLED、Mini-LED、Micro-OLED、Micro-LED 等各类显示器件的检测设备，包,evidence=72; page_citations=29; sources=3; domain=strong; role=moderate; bottleneck=strong,,,False,False,False,仪器仪表制造业,internal_quality_pool,strong,core,canonical_90_internal_manual_review,Tier A,82,75
300580,贝斯特,v5_hydrated,internal_quality_pool,pending_manual_approval,pending_review,53,24,3,True,strong,moderate,core_hard_tech_evidence_supported,strong,low,moderate,strong,True,manual review of upgraded primary-source evidence before any future core-pool action,"无锡贝斯特精机股份有限公司 2025 年半年度报告全文 10 第三节 管理层讨论与分析 一、报告期内公司从事的主要业务 （一）所属行业发展情况 1、全球汽车行业发展情况 汽车制造业做作为全球经济版图中的重要组成部分，不仅是国家工业实力的象征，更是技术创新与消费升级的驱动 力。自 2020 年起，伴随汽车行业上下游产业链复工复产、消费市场逐步复苏，2021-2024 年全球汽车产销量年均复合增 长率分别为 4.90%、4.45%，2024 年全球汽车产销量分别为 9,250.43 万辆和 9,531.47 万辆（数据","无锡贝斯特精机股份有限公司 2025 年半年度报告全文 10 第三节 管理层讨论与分析 一、报告期内公司从事的主要业务 （一）所属行业发展情况 1、全球汽车行业发展情况 汽车制造业做作为全球经济版图中的重要组成部分，不仅是国家工业实力的象征，更是技术创新与消费升级的驱动 力。自 2020 年起，伴随汽车行业上下游产业链复工复产、消费市场逐步复苏，2021-2024 年全球汽车产销量年均复合增 长率分别为 4.90%、4.45%，2024 年全球汽车产销量分别为 9,250.43 万辆和 9,531.47 万辆（数据",evidence=53; page_citations=24; sources=3; domain=strong; role=moderate; bottleneck=strong,,,False,False,False,汽车制造业,其他战略性关键环节 / 国产替代/供应链约束 / bottleneck / internal_quality_pool,strong,core,canonical_90_internal_manual_review,Tier A,89,68
300602,飞荣达,v5_hydrated,internal_quality_pool,pending_manual_approval,pending_review,64,28,3,True,strong,moderate,core_hard_tech_evidence_supported,strong,low,moderate,strong,True,manual review of upgraded primary-source evidence before any future core-pool action,深圳市飞荣达科技股份有限公司 2025 年半年度报告全文 10 第三节 管理层讨论与分析 一、报告期内公司从事的主要业务 （一）公司主营业务 公司主要从事电磁屏蔽材料及器件、热管理材料及器件、基站天线及相关器件、防护功能器件、轻量化材料及器件、 功能组件等的研发、设计、生产与销售，并能够为客户提供相关领域的整体解决方案，致力成为 ICT 领域新材料及智能 制造领先企业。 公司自成立以来，通过自身不懈的技术研发、严格的品质把控和良好的客户服务，逐步获得了市场的广泛认可，不 断发展壮大，业务由电子辅料产品生产逐步过渡到,和导热散热材料器件最重要的使用领域之一。随着 AI 快速推进，其产业链中的服务器等设备作 为算力发动机，需求持续高增长。根据 IDC 数据，2025 年第一季度服务器市场市值达到创纪录的 952 亿美元，同比增长 134.1%，创下历史最高单季度增长率。根据 TrendForce 报告显示，关税政策的不确定性以及近期地缘政治紧张局势，虽 然会影响全球人工智能出货量，然而受 AI 浪潮驱动，预测 2025 年全球 AI 服务器出货量仍将有 24.3%的增长。随着 AI 算力需求呈现指数级增长，芯片及整体机架高功耗的背,evidence=64; page_citations=28; sources=3; domain=strong; role=moderate; bottleneck=strong,,,False,False,False,计算机、通信和其他电子设备制造业,其他战略性关键环节 / 国产替代/供应链约束 / bottleneck / internal_quality_pool,strong,core,canonical_90_internal_manual_review,Tier A,89,73
300604,长川科技,v5_hydrated,internal_quality_pool,pending_manual_approval,pending_review,53,25,3,True,strong,moderate,core_hard_tech_evidence_supported,strong,low,moderate,strong,True,manual review of upgraded primary-source evidence before any future core-pool action,杭州长川科技股份有限公司 2025 年半年度报告全文 13 安装、调试和技术支持等工作。 4、研发模式 公司研发部门负责产品的研发和技术创新，公司总部建立了以分选系统研发中心、测试系统研发中心为 核心，PMO、销售部、质量部等多个部门紧密合作的研发体系，公司采取以自主研发为主、产学研为辅的组 织形式。 公司下属子公司 STI 的新产品研发工作主要由产品部及视觉软件部共同完成，其中产品部门主要负责与 客户进行技术交流及硬件部分的研发并生成图纸，视觉软件部主要负责软件的编程以及算法的设计以在图纸 的基础上加载功能项目，,杭州长川科技股份有限公司 2025 年半年度报告全文 13 安装、调试和技术支持等工作。 4、研发模式 公司研发部门负责产品的研发和技术创新，公司总部建立了以分选系统研发中心、测试系统研发中心为 核心，PMO、销售部、质量部等多个部门紧密合作的研发体系，公司采取以自主研发为主、产学研为辅的组 织形式。 公司下属子公司 STI 的新产品研发工作主要由产品部及视觉软件部共同完成，其中产品部门主要负责与 客户进行技术交流及硬件部分的研发并生成图纸，视觉软件部主要负责软件的编程以及算法的设计以在图纸 的基础上加载功能项目，,evidence=53; page_citations=25; sources=3; domain=strong; role=moderate; bottleneck=strong,,,False,False,False,专用设备制造业,其他战略性关键环节 / 国产替代/供应链约束 / bottleneck / internal_quality_pool,strong,core,canonical_90_internal_manual_review,Tier A,89,68
300655,晶瑞电材,v5_hydrated,expansion_core_equivalent_quality_pool,pending_manual_approval,pending_review,72,25,3,True,strong,moderate,core_hard_tech_evidence_supported,strong,not_detected_in_existing_artifacts,moderate,strong,True,manual review of upgraded primary-source evidence before any future core-pool action,晶瑞电子材料股份有限公司 2025 年半年度报告全文 12 第三节 管理层讨论与分析 一、报告期内公司从事的主要业务 （一）主营业务 公司是国内电子材料龙头企业，深耕半导体和新能源两个应用领域。产品应用于半导体、锂电池、显示面板和光伏 太阳能电池行业的光刻、显影、蚀刻、清洗、去膜、浆料制备等工艺环节。 （二）主要产品及用途 1、高纯湿化学品 公司高纯湿化学品主要用于半导体晶圆厂前道工序中的蚀刻、清洗、去膜等环节。公司拥有半导体 G5 级高纯双氧 水、高纯硫酸、高纯氨水、高纯异丙醇、高纯盐酸、高纯硝酸、高纯 NMP,晶瑞电子材料股份有限公司 2025 年半年度报告全文 12 第三节 管理层讨论与分析 一、报告期内公司从事的主要业务 （一）主营业务 公司是国内电子材料龙头企业，深耕半导体和新能源两个应用领域。产品应用于半导体、锂电池、显示面板和光伏 太阳能电池行业的光刻、显影、蚀刻、清洗、去膜、浆料制备等工艺环节。 （二）主要产品及用途 1、高纯湿化学品 公司高纯湿化学品主要用于半导体晶圆厂前道工序中的蚀刻、清洗、去膜等环节。公司拥有半导体 G5 级高纯双氧 水、高纯硫酸、高纯氨水、高纯异丙醇、高纯盐酸、高纯硝酸、高纯 NMP,evidence=72; page_citations=25; sources=3; domain=strong; role=moderate; bottleneck=strong,,,False,False,False,化学原料和化学制品制造业,半导体 / 半导体材料 / bottleneck / expansion_core_equivalent_quality_pool,strong,core,expansion_2025_doubler_discovered,Tier B,89,72
300656,民德电子,v5_hydrated,latent_core_equivalent_quality_pool,pending_manual_approval,pending_review,77,31,3,True,strong,moderate,core_hard_tech_evidence_supported,strong,not_detected_in_existing_artifacts,moderate,strong,True,manual review of upgraded primary-source evidence before any future core-pool action,深圳市民德电子科技股份有限公司 2025 年半年度报告全文 10 第三节 管理层讨论与分析 一、报告期内公司从事的主要业务 （一）公司的主要业务和产品 报告期内，公司主要从事 AiDC 设备的研发、生产和销售业务，以及功率半导体晶圆代工、设计和分销业务。 1、AiDC 业务 公司 AiDC（Artificial Intelligence for Data Capture，应用人工智能进行数据采集）业务，致力于人工智能在数据采集 领域的应用推广，以 AI+CIS 的机器视觉技术平台，为汽车产业、3C、生物医疗检测设备,深圳市民德电子科技股份有限公司 2025 年半年度报告全文 11 （3）电子元器件分销业务 全资子公司泰博迅睿公司主要从事电子元器件分销业务，其主要经营模式：向上游电子元器件制造商原厂购入各类 规格型号的电子元器件，并通过自身的分销渠道，为下游各个领域的行业领先客户提供其研发、生产所需的各种电子元 器件及相应解决方案。 此外，泰博迅睿公司基于现有业务资源，开拓新能源动力和储能电池业务，上游与电池厂商建立长期业务合作，为 下游各类储能市场客户提供动力和储能电池产品及相应解决方案。 （三）公司所处行业情况 1、AiDC,evidence=77; page_citations=31; sources=3; domain=strong; role=moderate; bottleneck=strong,,,False,False,False,计算机、通信和其他电子设备制造业,半导体 / 功率器件/IGBT/SiC/GaN / bottleneck / latent_core_equivalent_quality_pool,strong,core,latent_primary_source_backfill_batch1_rerun_v2,Tier B,90,78
300731,科创新源,v5_hydrated,internal_quality_pool,pending_manual_approval,pending_review,72,28,3,True,strong,moderate,core_hard_tech_evidence_supported,strong,low,moderate,strong,True,manual review of upgraded primary-source evidence before any future core-pool action,深圳科创新源新材料股份有限公司 2025 年半年度报告全文 10 第三节 管理层讨论与分析 一、报告期内公司从事的主要业务 （一）报告期内公司所属行业的发展情况以及所从事的主要业务、主要产品及其用途 公司是一家致力于以自主创新、独立研发为基础的国家级高新技术企业。报告期内，公司主要业务为高分子材料产 品及热管理系统产品的研发、生产及销售，产品可广泛应用于通信、电力、传统家电及汽车、新能源汽车、储能和数据 中心等领域。其中高分子材料业务以公司、公司控股子公司无锡昆成及芜湖祥路为主要实施主体，热管理系统业务以公 司控股,"深圳科创新源新材料股份有限公司 2025 年半年度报告全文 13 报告期内，公司主营业务为高分子材料产品及热管理系统产品的研发、生产及销售，产品线涵盖通信、电力、传统 家电及汽车、新能源汽车、储能和数据中心等业务领域。 1、高分子材料领域 在高分子材料领域，公司依托多年来在高分子材料配方和工艺上的深厚积累以及大客户资源，主要开展防水密封材 料、防 火绝缘材料 、防潮封堵材 料等业务。 报告期内， 公司高分子 材料业务保持 稳健发展， 合计实 现营业收入 22,942.24 万元，较去年同期增长 6.04%。 （1）",evidence=72; page_citations=28; sources=3; domain=strong; role=moderate; bottleneck=strong,,,False,False,False,橡胶和塑料制品业,其他战略性关键环节 / 国产替代/供应链约束 / bottleneck / internal_quality_pool,strong,core,canonical_90_internal_manual_review,Tier A,89,75
300747,锐科激光,v5_hydrated,expansion_core_equivalent_quality_pool,pending_manual_approval,pending_review,56,21,3,True,strong,moderate,core_hard_tech_evidence_supported,strong,not_detected_in_existing_artifacts,moderate,strong,True,manual review of upgraded primary-source evidence before any future core-pool action,武汉锐科光纤激光技术股份有限公司 2025 年半年度报告全文 10 （1）行业标准制定 2025 年上半年锐科激光牵头制定多项团体标准，包括《连续泵浦半导体激光器技术要求》《激光智能焊接装备通用 技术要求》《超高功率工业级光纤激光器技术规范》等。行业标准覆盖激光核心器件、智能装备及测试方法，提升了公 司在激光领域的技术话语权，加速产业链协同创新。 （2）全波段、高功率激光器新品发布 公司工业级半导体直接泵浦单模万瓦激光器作为国家重点研发项目成果，创新性采用圆形改性双包层增益光纤，解 决了非线性拉曼效应难题，器件完全,武汉锐科光纤激光技术股份有限公司 2025 年半年度报告全文 10 （1）行业标准制定 2025 年上半年锐科激光牵头制定多项团体标准，包括《连续泵浦半导体激光器技术要求》《激光智能焊接装备通用 技术要求》《超高功率工业级光纤激光器技术规范》等。行业标准覆盖激光核心器件、智能装备及测试方法，提升了公 司在激光领域的技术话语权，加速产业链协同创新。 （2）全波段、高功率激光器新品发布 公司工业级半导体直接泵浦单模万瓦激光器作为国家重点研发项目成果，创新性采用圆形改性双包层增益光纤，解 决了非线性拉曼效应难题，器件完全,evidence=56; page_citations=21; sources=3; domain=strong; role=moderate; bottleneck=strong,,,False,False,False,计算机、通信和其他电子设备制造业,光电与通信 / 光互联/光芯片 / bottleneck / expansion_core_equivalent_quality_pool,strong,core,expansion_2025_doubler_discovered,Tier B,88,66
300751,迈为股份,v5_hydrated,expansion_core_equivalent_quality_pool,pending_manual_approval,pending_review,77,31,3,True,strong,moderate,core_hard_tech_evidence_supported,strong,not_detected_in_existing_artifacts,moderate,strong,True,manual review of upgraded primary-source evidence before any future core-pool action,苏州迈为科技股份有限公司 2025 年半年度报告全文 10 第三节 管理层讨论与分析 一、报告期内公司从事的主要业务 （一）行业所属分类及行业发展情况 根据中国证监会《上市公司行业分类指引》的分类标准，公司所在行业为大类“C 制造业”中的专用设备制造业， 行业分类代码为 C35； 根据国务院发布的《国务院关于加快培育和发展战略性新兴产业的决定》以及《“十三五”国家战略性新兴产业发 展规划》，公司隶属于七大战略新兴产业中高端装备制造业重点发展方向之一的：智能制造装备行业； 公司主营业务产品下游应用领域为光伏、显示和集,苏州迈为科技股份有限公司 2025 年半年度报告全文 10 第三节 管理层讨论与分析 一、报告期内公司从事的主要业务 （一）行业所属分类及行业发展情况 根据中国证监会《上市公司行业分类指引》的分类标准，公司所在行业为大类“C 制造业”中的专用设备制造业， 行业分类代码为 C35； 根据国务院发布的《国务院关于加快培育和发展战略性新兴产业的决定》以及《“十三五”国家战略性新兴产业发 展规划》，公司隶属于七大战略新兴产业中高端装备制造业重点发展方向之一的：智能制造装备行业； 公司主营业务产品下游应用领域为光伏、显示和集,evidence=77; page_citations=31; sources=3; domain=strong; role=moderate; bottleneck=strong,,,False,False,False,专用设备制造业,其他战略性关键环节 / 国产替代/供应链约束 / bottleneck / expansion_core_equivalent_quality_pool,strong,core,expansion_2025_doubler_discovered,Tier B,90,78
300757,罗博特科,v5_hydrated,expansion_core_equivalent_quality_pool,pending_manual_approval,pending_review,85,37,3,True,strong,moderate,core_hard_tech_evidence_supported,strong,not_detected_in_existing_artifacts,moderate,strong,True,manual review of upgraded primary-source evidence before any future core-pool action,罗博特科智能科技股份有限公司 2025 年半年度报告全文 10 第三节 管理层讨论与分析 一、报告期内公司从事的主要业务 （一）主营业务及主要产品 公司是一家研制工业自动化设备、工业执行系统软件、高效电池解决方案和光电子及半导体自动化封测设备的高新 技术企业。公司以“清洁能源+泛半导体”双轮驱动为核心战略，构建了集研发、设计、装配、测试、销售和服务于一体的 完整产品体系。本报告期内，公司成功收购全球光电子及半导体自动化封装和测试领域领先的设备制造商 ficonTEC，深 化光电子及半导体领域业务布局。 在清洁能源领,罗博特科智能科技股份有限公司 2025 年半年度报告全文 11 ficonTEC 采购的原材料主要包括电子元器件以及机械元器件。采购的具体流程为：采购部门从设计部门获取材料清 单，采购人员向供应商询价并下单进行采购，原材料到库前由技术质量部和仓库管理员进行采购物资的清点、验收和入 库工作，并最终将其登记到存货管理系统。ficonTEC 与主要供应商保持长期友好合作关系，原材料供应稳定。 （2）生产模式 ficonTEC 采取自主生产和外协加工相结合的生产模式。生产工序主要包括硬件设备的生产制造和应用处理程序的嵌 入,evidence=85; page_citations=37; sources=3; domain=strong; role=moderate; bottleneck=strong,,,False,False,False,专用设备制造业,光电与通信 / 光互联/光芯片 / bottleneck / expansion_core_equivalent_quality_pool,strong,core,expansion_2025_doubler_discovered,Tier B,91,83
300769,德方纳米,v5_hydrated,latent_standard_core_equivalent_quality_pool,pending_manual_approval,pending_review,57,24,3,True,strong,moderate,core_hard_tech_evidence_supported,strong,not_detected_in_existing_artifacts,moderate,strong,True,manual review of upgraded primary-source evidence before any future core-pool action,"深圳市德方纳米科技股份有限公司 2025 年半年度报告全文 11 池及动力磷酸铁锂电池的高增长是带动磷酸铁锂材料出货增长的核心因素。 随着海外市场对磷酸铁锂接 受度的不断提升，磷酸铁锂材料出口同比快速增长，根据海关总署数据，2025 年 1-6 月，磷酸铁锂正极材 料出口 7,309.74 吨，同比增长 855.16%。 正极材料作为新能源汽车和储能电池的核心组成部分，其技术路线的分化在 2025 年上半年尤为明显。 磷酸铁锂材料因其安全性高、成本低的优势，在储能和新能源汽车市场占据主导地位。 一方面，正极材 料的","深圳市德方纳米科技股份有限公司 2025 年半年度报告全文 11 池及动力磷酸铁锂电池的高增长是带动磷酸铁锂材料出货增长的核心因素。 随着海外市场对磷酸铁锂接 受度的不断提升，磷酸铁锂材料出口同比快速增长，根据海关总署数据，2025 年 1-6 月，磷酸铁锂正极材 料出口 7,309.74 吨，同比增长 855.16%。 正极材料作为新能源汽车和储能电池的核心组成部分，其技术路线的分化在 2025 年上半年尤为明显。 磷酸铁锂材料因其安全性高、成本低的优势，在储能和新能源汽车市场占据主导地位。 一方面，正极材 料的",evidence=57; page_citations=24; sources=3; domain=strong; role=moderate; bottleneck=strong,,,False,False,False,计算机、通信和其他电子设备制造业,能源与电力电子关键环节 / 电网/能源基础设施 / bottleneck / latent_standard_core_equivalent_quality_pool,strong,core,latent_standard_primary_source_backfilled,Tier B,89,68
300776,帝尔激光,v5_hydrated,expansion_core_equivalent_quality_pool,pending_manual_approval,pending_review,54,21,3,True,strong,moderate,core_hard_tech_evidence_supported,strong,not_detected_in_existing_artifacts,moderate,strong,True,manual review of upgraded primary-source evidence before any future core-pool action,武汉帝尔激光科技股份有限公司 2025 年半年度报告全文 10 第三节 管理层讨论与分析 一、报告期内公司从事的主要业务 （一）主营业务 公司主营业务为精密激光加工解决方案的设计及其配套设备的研发、生产和销售。公司主要产品为 应用于光伏产业的精密激光加工设备。同时公司正在积极研发消费电子、新型显示和集成电路等领域的 激光加工设备。 （二）主要产品及用途 1、光伏电池激光设备及工艺方案 背接触电池（BC）的激光微刻蚀系列设备，采用公司自研光学匀化技术以及超精细图形控制技术， 实现大面积高精细化蚀刻，该技术替代传统的光,武汉帝尔激光科技股份有限公司 2025 年半年度报告全文 10 第三节 管理层讨论与分析 一、报告期内公司从事的主要业务 （一）主营业务 公司主营业务为精密激光加工解决方案的设计及其配套设备的研发、生产和销售。公司主要产品为 应用于光伏产业的精密激光加工设备。同时公司正在积极研发消费电子、新型显示和集成电路等领域的 激光加工设备。 （二）主要产品及用途 1、光伏电池激光设备及工艺方案 背接触电池（BC）的激光微刻蚀系列设备，采用公司自研光学匀化技术以及超精细图形控制技术， 实现大面积高精细化蚀刻，该技术替代传统的光,evidence=54; page_citations=21; sources=3; domain=strong; role=moderate; bottleneck=strong,,,False,False,False,专用设备制造业,新材料 / AI服务器PCB/HBM材料 / bottleneck / expansion_core_equivalent_quality_pool,strong,core,expansion_2025_doubler_discovered,Tier B,88,66
300777,中简科技,v5_hydrated,latent_standard_core_equivalent_quality_pool,pending_manual_approval,pending_review,52,20,3,True,strong,moderate,core_hard_tech_evidence_supported,strong,not_detected_in_existing_artifacts,moderate,strong,True,manual review of upgraded primary-source evidence before any future core-pool action,中简科技股份有限公司 2025 年半年度报告全文 10 期使用的原辅料采购必须在《合格供方名录》中选择，其他一般原辅料，采购部可采取询价比较的方式选择供应商。目 前，公司已与主要原辅料供货商建立了长期稳定的合作关系。 2）生产模式 因公司产品主要用于航空航天领域，碳纤维产品性能参数经过长时间实验论证，在客户产品定型之时既已确定，性 能参数不会发生改变，公司碳纤维产品均按照客户订单的要求设计和生产，即订单驱动式生产模式。公司掌握了同一生 产线装备下，生产不同碳纤维产品的技术，具备根据客户要求量身定制的特定碳纤维产品的,中简科技股份有限公司 2025 年半年度报告全文 10 期使用的原辅料采购必须在《合格供方名录》中选择，其他一般原辅料，采购部可采取询价比较的方式选择供应商。目 前，公司已与主要原辅料供货商建立了长期稳定的合作关系。 2）生产模式 因公司产品主要用于航空航天领域，碳纤维产品性能参数经过长时间实验论证，在客户产品定型之时既已确定，性 能参数不会发生改变，公司碳纤维产品均按照客户订单的要求设计和生产，即订单驱动式生产模式。公司掌握了同一生 产线装备下，生产不同碳纤维产品的技术，具备根据客户要求量身定制的特定碳纤维产品的,evidence=52; page_citations=20; sources=3; domain=strong; role=moderate; bottleneck=strong,,,False,False,False,化学纤维制造业,航空航天与军工电子 / 航空航天/军工电子 / bottleneck / latent_standard_core_equivalent_quality_pool,strong,core,latent_standard_primary_source_backfilled,Tier B,88,64
300836,佰奥智能,v5_hydrated,false_negative_rescue_core_equivalent_quality_pool,pending_manual_approval,pending_review,52,26,3,True,strong,moderate,core_hard_tech_evidence_supported,strong,not_detected_in_existing_artifacts,moderate,strong,True,manual review of upgraded primary-source evidence before any future core-pool action,昆山佰奥智能装备股份有限公司 2025 年半年度报告全文 10 性优势凸显。产品的机器视觉对位及机器视觉在识别、测量、机器人测控等方面精准度较高。 产品的柔性化、智能化和数字化，可满足下游客户柔性化的生产趋势，单机之间任意插入或删减单机， 互换性高，各单元采取网络化，总线控制。下游客户产品换型时只需更换互换性模块，产品换型成本低。产 品设置数据采集层、分析执行层、数据存储层和管理存储层四个信息管理层，基于 TCP/IP 的网络通信，通 过 RFID 射频采集模块和扫描采集模块，将生产数据上传至总控，一物一码，实现物,昆山佰奥智能装备股份有限公司 2025 年半年度报告全文 10 性优势凸显。产品的机器视觉对位及机器视觉在识别、测量、机器人测控等方面精准度较高。 产品的柔性化、智能化和数字化，可满足下游客户柔性化的生产趋势，单机之间任意插入或删减单机， 互换性高，各单元采取网络化，总线控制。下游客户产品换型时只需更换互换性模块，产品换型成本低。产 品设置数据采集层、分析执行层、数据存储层和管理存储层四个信息管理层，基于 TCP/IP 的网络通信，通 过 RFID 射频采集模块和扫描采集模块，将生产数据上传至总控，一物一码，实现物,evidence=52; page_citations=26; sources=3; domain=strong; role=moderate; bottleneck=strong,,,False,False,False,专用设备制造业,高端制造装备 / 专用设备宽口径 / concept_only / false_negative_rescue_core_equivalent_quality_pool,strong,core,false_negative_rescue_backfilled,Excluded,82,69
300843,胜蓝股份,v5_hydrated,data_gap_core_equivalent_quality_pool,pending_manual_approval,pending_review,52,21,3,True,strong,moderate,core_hard_tech_evidence_supported,strong,not_detected_in_existing_artifacts,moderate,strong,True,manual review of upgraded primary-source evidence before any future core-pool action,胜蓝科技股份有限公司 2025 年半年度报告全文 10 第三节 管理层讨论与分析 一、报告期内公司从事的主要业务 （一）主要业务 公司是一家专注于电子连接器及精密零组件和新能源汽车连接器及其组件的研发、生产及销售的高新技术企业，公司 的主要产品包括消费类电子连接器及组件、新能源汽车连接器及组件、数据通讯类连接器、光学透镜等，主要应用于消费 类电子、新能源汽车、数据通讯等领域。 公司自成立以来始终以客户需求为导向，坚持技术创新，在管理运营上不断追求精益求精，通过了 IATF 16949、 ISO9001、ISO140,胜蓝科技股份有限公司 2025 年半年度报告全文 13 新”等政策、汽车“以旧换新” “报废更新补贴”等政策，激发了国内电子产品及汽车消费市场的消费潜力。 2、存量业务的增长和增量业务的拓展 报告期内，得益于智能手机、PC 等产品市场需求的逐步复苏，新能源汽车产销量的持续高企，以及人工智能算力需 求的迅猛增长推动数据中心基础设施加速升级，公司在消费电子、新能源汽车、人工智能及数据通讯等领域的业务拓展取 得了显著进展，各业务板块协同发展，进一步巩固了市场地位，为未来持续增长奠定了坚实基础。 近年来，随着数据中心算力需,evidence=52; page_citations=21; sources=3; domain=strong; role=moderate; bottleneck=strong,,,False,False,False,计算机、通信和其他电子设备制造业,新材料 / AI服务器PCB/HBM材料 / beneficiary / data_gap_core_equivalent_quality_pool,strong,core,doubler_data_gap_primary_source_backfilled,Tier B,81,65
300852,四会富仕,v5_hydrated,expansion_core_equivalent_quality_pool,pending_manual_approval,pending_review,83,32,3,True,strong,moderate,core_hard_tech_evidence_supported,strong,not_detected_in_existing_artifacts,moderate,strong,True,manual review of upgraded primary-source evidence before any future core-pool action,四会富仕电子科技股份有限公司 2025 年半年度报告全文 10 第三节 管理层讨论与分析 一、报告期内公司从事的主要业务 （一）主要业务、主要产品及其用途 报告期公司主营业务为印制电路板（PCB）的研发、生产和销售，自公司设立以来主营业务未发生变化。 PCB 被称为电子产品之母，在电子产品中起着支撑与互连的重要作用。公司 PCB 产品类型丰富，覆盖高多层板、HDI 板、厚铜板、金属基板、陶瓷基板、软硬结合板、高频高速板、埋嵌铜块基板等品类，满足下游领域对 PCB 的各种需求。 公司专注于 PCB 制造，以“高品质、,四会富仕电子科技股份有限公司 2025 年半年度报告全文 13 （二）公司所处市场地位 1、专注于高品质 PCB 领域的长期积累 PCB 作为定制化产品，其品质、技术等要求由下游客户需求所决定。通常消费、工业、军工、航天等领域对 PCB 的 品质要求逐步提升。公司自设立之初，即定位于以工业控制与汽车电子为主的产品战略，积极开拓以日系为主的工业控 制与汽车电子客户，以长期稳定可靠性的产品与全球化服务，赢得众多客户信赖，在高品质 PCB 领域树立了良好的市场 声誉。与包括日立、松下、欧姆龙、安川电机等行业知名企业建立了,evidence=83; page_citations=32; sources=3; domain=strong; role=moderate; bottleneck=strong,,,False,False,False,计算机、通信和其他电子设备制造业,工业软件与基础软件 / 基础软件/工业软件 / bottleneck / expansion_core_equivalent_quality_pool,strong,core,expansion_2025_doubler_discovered,Tier B,90,79
300976,达瑞电子,v5_hydrated,latent_core_equivalent_quality_pool,pending_manual_approval,pending_review,48,20,3,True,strong,moderate,core_hard_tech_evidence_supported,strong,not_detected_in_existing_artifacts,moderate,strong,True,manual review of upgraded primary-source evidence before any future core-pool action,东莞市达瑞电子股份有限公司 2025 年半年度报告全文 10 化程度的提升，推动功能性器件、结构性器件向高性能、轻薄化、集成化技术趋势发展。高端消费电子及新兴 AI 硬件 产品对复杂性能的集成需求，对轻量化材料解决方案提出更高要求。面对需求扩张与技术升级的行业机遇与挑战，公司 快速响应客户产品轻薄化升级需求，通过搭建轻量化材料技术平台，构筑端侧 AI 轻量化结构件的先发优势，以紧抓端 侧 AI 硬件需求爆发的窗口期，并促使公司在技术迭代与市场扩张的良性循环中持续提升竞争力。 2、新能源行业 在“双碳”目标和全球能源,东莞市达瑞电子股份有限公司 2025 年半年度报告全文 10 化程度的提升，推动功能性器件、结构性器件向高性能、轻薄化、集成化技术趋势发展。高端消费电子及新兴 AI 硬件 产品对复杂性能的集成需求，对轻量化材料解决方案提出更高要求。面对需求扩张与技术升级的行业机遇与挑战，公司 快速响应客户产品轻薄化升级需求，通过搭建轻量化材料技术平台，构筑端侧 AI 轻量化结构件的先发优势，以紧抓端 侧 AI 硬件需求爆发的窗口期，并促使公司在技术迭代与市场扩张的良性循环中持续提升竞争力。 2、新能源行业 在“双碳”目标和全球能源,evidence=48; page_citations=20; sources=3; domain=strong; role=moderate; bottleneck=strong,,,False,False,False,计算机、通信和其他电子设备制造业,新材料 / 关键新材料 / bottleneck / latent_core_equivalent_quality_pool,strong,core,latent_primary_source_backfill_batch1_rerun_v2,Tier B,88,64
300996,普联软件,v5_hydrated,latent_core_equivalent_quality_pool,pending_manual_approval,pending_review,60,19,3,True,strong,moderate,core_hard_tech_evidence_supported,strong,not_detected_in_existing_artifacts,moderate,strong,True,manual review of upgraded primary-source evidence before any future core-pool action,普联软件股份有限公司 2025 年半年度报告全文 10 第三节 管理层讨论与分析 一、报告期内公司从事的主要业务 公司需遵守《深圳证券交易所上市公司自律监管指引第 3 号——行业信息披露》中的“软件与信息技术服务业”的披露要 求 （一）主营业务基本情况 公司主营业务是为大型集团企业提供管理信息化方案及 IT 综合服务，致力于应用云计算、大数据、人工智能等新 一代信息技术，推动企业运营管理数字化、智能化。经过二十多年的沉淀与积累，通过持续的管理创新与新技术研究应 用，形成了有竞争力的信息化综合服务能力，主营业务涵盖解,普联软件股份有限公司 2025 年半年度报告全文 10 第三节 管理层讨论与分析 一、报告期内公司从事的主要业务 公司需遵守《深圳证券交易所上市公司自律监管指引第 3 号——行业信息披露》中的“软件与信息技术服务业”的披露要 求 （一）主营业务基本情况 公司主营业务是为大型集团企业提供管理信息化方案及 IT 综合服务，致力于应用云计算、大数据、人工智能等新 一代信息技术，推动企业运营管理数字化、智能化。经过二十多年的沉淀与积累，通过持续的管理创新与新技术研究应 用，形成了有竞争力的信息化综合服务能力，主营业务涵盖解,evidence=60; page_citations=19; sources=3; domain=strong; role=moderate; bottleneck=strong,,,False,False,False,软件和信息技术服务业,工业软件与基础软件 / 基础软件/工业软件 / bottleneck / latent_core_equivalent_quality_pool,sufficient,core,latent_primary_source_backfill_batch1_rerun_v2,Tier B,88,65
301013,利和兴,v5_hydrated,false_negative_rescue_core_equivalent_quality_pool,pending_manual_approval,pending_review,66,23,3,True,strong,moderate,core_hard_tech_evidence_supported,strong,not_detected_in_existing_artifacts,moderate,strong,True,manual review of upgraded primary-source evidence before any future core-pool action,深圳市利和兴股份有限公司 2025 年半年度报告全文 10 / 125 等文件中制定了一系列产业发展目标、激励政策和保障措施，提出要聚焦核心基础零部件及元器件，引导产业链上下游 联合攻关，加快推动我国基础电子元器件产业实现高质量发展，保障国家信息技术产业安全。 随着人工智能技术的不断发展，新兴市场应用领域需求持续增长以及国产替代带来的广阔发展空间，近年来，国内 电子元器件行业企业纷纷加大产能规模扩张和技术水平提升的投资，我国电子元件行业正处于加快转型升级、实现由大 到强转变的攻坚阶段，正在向国际化、智能化、高端化的,深圳市利和兴股份有限公司 2025 年半年度报告全文 10 / 125 等文件中制定了一系列产业发展目标、激励政策和保障措施，提出要聚焦核心基础零部件及元器件，引导产业链上下游 联合攻关，加快推动我国基础电子元器件产业实现高质量发展，保障国家信息技术产业安全。 随着人工智能技术的不断发展，新兴市场应用领域需求持续增长以及国产替代带来的广阔发展空间，近年来，国内 电子元器件行业企业纷纷加大产能规模扩张和技术水平提升的投资，我国电子元件行业正处于加快转型升级、实现由大 到强转变的攻坚阶段，正在向国际化、智能化、高端化的,evidence=66; page_citations=23; sources=3; domain=strong; role=moderate; bottleneck=strong,,,False,False,False,专用设备制造业,高端制造装备 / 专用设备宽口径 / concept_only / false_negative_rescue_core_equivalent_quality_pool,strong,core,false_negative_rescue_backfilled,Excluded,81,70
301018,申菱环境,v5_hydrated,expansion_core_equivalent_quality_pool,pending_manual_approval,pending_review,64,27,3,True,strong,moderate,core_hard_tech_evidence_supported,strong,not_detected_in_existing_artifacts,moderate,strong,True,manual review of upgraded primary-source evidence before any future core-pool action,广东申菱环境系统股份有限公司 2025 年半年度报告全文 10 快手、京东、中金数据、秦淮数据、世纪互联、中联云港、润泽科技、浪潮、普洛斯、万国数据、国防科大、超聚变、 曙光等众多知名客户。 报告期内公司数据服务板块营收同比增长 43.77%。营收的增长主要来自于符合未来发展趋势的高能效创新产品，包 括新一代蒸发冷却产品、相变冷却和液冷产品等，更为重要的是，基于对公司技术创新能力、质量保障能力、快速交付 能力的认可，与 H 公司、字节、腾讯、阿里以及主要 COLO 商等重要头部客户的合作粘性进一步强化。 截至本报告,广东申菱环境系统股份有限公司 2025 年半年度报告全文 11 空调的主要生产基地，其投产将为公司核电产品、油气循环回收产品等特种产品的规模增长带来新的动力，构建更强大 的竞争力。 报告期内公司特种板块营收同比下降 19.60%。主要由于大项目收入结转时点的原因，预期下半年将逐步改善。 （四）公建及商用板块 公建及商用空调主要应用于市政公共建筑、大型商用建筑、高端家用等应用场景。主要产品包括商用冷水机组、商 用组合式空调、商用末端机组、商用单元式空调、热泵及热储产品等。 历年来公司在公建及商用领域已服务于包括深圳市,evidence=64; page_citations=27; sources=3; domain=strong; role=moderate; bottleneck=strong,,,False,False,False,专用设备制造业,其他战略性关键环节 / 国产替代/供应链约束 / bottleneck / expansion_core_equivalent_quality_pool,strong,core,expansion_2025_doubler_discovered,Tier B,89,72
301023,奕帆传动,v5_hydrated,latent_standard_core_equivalent_quality_pool,pending_manual_approval,pending_review,48,20,3,True,strong,moderate,core_hard_tech_evidence_supported,strong,not_detected_in_existing_artifacts,moderate,strong,True,manual review of upgraded primary-source evidence before any future core-pool action,无锡江南奕帆电力传动科技股份有限公司 2025 年半年度报告全文 12 38%(产值 570 亿元)，在医疗、教育、家庭服务等方面逐渐普及;特种机器人占比 10%(产值 150 亿元)，在危险环境作 业、极端条件下的应用日益增多。机器人行业发展蓬勃，也预示着未来机器人将在更多领域发挥重要作用。 （二）主要业务 公司专注于定制化微特减速电机的研发、生产和销售，具备了在该领域内的专业实力。核心产品组合覆盖了多种应 用场景，包括为输配电行业设计的储能减速电机、适用于房车的减速电机、光伏跟踪系统的支架电机、推杆电机以及用,无锡江南奕帆电力传动科技股份有限公司 2025 年半年度报告全文 12 38%(产值 570 亿元)，在医疗、教育、家庭服务等方面逐渐普及;特种机器人占比 10%(产值 150 亿元)，在危险环境作 业、极端条件下的应用日益增多。机器人行业发展蓬勃，也预示着未来机器人将在更多领域发挥重要作用。 （二）主要业务 公司专注于定制化微特减速电机的研发、生产和销售，具备了在该领域内的专业实力。核心产品组合覆盖了多种应 用场景，包括为输配电行业设计的储能减速电机、适用于房车的减速电机、光伏跟踪系统的支架电机、推杆电机以及用,evidence=48; page_citations=20; sources=3; domain=strong; role=moderate; bottleneck=strong,,,False,False,False,通用设备制造业,能源与电力电子关键环节 / 电网/能源基础设施 / bottleneck / latent_standard_core_equivalent_quality_pool,strong,core,latent_standard_primary_source_backfilled,Tier B,88,64
301086,鸿富瀚,v5_hydrated,expansion_core_equivalent_quality_pool,pending_manual_approval,pending_review,58,24,3,True,strong,moderate,core_hard_tech_evidence_supported,strong,not_detected_in_existing_artifacts,moderate,strong,True,manual review of upgraded primary-source evidence before any future core-pool action,深圳市鸿富瀚科技股份有限公司 2025 年半年度报告全文 10 境阶段性波动影响，公司核心产品盈利水平面临下行压力，利润率出现阶段性下滑，整体盈利空间受到一定挤压；在战 略布局推进阶段，公司加大资源投入力度，一方面持续推进越南、泰国等新兴市场的开拓布局，另一方面加快新业务、 新产品的开发进程，双重战略投入共同推动成本端压力显著上升；同时，新业务尚处于产能爬坡阶段，固定成本摊销占 比相对较高，叠加市场拓展过程中阶段性资源投入的进一步增加，多重因素共同对公司短期利润造成一定影响。未来， 公司将聚焦当前经营核心矛盾，精准,深圳市鸿富瀚科技股份有限公司 2025 年半年度报告全文 10 境阶段性波动影响，公司核心产品盈利水平面临下行压力，利润率出现阶段性下滑，整体盈利空间受到一定挤压；在战 略布局推进阶段，公司加大资源投入力度，一方面持续推进越南、泰国等新兴市场的开拓布局，另一方面加快新业务、 新产品的开发进程，双重战略投入共同推动成本端压力显著上升；同时，新业务尚处于产能爬坡阶段，固定成本摊销占 比相对较高，叠加市场拓展过程中阶段性资源投入的进一步增加，多重因素共同对公司短期利润造成一定影响。未来， 公司将聚焦当前经营核心矛盾，精准,evidence=58; page_citations=24; sources=3; domain=strong; role=moderate; bottleneck=strong,,,False,False,False,计算机、通信和其他电子设备制造业,新材料 / AI服务器PCB/HBM材料 / bottleneck / expansion_core_equivalent_quality_pool,strong,core,expansion_2025_doubler_discovered,Tier A,89,69
301128,强瑞技术,v5_hydrated,false_negative_rescue_core_equivalent_quality_pool,pending_manual_approval,pending_review,72,28,3,True,strong,moderate,core_hard_tech_evidence_supported,strong,not_detected_in_existing_artifacts,moderate,strong,True,manual review of upgraded primary-source evidence before any future core-pool action,"深圳市强瑞精密技术股份有限公司 2025 年半年度报告全文 10 5、无刷电机产品 报告期内，公司通过外延并购拓展的无刷电机产品为公司贡献约 4,300 万元营业收入。公司的无刷电机主要应用于 小米、追觅、iRobot 等终端品牌的扫地机器人。该产品业绩增长的动力主要来源于：①伴随 AI 大模型与 3D 视觉融合的 技术迭代，国产品牌的全球出货量有望进一步提升；②无刷电机凭借其高效节能、寿命长、静音效果好以及控制精准度 高的优势，有望进一步替代有刷电机的市场份额。 6、其他应用领域 除上述主要业务领域外，公司在半导","深圳市强瑞精密技术股份有限公司 2025 年半年度报告全文 10 5、无刷电机产品 报告期内，公司通过外延并购拓展的无刷电机产品为公司贡献约 4,300 万元营业收入。公司的无刷电机主要应用于 小米、追觅、iRobot 等终端品牌的扫地机器人。该产品业绩增长的动力主要来源于：①伴随 AI 大模型与 3D 视觉融合的 技术迭代，国产品牌的全球出货量有望进一步提升；②无刷电机凭借其高效节能、寿命长、静音效果好以及控制精准度 高的优势，有望进一步替代有刷电机的市场份额。 6、其他应用领域 除上述主要业务领域外，公司在半导",evidence=72; page_citations=28; sources=3; domain=strong; role=moderate; bottleneck=strong,,,False,False,False,专用设备制造业,高端制造装备 / 专用设备宽口径 / concept_only / false_negative_rescue_core_equivalent_quality_pool,strong,core,false_negative_rescue_backfilled,Excluded,82,75
301200,大族数控,v5_hydrated,expansion_core_equivalent_quality_pool,pending_manual_approval,pending_review,88,35,3,True,strong,moderate,core_hard_tech_evidence_supported,strong,not_detected_in_existing_artifacts,moderate,strong,True,manual review of upgraded primary-source evidence before any future core-pool action,深圳市大族数控科技股份有限公司 2025 年半年度报告全文 10 公司主营业务为 PCB 专用设备的研发、生产和销售，产品主要面向压合、钻孔、曝光、成型、检测等 PCB 生产的 关键工序，是全球 PCB 专用设备行业中产品线最广泛的企业之一。报告期内，公司业务及经营模式未发生重大变化，产 品线得到进一步完善，新产品研发取得较大进展，并针对不同细分市场及热点应用场景提供专业化的一站式解决方案， 逐步从被动的“满足”客户需求向主动的“助力”客户提升盈利水平转变。围绕不同细分市场及应用场景的关键工序， 公司主要产品情况如,深圳市大族数控科技股份有限公司 2025 年半年度报告全文 11 （1）盈利模式 公司专注于 PCB 专用设备及 PCB 加工一站式综合解决方案的研发、生产和销售，主要通过向下游 PCB 制造商销售 产品及提供服务实现收入及盈利；为助力客户进一步延伸至半导体先进封装（Semiconductor advanced packaging）产业链， 提供创新的综合解决方案，来提升公司市场地位及盈利水平。 （2）生产模式 公司主要采用“以销定产”的生产模式，结合需求预测、意向订单、实际订单、备货情况及产能等情况按月编制《整,evidence=88; page_citations=35; sources=3; domain=strong; role=moderate; bottleneck=strong,,,False,False,False,专用设备制造业,其他战略性关键环节 / 国产替代/供应链约束 / bottleneck / expansion_core_equivalent_quality_pool,strong,core,expansion_2025_doubler_discovered,Tier B,90,81
301236,软通动力,v5_hydrated,latent_core_equivalent_quality_pool,pending_manual_approval,pending_review,68,33,3,True,strong,moderate,core_hard_tech_evidence_supported,strong,not_detected_in_existing_artifacts,moderate,strong,True,manual review of upgraded primary-source evidence before any future core-pool action,软通动力信息技术（集团）股份有限公司 2025 年半年度报告全文 10 第三节 管理层讨论与分析 一、报告期内公司从事的主要业务 公司需遵守《深圳证券交易所上市公司自律监管指引第3 号——行业信息披露》中的“软件与信息技术服务业”的 披露要求 １. 公司上半年经营情况综述 2025 年是国家“十四五”规划收官和“十五五”开局之年，国家加快培育新质生产力推动经济转型和高质量发展。 数字经济已经成为发展新质生产力的重要支撑和关键引擎。人工智能技术加速迭代演进，国家深入实施“人工智能+”行 动，大力推进科技创新与产业创新,软通动力信息技术（集团）股份有限公司 2025 年半年度报告全文 10 第三节 管理层讨论与分析 一、报告期内公司从事的主要业务 公司需遵守《深圳证券交易所上市公司自律监管指引第3 号——行业信息披露》中的“软件与信息技术服务业”的 披露要求 １. 公司上半年经营情况综述 2025 年是国家“十四五”规划收官和“十五五”开局之年，国家加快培育新质生产力推动经济转型和高质量发展。 数字经济已经成为发展新质生产力的重要支撑和关键引擎。人工智能技术加速迭代演进，国家深入实施“人工智能+”行 动，大力推进科技创新与产业创新,evidence=68; page_citations=33; sources=3; domain=strong; role=moderate; bottleneck=strong,,,False,False,False,软件和信息技术服务业,工业软件与基础软件 / 基础软件/工业软件 / bottleneck / latent_core_equivalent_quality_pool,strong,core,latent_primary_source_backfill_batch1_rerun_v2,Tier B,90,77
301307,美利信,v5_hydrated,data_gap_core_equivalent_quality_pool,pending_manual_approval,pending_review,77,33,3,True,strong,moderate,core_hard_tech_evidence_supported,strong,not_detected_in_existing_artifacts,moderate,strong,True,manual review of upgraded primary-source evidence before any future core-pool action,重庆美利信科技股份有限公司 2025 年半年度报告全文 10 身系统等铝合金精密压铸件。新能源汽车类产品主要包括电驱动系统、电控系统、电池系统和车身系统等铝合金精密压 铸件，公司产品在汽车应用的示意图如下： 主要产品示例图如下： 应用 领域 产品类别 典型产品 名称 产品功能/用途 示例图 传统汽 车领域 发动机系统 零部件 发动机 缸体 支撑和保证活塞、连杆、曲 轴等运动部件的准确位置， 保证发动机的换气、冷却和 润滑；提供各种辅助系统、 部件及发动机的安装。 主轴 轴承盖 连接缸体和油底壳，确保曲 轴正常运转，,重庆美利信科技股份有限公司 2025 年半年度报告全文 13 主要产品示例图如下： 应用 领域 产品类别 典型产品名称 产品功能/用途 示例图 通信 通信基站 5G-A 通信基站 散热部件 3D HS 相变冷却系统，用于高功率通 信基站的散热。 汽车 新能源汽车 热管理 热管理流道板 用于新能源汽车冷媒的流量分配。 汽车 新能源汽车 智能驾驶控 制器 智能驾驶控制 器冷板 用于新能源汽车智能驾驶控制的液 冷。 5、半导体精密零部件制造 公司凭借多年精密零部件加工的技术积累和稳定的客户关系，依托专业团队的高效响应能力,evidence=77; page_citations=33; sources=3; domain=strong; role=moderate; bottleneck=strong,,,False,False,False,金属制品业,新材料 / AI服务器PCB/HBM材料 / beneficiary / data_gap_core_equivalent_quality_pool,strong,core,doubler_data_gap_primary_source_backfilled,Tier B,83,79
301312,智立方,v5_hydrated,false_negative_rescue_core_equivalent_quality_pool,pending_manual_approval,pending_review,59,24,3,True,strong,moderate,core_hard_tech_evidence_supported,strong,not_detected_in_existing_artifacts,moderate,strong,True,manual review of upgraded primary-source evidence before any future core-pool action,深圳市智立方自动化设备股份有限公司2025年半年度报告全文 10 第三节 管理层讨论与分析 一、报告期内公司从事的主要业务 （一） 主营业务及主要产品 1、主营业务情况 公司属于高端装备制造行业，是一家专注于半导体及工业自动化设备的研发、生产、销售及相关技术服务的国家级高新技术企业，为下游客户提供半导体工艺制程、智能制造系统、精益和自动化生产体系等定制化专业解决方案，产品包括工业自动化设备、自动化设备配件及相关技术服务。 公司的核心业务聚焦于两大赛道：半导体与电子产品赛道。在半导体领域，公司致力于推动我国半导体关键,深圳市智立方自动化设备股份有限公司2025年半年度报告全文 10 第三节 管理层讨论与分析 一、报告期内公司从事的主要业务 （一） 主营业务及主要产品 1、主营业务情况 公司属于高端装备制造行业，是一家专注于半导体及工业自动化设备的研发、生产、销售及相关技术服务的国家级高新技术企业，为下游客户提供半导体工艺制程、智能制造系统、精益和自动化生产体系等定制化专业解决方案，产品包括工业自动化设备、自动化设备配件及相关技术服务。 公司的核心业务聚焦于两大赛道：半导体与电子产品赛道。在半导体领域，公司致力于推动我国半导体关键,evidence=59; page_citations=24; sources=3; domain=strong; role=moderate; bottleneck=strong,,,False,False,False,专用设备制造业,高端制造装备 / 专用设备宽口径 / concept_only / false_negative_rescue_core_equivalent_quality_pool,strong,core,false_negative_rescue_backfilled,Excluded,82,69
301321,翰博高新,v5_hydrated,expansion_core_equivalent_quality_pool,pending_manual_approval,pending_review,74,28,3,True,strong,moderate,core_hard_tech_evidence_supported,strong,not_detected_in_existing_artifacts,moderate,strong,True,manual review of upgraded primary-source evidence before any future core-pool action,翰博高新材料（合肥）股份有限公司 2025 年半年度报告全文 10 棱镜片主要由三层结构组成，最下层的为具有一定雾度的入光面，中间层为透明 PET 基材层，最上层的出光面为微 棱镜结构，其工作原理为通过折射、全反射、光累积等过程来控制光强分布，使散射的光线向正面集中，并可减少光线 的损失，提升整体辉度和均匀度，对背光显示模组起到增加亮度和控制可视角的效果。 ④胶粘类产品 胶粘类产品应用于背光显示模组中，起到粘接、固定、密封、防尘、隔音、绝缘、联线外接等各方面作用。胶粘类 产品可替代传统的螺丝、卡簧等机械式紧固器件，,翰博高新材料（合肥）股份有限公司 2025 年半年度报告全文 10 棱镜片主要由三层结构组成，最下层的为具有一定雾度的入光面，中间层为透明 PET 基材层，最上层的出光面为微 棱镜结构，其工作原理为通过折射、全反射、光累积等过程来控制光强分布，使散射的光线向正面集中，并可减少光线 的损失，提升整体辉度和均匀度，对背光显示模组起到增加亮度和控制可视角的效果。 ④胶粘类产品 胶粘类产品应用于背光显示模组中，起到粘接、固定、密封、防尘、隔音、绝缘、联线外接等各方面作用。胶粘类 产品可替代传统的螺丝、卡簧等机械式紧固器件，,evidence=74; page_citations=28; sources=3; domain=strong; role=moderate; bottleneck=strong,,,False,False,False,计算机、通信和其他电子设备制造业,半导体 / 半导体材料 / bottleneck / expansion_core_equivalent_quality_pool,strong,core,expansion_2025_doubler_discovered,Tier B,89,75
301362,民爆光电,v5_hydrated,data_gap_core_equivalent_quality_pool,pending_manual_approval,pending_review,61,31,3,True,strong,moderate,core_hard_tech_evidence_supported,strong,not_detected_in_existing_artifacts,moderate,strong,True,manual review of upgraded primary-source evidence before any future core-pool action,深圳民爆光电股份有限公司 2025 年半年度报告全文 10 第三节 管理层讨论与分析 一、报告期内公司从事的主要业务 公司需遵守《深圳证券交易所上市公司自律监管指引第 4 号——创业板行业信息披露》中的“LED 产业链相关业务”的披 露要求 （一）LED 照明行业现状及未来发展趋势 根据 Frost ＆Sullivan 相关研究报告，全球 LED 照明市场规模依然呈现增长态势，预计 2026 年全球 LED 照明行业市 场规模达 820.42 亿美元。中国照明电器协会报告显示，2024 年我国 LED 照明产品出口,深圳民爆光电股份有限公司 2025 年半年度报告全文 10 第三节 管理层讨论与分析 一、报告期内公司从事的主要业务 公司需遵守《深圳证券交易所上市公司自律监管指引第 4 号——创业板行业信息披露》中的“LED 产业链相关业务”的披 露要求 （一）LED 照明行业现状及未来发展趋势 根据 Frost ＆Sullivan 相关研究报告，全球 LED 照明市场规模依然呈现增长态势，预计 2026 年全球 LED 照明行业市 场规模达 820.42 亿美元。中国照明电器协会报告显示，2024 年我国 LED 照明产品出口,evidence=61; page_citations=31; sources=3; domain=strong; role=moderate; bottleneck=strong,,,False,False,False,电气机械和器材制造业,新材料 / AI服务器PCB/HBM材料 / beneficiary / data_gap_core_equivalent_quality_pool,strong,core,doubler_data_gap_primary_source_backfilled,Tier B,83,74
301369,联动科技,v5_hydrated,false_negative_rescue_core_equivalent_quality_pool,pending_manual_approval,pending_review,77,26,3,True,strong,moderate,core_hard_tech_evidence_supported,strong,not_detected_in_existing_artifacts,moderate,strong,True,manual review of upgraded primary-source evidence before any future core-pool action,佛山市联动科技股份有限公司 2025 年半年度报告全文 10 第三节 管理层讨论与分析 一、报告期内公司从事的主要业务 1、主营业务情况 公司专注于半导体行业后道封装测试领域专用设备的研发、生产和销售，主要产品包括半导体自动 化测试系统、激光打标设备及其他机电一体化设备。半导体自动化测试系统主要用于检测晶圆以及芯片 的功能和性能参数，包括功率半导体的测试、模拟类及数模混合信号类集成电路的测试；激光打标设备 主要用于半导体芯片的打标。公司坚持创新驱动发展的战略，公司自主研发的功率半导体测试系统实现 了进口替代。 公司,佛山市联动科技股份有限公司 2025 年半年度报告全文 10 第三节 管理层讨论与分析 一、报告期内公司从事的主要业务 1、主营业务情况 公司专注于半导体行业后道封装测试领域专用设备的研发、生产和销售，主要产品包括半导体自动 化测试系统、激光打标设备及其他机电一体化设备。半导体自动化测试系统主要用于检测晶圆以及芯片 的功能和性能参数，包括功率半导体的测试、模拟类及数模混合信号类集成电路的测试；激光打标设备 主要用于半导体芯片的打标。公司坚持创新驱动发展的战略，公司自主研发的功率半导体测试系统实现 了进口替代。 公司,evidence=77; page_citations=26; sources=3; domain=strong; role=moderate; bottleneck=strong,,,False,False,False,专用设备制造业,高端制造装备 / 专用设备宽口径 / concept_only / false_negative_rescue_core_equivalent_quality_pool,strong,core,false_negative_rescue_backfilled,Excluded,82,74
301377,鼎泰高科,v5_hydrated,data_gap_core_equivalent_quality_pool,pending_manual_approval,pending_review,68,29,3,True,strong,moderate,core_hard_tech_evidence_supported,strong,not_detected_in_existing_artifacts,moderate,strong,True,manual review of upgraded primary-source evidence before any future core-pool action,广东鼎泰高科技术股份有限公司 2025 年半年度报告全文 10 研磨抛光材料 主要产品有陶瓷磨刷、不织布磨刷、尼龙磨刷、砂 带等，主要应用于 PCB 制程中钻孔毛刺和塞孔油墨 的去除及外层线路清洁等。 功能性膜材料 主要产品有防窥膜、车载光控膜、车载防爆膜、磨 砂/硬化膜、AR 膜等，主要应用于屏幕、汽车、家 电、盖板玻璃、工控、Mini LED 等行业。 智能数控装备 主要产品有数控刀具磨床、数控丝锥磨床、数控段 差磨床、全自动刀具钝化机、真空镀膜设备、钻针 智能仓储系统等，主要应用于 PCB 和金属加工刀具 等,广东鼎泰高科技术股份有限公司 2025 年半年度报告全文 10 研磨抛光材料 主要产品有陶瓷磨刷、不织布磨刷、尼龙磨刷、砂 带等，主要应用于 PCB 制程中钻孔毛刺和塞孔油墨 的去除及外层线路清洁等。 功能性膜材料 主要产品有防窥膜、车载光控膜、车载防爆膜、磨 砂/硬化膜、AR 膜等，主要应用于屏幕、汽车、家 电、盖板玻璃、工控、Mini LED 等行业。 智能数控装备 主要产品有数控刀具磨床、数控丝锥磨床、数控段 差磨床、全自动刀具钝化机、真空镀膜设备、钻针 智能仓储系统等，主要应用于 PCB 和金属加工刀具 等,evidence=68; page_citations=29; sources=3; domain=strong; role=moderate; bottleneck=strong,,,False,False,False,金属制品业,新材料 / AI服务器PCB/HBM材料 / beneficiary / data_gap_core_equivalent_quality_pool,strong,core,doubler_data_gap_primary_source_backfilled,Tier B,82,74
301418,协昌科技,v5_hydrated,internal_quality_pool,pending_manual_approval,pending_review,49,21,3,True,strong,moderate,core_hard_tech_evidence_supported,strong,low,moderate,strong,True,manual review of upgraded primary-source evidence before any future core-pool action,江苏协昌电子科技集团股份有限公司 2025 年半年度报告全文 10 上对现有产品进行深层次开发的能力，使公司能够独立为下游行业提供完整的解决方案和对应的产品。公司 拥有独立的物料采购、生产制造和销售体系，公司综合考虑自身和市场运行情况，开展生产经营活动。具体 经营模式如下： 1、采购模式 公司建立了较为严格的供应商准入评价体系。通过接洽、实地考察等方式，从品质、技术能力、交付能 力及采购价格等方面对供应商进行综合评价，选择评价合格的供应商建立合格供应商档案。通常情况下，针 对各类原材料公司会选择多个供应商，保障供应,江苏协昌电子科技集团股份有限公司 2025 年半年度报告全文 10 上对现有产品进行深层次开发的能力，使公司能够独立为下游行业提供完整的解决方案和对应的产品。公司 拥有独立的物料采购、生产制造和销售体系，公司综合考虑自身和市场运行情况，开展生产经营活动。具体 经营模式如下： 1、采购模式 公司建立了较为严格的供应商准入评价体系。通过接洽、实地考察等方式，从品质、技术能力、交付能 力及采购价格等方面对供应商进行综合评价，选择评价合格的供应商建立合格供应商档案。通常情况下，针 对各类原材料公司会选择多个供应商，保障供应,evidence=49; page_citations=21; sources=3; domain=strong; role=moderate; bottleneck=strong,,,False,False,False,电气机械和器材制造业,高端制造装备 / 机器人核心零部件 / chokepoint / internal_quality_pool,strong,core,canonical_90_internal_manual_review,Tier A,88,64
301468,博盈特焊,v5_hydrated,false_negative_rescue_core_equivalent_quality_pool,pending_manual_approval,pending_review,66,28,3,True,strong,moderate,core_hard_tech_evidence_supported,strong,not_detected_in_existing_artifacts,moderate,strong,True,manual review of upgraded primary-source evidence before any future core-pool action,广东博盈特焊技术股份有限公司 2025 年半年度报告全文 11 第三节 管理层讨论与分析 一、报告期内公司从事的主要业务 （一）报告期内公司所处行业情况 1、工业防腐防磨行业基本情况 在工业领域，腐蚀是指物质在周围介质作用下产生损耗与破坏的过程，磨损是指物质因为摩擦或使用而造成的几何 尺寸变小的过程。腐蚀与磨损现象广泛存在于工业领域的各类设备中，是造成材料损失、设备损坏、停工检修的主要原 因之一。此外，随着我国经济迈入高质量发展阶段，工业领域需要实现产业转型升级和提质增效，这对工业设备的作业 参数与作业环境提出了更,广东博盈特焊技术股份有限公司 2025 年半年度报告全文 19 其他应用领域 应用场景简介 应用场景图示 生物质发电 生物质焚烧会产生大量腐蚀性物质与磨损颗粒，对生物质焚烧 余热回收锅炉受热面造成腐蚀与磨损，应用防腐防磨堆焊装备 可以提高生物质焚烧设备性能并延长其使用寿命，降低设备检 修、更换损失及停工损失 能源 输油管道、核电工程管道、海上钻井平台等工作环境中存在较 严重的腐蚀问题，应用防腐防磨技术生产相关管道或工件，可 以延长设备使用寿命，降低泄露事故或作业事故的风险 化工 化工行业通常会涉及强腐蚀性物质的保存,evidence=66; page_citations=28; sources=3; domain=strong; role=moderate; bottleneck=strong,,,False,False,False,专用设备制造业,高端制造装备 / 专用设备宽口径 / concept_only / false_negative_rescue_core_equivalent_quality_pool,strong,core,false_negative_rescue_backfilled,Excluded,82,73
301517,陕西华达,v5_hydrated,latent_core_equivalent_quality_pool,pending_manual_approval,pending_review,37,18,3,True,strong,moderate,core_hard_tech_evidence_supported,strong,not_detected_in_existing_artifacts,moderate,strong,True,manual review of upgraded primary-source evidence before any future core-pool action,陕西华达科技股份有限公司 2025 年半年度报告全文 10 第三节 管理层讨论与分析 一、报告期内公司从事的主要业务 公司主营业务为电连接器及互连产品的研发、生产和销售。公司前身为国营第八五三厂，公司经过 50 余年的科研生 产实践，历经了“集中设计、七专高可靠、贯彻国军标、宇高工程科研攻关”等历史阶段，形成了射频同轴连接器、低 频连接器、射频同轴电缆组件三大类产品，广泛应用于航空航天、武器装备、通讯等领域。并积极开拓有源及无源微波 产业赛道，在光电模块、高速连接器等领域加大布局，产品可广泛应用于通信网络、数据中心,陕西华达科技股份有限公司 2025 年半年度报告全文 16 公司销售人员前期进行市场开拓并开发新客户，客户向公司发出订单，公司根据订单安排生产计划，产品检验合格 封装后准时送达客户指定接收地点，客户验收合格后开具验收单据，并根据双方约定的方式进行结算。 公司建立了一系列完善的配套销售管理制度，包括《市场开发与新产品跟踪制度》《销售计划管理制度》《销售人 员管理办法》《销售人员岗位责任处罚规定》等，按年度并分阶段对各个区域市场进行销售业绩考核。 二、核心竞争力分析 （一）技术领先及创新优势 公司作为国内重要的电连接器,evidence=37; page_citations=18; sources=3; domain=strong; role=moderate; bottleneck=strong,,,False,False,False,计算机、通信和其他电子设备制造业,航空航天与军工电子 / 航空航天/军工电子 / bottleneck / latent_core_equivalent_quality_pool,sufficient,core,latent_primary_source_backfill_batch1_rerun_v2,Tier B,88,60
301522,上大股份,v5_hydrated,latent_standard_core_equivalent_quality_pool,pending_manual_approval,pending_review,56,22,3,True,strong,moderate,core_hard_tech_evidence_supported,strong,not_detected_in_existing_artifacts,moderate,strong,True,manual review of upgraded primary-source evidence before any future core-pool action,中航上大高温合金材料股份有限公司 2025 年半年度报告全文 10 （异型锻件） 6 高品质特种不锈钢 公司具备生产全品类高品质 特种不锈钢能力，通过多种工艺 选择，实现超级奥氏体不锈钢、 超 级 双 相 不 锈 钢 及 其 他 高 纯 净 度、高品质、低成本特种不锈钢 生产能力。 核工程、石油 化工等 2、公司的主要经营模式 公司主要业务为向航空航天、燃气轮机及汽轮机、核工程、石油化工等领域客户销售高温及高性能合金、高品质特 种不锈钢等特种合金产品，产品具有“多品种、多规格、定制化”的特点。报告期内，公司采用以直,中航上大高温合金材料股份有限公司 2025 年半年度报告全文 10 （异型锻件） 6 高品质特种不锈钢 公司具备生产全品类高品质 特种不锈钢能力，通过多种工艺 选择，实现超级奥氏体不锈钢、 超 级 双 相 不 锈 钢 及 其 他 高 纯 净 度、高品质、低成本特种不锈钢 生产能力。 核工程、石油 化工等 2、公司的主要经营模式 公司主要业务为向航空航天、燃气轮机及汽轮机、核工程、石油化工等领域客户销售高温及高性能合金、高品质特 种不锈钢等特种合金产品，产品具有“多品种、多规格、定制化”的特点。报告期内，公司采用以直,evidence=56; page_citations=22; sources=3; domain=strong; role=moderate; bottleneck=strong,,,False,False,False,金属制品业,航空航天与军工电子 / 航空航天/军工电子 / bottleneck / latent_standard_core_equivalent_quality_pool,strong,core,latent_standard_primary_source_backfilled,Tier B,88,67
301568,思泰克,v5_hydrated,false_negative_rescue_core_equivalent_quality_pool,pending_manual_approval,pending_review,48,27,3,True,strong,moderate,core_hard_tech_evidence_supported,strong,not_detected_in_existing_artifacts,moderate,strong,True,manual review of upgraded primary-source evidence before any future core-pool action,厦门思泰克智能科技股份有限公司 2025 年半年度报告全文 10 第三节 管理层讨论与分析 一、报告期内公司从事的主要业务 （一）所属行业发展情况 报告期内，公司深耕机器视觉检测领域，核心业务涵盖智能检测设备的研发、生产、销售及增值服务。公司主要产 品为基于机器视觉技术自主研发的高端机器视觉检测设备。根据《中国上市公司协会上市公司行业统计分类指引》与 《国民经济行业分类》（GB/T4754-2017），公司所属行业为“专用设备制造业”（代码为 C35），根据《战略性新兴产 业分类（2018）》，公司所处行业属于“高,厦门思泰克智能科技股份有限公司 2025 年半年度报告全文 10 第三节 管理层讨论与分析 一、报告期内公司从事的主要业务 （一）所属行业发展情况 报告期内，公司深耕机器视觉检测领域，核心业务涵盖智能检测设备的研发、生产、销售及增值服务。公司主要产 品为基于机器视觉技术自主研发的高端机器视觉检测设备。根据《中国上市公司协会上市公司行业统计分类指引》与 《国民经济行业分类》（GB/T4754-2017），公司所属行业为“专用设备制造业”（代码为 C35），根据《战略性新兴产 业分类（2018）》，公司所处行业属于“高,evidence=48; page_citations=27; sources=3; domain=strong; role=moderate; bottleneck=strong,,,False,False,False,专用设备制造业,高端制造装备 / 专用设备宽口径 / concept_only / false_negative_rescue_core_equivalent_quality_pool,strong,core,false_negative_rescue_backfilled,Excluded,82,69
301571,国科天成,v5_hydrated,latent_core_equivalent_quality_pool,pending_manual_approval,pending_review,77,24,3,True,strong,moderate,core_hard_tech_evidence_supported,strong,not_detected_in_existing_artifacts,moderate,strong,True,manual review of upgraded primary-source evidence before any future core-pool action,国科天成科技股份有限公司 2025 年半年度报告全文 10 ①导航业务是公司自成立初期所延续下来的业务板块，主要产品为导航信号接收、处 理、控制等功能模块，客户可以集成至各类需要配置导航接收功能的系统中使用，且下游 客户群体与公司光电业务存在一定重叠，与光电业务存在一定协同效应。 ②遥感业务和信息系统业务属于公司拓展的多元化经营业务板块，主要为客户提供软 件开发服务，其中：信息系统业务主要为客户提供指挥控制、保障调度、综合管理、可视 化数据分析等软件开发服务；遥感业务主要为客户提供遥感数据应用软件的开发服务，应 用,国科天成科技股份有限公司 2025 年半年度报告全文 11 以项目为单位组织实施生产交付工作，并依照公司生产管理规章制度相关文件执行生产计 划。 （4）研发模式 公司以市场需求为导向，综合自身产品与技术特点、公司发展战略，以及国家战略需 求等因素，综合确定各期的研发方向和具体内容。报告期内，公司一方面以做强主业为原 则，持续推动 II 类超晶格探测器、非制冷红外探测器、红外镜头等红外核心器件的优化升 级和新品研发；另一方面，公司为实现高质量的持续发展，对雪崩光电探测器、半导体激 光器等新产品开展了研发工作，为丰富自,evidence=77; page_citations=24; sources=3; domain=strong; role=moderate; bottleneck=strong,,,False,False,False,计算机、通信和其他电子设备制造业,航空航天与军工电子 / 航空航天/军工电子 / bottleneck / latent_core_equivalent_quality_pool,strong,core,latent_primary_source_backfill_batch1_rerun_v2,Tier B,89,73
301577,美信科技,v5_hydrated,latent_standard_core_equivalent_quality_pool,pending_manual_approval,pending_review,45,17,3,True,strong,moderate,core_hard_tech_evidence_supported,strong,not_detected_in_existing_artifacts,moderate,strong,True,manual review of upgraded primary-source evidence before any future core-pool action,广东美信科技股份有限公司 2025 年半年度报告全文 11 2、功率类磁性元器件 功率类磁性元器件是电子电路中用于处理和转换功率的重要元件，在电子电路中起着升压降压、能量转移、储能 滤波、隔离高压、稳定电流及抑制电磁波干扰等作用。公司在 2017 年成立汽车电子事业部初期，即把功率类磁性元器件 产品应用定位在技术门槛高、品质要求严的新能源车载领域，并辐射至 AI 服务器电源、工业电源、加密货币矿机电源等 应用领域。 （1）公司功率类磁性元器件主要产品的特点及应用情况具体如下： 类别 主要产品图示 主要功能及特点 产,广东美信科技股份有限公司 2025 年半年度报告全文 14 术、网络变压器新型密封技术、片式电感技术、三合一变压器磁集成技术等。这些技术成果相互融合，共同构建起一套 全面覆盖磁性元器件全产业链的自主技术体系，为公司在行业内的稳健发展筑牢根基。 依托丰富的核心专利储备，公司在攻克行业共性技术难题方面取得了显著成效。尤其是在片式电感等重点领域，凭 借独特的技术优势形成了一定的技术壁垒，有效提升了公司在市场中的竞争地位。 在多年的发展历程中，公司与各领域客户建立了紧密且深入的合作关系，在多地建立技术服务网络，配备 FAE,evidence=45; page_citations=17; sources=3; domain=strong; role=moderate; bottleneck=strong,,,False,False,False,计算机、通信和其他电子设备制造业,能源与电力电子关键环节 / 电网/能源基础设施 / bottleneck / latent_standard_core_equivalent_quality_pool,sufficient,core,latent_standard_primary_source_backfilled,Tier B,87,61
301611,珂玛科技,v5_hydrated,internal_quality_pool,pending_manual_approval,pending_review,57,24,3,True,strong,moderate,core_hard_tech_evidence_supported,strong,low,moderate,strong,True,manual review of upgraded primary-source evidence before any future core-pool action,苏州珂玛材料科技股份有限公司 2025 年半年度报告全文 - 11 - 第三节 管理层讨论与分析 一、报告期内公司从事的主要业务 1、公司所处行业发展情况： 先进陶瓷是在多个国民经济重要领域中发挥着重要作用的关键基础材料。陶瓷材料具备优良材料特 性，与金属材料、高分子材料并列为当代“三大固体材料”。按照材料成分，先进陶瓷主要分为氧化物、 氮化物和碳化物陶瓷等；按照用途，先进陶瓷可分为主要具有强机械性能、耐腐蚀等理化特性的结构陶 瓷和具有电、磁等特性的功能陶瓷。 全球先进陶瓷发展历史悠久，研发与工业化生产已经有超过,苏州珂玛材料科技股份有限公司 2025 年半年度报告全文 - 11 - 第三节 管理层讨论与分析 一、报告期内公司从事的主要业务 1、公司所处行业发展情况： 先进陶瓷是在多个国民经济重要领域中发挥着重要作用的关键基础材料。陶瓷材料具备优良材料特 性，与金属材料、高分子材料并列为当代“三大固体材料”。按照材料成分，先进陶瓷主要分为氧化物、 氮化物和碳化物陶瓷等；按照用途，先进陶瓷可分为主要具有强机械性能、耐腐蚀等理化特性的结构陶 瓷和具有电、磁等特性的功能陶瓷。 全球先进陶瓷发展历史悠久，研发与工业化生产已经有超过,evidence=57; page_citations=24; sources=3; domain=strong; role=moderate; bottleneck=strong,,,False,False,False,计算机、通信和其他电子设备制造业,其他战略性关键环节 / 国产替代/供应链约束 / bottleneck / internal_quality_pool,strong,core,canonical_90_internal_manual_review,Tier A,89,68
301628,强达电路,v5_hydrated,latent_core_equivalent_quality_pool,pending_manual_approval,pending_review,49,17,3,True,strong,moderate,core_hard_tech_evidence_supported,strong,not_detected_in_existing_artifacts,moderate,strong,True,manual review of upgraded primary-source evidence before any future core-pool action,深圳市强达电路股份有限公司 2025 年半年度报告全文 10 第三节 管理层讨论与分析 一、报告期内公司从事的主要业务 （一）公司所处行业分类 公司主营业务为印制电路板（PCB）的研发、生产和销售，是一家主要专注于中高端样板和小批量 板产品的 PCB 企业。根据《国民经济行业分类》（GB/T4754-2017），公司所属行业为“C3982 电子电 路制造”。根据国家统计局颁布的《战略性新兴产业分类（2018）》，公司所处行业为“1 新一代信息 技术产业”之“1.2 电子核心产业”之“1.2.1 新型电子元器件及设备,深圳市强达电路股份有限公司 2025 年半年度报告全文 10 第三节 管理层讨论与分析 一、报告期内公司从事的主要业务 （一）公司所处行业分类 公司主营业务为印制电路板（PCB）的研发、生产和销售，是一家主要专注于中高端样板和小批量 板产品的 PCB 企业。根据《国民经济行业分类》（GB/T4754-2017），公司所属行业为“C3982 电子电 路制造”。根据国家统计局颁布的《战略性新兴产业分类（2018）》，公司所处行业为“1 新一代信息 技术产业”之“1.2 电子核心产业”之“1.2.1 新型电子元器件及设备,evidence=49; page_citations=17; sources=3; domain=strong; role=moderate; bottleneck=strong,,,False,False,False,计算机、通信和其他电子设备制造业,新材料 / AI服务器PCB/HBM材料 / bottleneck / latent_core_equivalent_quality_pool,sufficient,core,latent_primary_source_backfill_batch1_rerun_v2,Tier B,87,62
600105,永鼎股份,v5_hydrated,expansion_core_equivalent_quality_pool,pending_manual_approval,pending_review,46,21,3,True,strong,moderate,core_hard_tech_evidence_supported,strong,not_detected_in_existing_artifacts,moderate,strong,True,manual review of upgraded primary-source evidence before any future core-pool action,江苏永鼎股份有限公司2025 年半年度报告 10 / 202 在光通信领域，公司以“光棒、光纤、光缆”等网络基础通信产品为根基，业务逐步延伸至 光芯片、光器件、光模块等核心产品，并拓展至大数据采集分析应用及信息服务领域，依托细分 行业的全产业链布局，已实现从基础材料到高端产品，再到数据采集与应用的全链条覆盖。 在电力传输领域，公司持续深化“一带一路”沿线海外电力工程布局，加速拓展新能源汽车 线束业务，升级传统电线电缆绿色制造工艺，持续提升高温超导带材产能。 报告期内，公司不断完善激光器芯片产品矩阵，持续优化超导带材,江苏永鼎股份有限公司2025 年半年度报告 13 / 202 AI 大模型训练/推理的高带宽需求（单 GPU 需 100Gbps 以上互联），2024 年出货量同比激增超 200%， 预计 2025 年占数据中心光模块市场的 40%以上；5G 基站建设虽进入中后期，但前传光模块（25G/50G） 仍保持稳定需求，年出货量约 3000 万只。 应用领域拓展：除传统通信场景外，光模块正向激光雷达（共享光学封装、探测器技术）、医 疗设备（高精度光学传输）等新兴领域渗透，其中激光雷达用光芯片（如 1550nmDFB 激光器,evidence=46; page_citations=21; sources=3; domain=strong; role=moderate; bottleneck=strong,,,False,False,False,电气机械和器材制造业,光电与通信 / 光互联/光芯片 / bottleneck / expansion_core_equivalent_quality_pool,strong,core,expansion_2025_doubler_discovered,Tier B,88,64
600160,巨化股份,v5_hydrated,expansion_core_equivalent_quality_pool,pending_manual_approval,pending_review,67,26,3,True,strong,moderate,core_hard_tech_evidence_supported,strong,not_detected_in_existing_artifacts,moderate,strong,True,manual review of upgraded primary-source evidence before any future core-pool action,浙江巨化股份有限公司2025 年半年度报告 16 / 232 保、装备水平、公用工程配套、物流运输仓储、供产销衔接、特种专业、专业管理和人员专业素 质等具有较高的要求，为国家重点调控、监管行业，属高安全生产风险、高能耗、污染行业，也 是资金和技术密集型行业、产业政策高度敏感行业。 化工企业的经营发展受产品、技术标准、安全、环保、土地规划、能源等产业政策，以及资 金、技术、人员、土地、空间布局、安全环保设施、公用配套、资源、副产物综合利用水平等生 产要素约束较强。 （2）行业企业经营业绩对产品价格、原材料价格、开工率,浙江巨化股份有限公司2025 年半年度报告 16 / 232 保、装备水平、公用工程配套、物流运输仓储、供产销衔接、特种专业、专业管理和人员专业素 质等具有较高的要求，为国家重点调控、监管行业，属高安全生产风险、高能耗、污染行业，也 是资金和技术密集型行业、产业政策高度敏感行业。 化工企业的经营发展受产品、技术标准、安全、环保、土地规划、能源等产业政策，以及资 金、技术、人员、土地、空间布局、安全环保设施、公用配套、资源、副产物综合利用水平等生 产要素约束较强。 （2）行业企业经营业绩对产品价格、原材料价格、开工率,evidence=67; page_citations=26; sources=3; domain=strong; role=moderate; bottleneck=strong,,,False,False,False,化学原料和化学制品制造业,工业软件与基础软件 / 基础软件/工业软件 / bottleneck / expansion_core_equivalent_quality_pool,strong,core,expansion_2025_doubler_discovered,Tier B,89,72
600183,生益科技,v5_hydrated,internal_quality_pool,pending_manual_approval,pending_review,61,28,3,True,strong,moderate,core_hard_tech_evidence_supported,strong,low,moderate,strong,True,manual review of upgraded primary-source evidence before any future core-pool action,"广东生益科技股份有限公司2025 年半年度报告 10 / 182 资产处置收益 -3,163,850.91 62,099.68 -5,194.79 营业外收入 1,716,548.95 603,161.74 184.59 营业外支出 2,417,415.32 1,843,010.73 31.17 所得税费用 217,915,204.72 112,304,068.56 94.04 少数股东损益 196,214,636.67 45,313,108.25 333.02 经营活动产生的现金流量净额 1,944,214,87","广东生益科技股份有限公司2025 年半年度报告 10 / 182 资产处置收益 -3,163,850.91 62,099.68 -5,194.79 营业外收入 1,716,548.95 603,161.74 184.59 营业外支出 2,417,415.32 1,843,010.73 31.17 所得税费用 217,915,204.72 112,304,068.56 94.04 少数股东损益 196,214,636.67 45,313,108.25 333.02 经营活动产生的现金流量净额 1,944,214,87",evidence=61; page_citations=28; sources=3; domain=strong; role=moderate; bottleneck=strong,,,False,False,False,计算机、通信和其他电子设备制造业,新材料 / AI服务器PCB/HBM材料 / bottleneck / internal_quality_pool,strong,core,canonical_90_internal_manual_review,Tier A,89,72
600353,旭光电子,v5_hydrated,expansion_core_equivalent_quality_pool,pending_manual_approval,pending_review,66,32,3,True,strong,moderate,core_hard_tech_evidence_supported,strong,not_detected_in_existing_artifacts,moderate,strong,True,manual review of upgraded primary-source evidence before any future core-pool action,成都旭光电子股份有限公司2025 年半年度报告 10 / 164 1、高压真空开关：领跑绿色升级，创行业新里程。 1）技术突破：126kV 真空灭弧室配合国内多家客户环保型 GIS 顺利通过全套型式试验，获 得多个示范性工程订单，其中在武汉舵落口 220kV 变电站实现全球最大规模 126kV 真空环保型 GIS 开关设备的规模化配套应用；145kV 真空灭弧室配合某客户环保型 GIS 顺利通过 50Hz/60Hz 全套型式试验，其电寿命 30 次处于国际领先水平；自主研发的全国产化 252kV 单断口环保型真 空,成都旭光电子股份有限公司2025 年半年度报告 10 / 164 1、高压真空开关：领跑绿色升级，创行业新里程。 1）技术突破：126kV 真空灭弧室配合国内多家客户环保型 GIS 顺利通过全套型式试验，获 得多个示范性工程订单，其中在武汉舵落口 220kV 变电站实现全球最大规模 126kV 真空环保型 GIS 开关设备的规模化配套应用；145kV 真空灭弧室配合某客户环保型 GIS 顺利通过 50Hz/60Hz 全套型式试验，其电寿命 30 次处于国际领先水平；自主研发的全国产化 252kV 单断口环保型真 空,evidence=66; page_citations=32; sources=3; domain=strong; role=moderate; bottleneck=strong,,,False,False,False,计算机、通信和其他电子设备制造业,能源与电力电子关键环节 / 电网/能源基础设施 / bottleneck / expansion_core_equivalent_quality_pool,strong,core,expansion_2025_doubler_discovered,Tier A,90,76
600388,龙净环保,v5_hydrated,latent_standard_core_equivalent_quality_pool,pending_manual_approval,pending_review,47,19,3,True,strong,moderate,core_hard_tech_evidence_supported,strong,not_detected_in_existing_artifacts,moderate,strong,True,manual review of upgraded primary-source evidence before any future core-pool action,福建龙净环保股份有限公司2025 年半年度报告 10 / 179 同时提供制度 AI 问答、内部 AI 在线法律咨询服务、技术标准规范 AI 助手、售后管理 AI 服务台 等一系列管理服务应用，提升服务和管理水平。结合 SRM、OA 等信息化手段，深化供应链招采、 财务规范管理、提升质量与安全管理水平等，全方位助推公司数字化管理能力更上一层楼。 报告期内公司经营情况的重大变化，以及报告期内发生的对公司经营情况有重大影响和预计未来 会有重大影响的事项 □适用 √不适用 三、报告期内核心竞争力分析 √适用 □不适用 （,福建龙净环保股份有限公司2025 年半年度报告 10 / 179 同时提供制度 AI 问答、内部 AI 在线法律咨询服务、技术标准规范 AI 助手、售后管理 AI 服务台 等一系列管理服务应用，提升服务和管理水平。结合 SRM、OA 等信息化手段，深化供应链招采、 财务规范管理、提升质量与安全管理水平等，全方位助推公司数字化管理能力更上一层楼。 报告期内公司经营情况的重大变化，以及报告期内发生的对公司经营情况有重大影响和预计未来 会有重大影响的事项 □适用 √不适用 三、报告期内核心竞争力分析 √适用 □不适用 （,evidence=47; page_citations=19; sources=3; domain=strong; role=moderate; bottleneck=strong,,,False,False,False,专用设备制造业,能源与电力电子关键环节 / 电网/能源基础设施 / bottleneck / latent_standard_core_equivalent_quality_pool,sufficient,core,latent_standard_primary_source_backfilled,Tier A,88,63
600397,江钨装备,v5_hydrated,false_negative_rescue_core_equivalent_quality_pool,pending_manual_approval,pending_review,46,22,3,True,strong,moderate,core_hard_tech_evidence_supported,strong,not_detected_in_existing_artifacts,moderate,strong,True,manual review of upgraded primary-source evidence before any future core-pool action,安源煤业集团股份有限公司2025 年半年度报告 10 / 166 炭的黄金通道。江储中心 2024 年改扩建项目全面建成投产，进一步加快物流服务多元化转变， 不断扩大码头影响力和竞争力。 4.煤焦电一体化优势。一是积极加大与省内各焦化企业合作，形成煤焦一体化综合效应；二 是以港口码头为平台，加强煤炭加工贸易逐步与上下游的国有大型煤炭生产企业和国有发电厂等 产煤、用煤企业建立稳定的战略合作关系和代理关系，增强市场主导权。三是继续提高煤层气开 发利用效率，充分实现企业效益最大化。 四、报告期内主要经营情况 (一) 主营,安源煤业集团股份有限公司2025 年半年度报告 10 / 166 炭的黄金通道。江储中心 2024 年改扩建项目全面建成投产，进一步加快物流服务多元化转变， 不断扩大码头影响力和竞争力。 4.煤焦电一体化优势。一是积极加大与省内各焦化企业合作，形成煤焦一体化综合效应；二 是以港口码头为平台，加强煤炭加工贸易逐步与上下游的国有大型煤炭生产企业和国有发电厂等 产煤、用煤企业建立稳定的战略合作关系和代理关系，增强市场主导权。三是继续提高煤层气开 发利用效率，充分实现企业效益最大化。 四、报告期内主要经营情况 (一) 主营,evidence=46; page_citations=22; sources=3; domain=strong; role=moderate; bottleneck=strong,,,False,False,False,专用设备制造业,高端制造装备 / 专用设备宽口径 / concept_only / false_negative_rescue_core_equivalent_quality_pool,strong,core,false_negative_rescue_backfilled,Excluded,81,65
600406,国电南瑞,v5_hydrated,latent_standard_core_equivalent_quality_pool,pending_manual_approval,pending_review,30,18,3,True,strong,moderate,core_hard_tech_evidence_supported,strong,not_detected_in_existing_artifacts,moderate,strong,True,manual review of upgraded primary-source evidence before any future core-pool action,国电南瑞科技股份有限公司2025 年半年度报告 12 / 238 第三节 管理层讨论与分析 一、报告期内公司所属行业及主营业务情况说明 1、公司所从事的主要业务 国电南瑞是我国能源电力及工业控制领域的领军企业，是以能源电力智能化为核心的能源互 联网整体解决方案提供商，是国务院国资委“科改示范企业”。公司深耕自动化技术、柔性技术 和数字技术，为能源电力、市政公用、节能环保、水利水务、轨道交通、石化工矿等行业提供软 硬件产品、整体解决方案，产品和服务覆盖全国各地及 100 多个国家和地区。获得国家火炬计划 重点高新技术,国电南瑞科技股份有限公司2025 年半年度报告 12 / 238 第三节 管理层讨论与分析 一、报告期内公司所属行业及主营业务情况说明 1、公司所从事的主要业务 国电南瑞是我国能源电力及工业控制领域的领军企业，是以能源电力智能化为核心的能源互 联网整体解决方案提供商，是国务院国资委“科改示范企业”。公司深耕自动化技术、柔性技术 和数字技术，为能源电力、市政公用、节能环保、水利水务、轨道交通、石化工矿等行业提供软 硬件产品、整体解决方案，产品和服务覆盖全国各地及 100 多个国家和地区。获得国家火炬计划 重点高新技术,evidence=30; page_citations=18; sources=3; domain=strong; role=moderate; bottleneck=strong,,,False,False,False,软件和信息技术服务业,能源与电力电子关键环节 / 电力电子/电网安全 / bottleneck / latent_standard_core_equivalent_quality_pool,sufficient,core,latent_standard_primary_source_backfilled,Tier B,88,58
600446,金证股份,v5_hydrated,latent_core_equivalent_quality_pool,pending_manual_approval,pending_review,38,18,3,True,strong,moderate,core_hard_tech_evidence_supported,strong,not_detected_in_existing_artifacts,moderate,strong,True,manual review of upgraded primary-source evidence before any future core-pool action,深圳市金证科技股份有限公司 2025 年半年度报告 10 / 166 心交易系统的合规性。同时围绕公募 REITs 扩募、上海非交易业务迁移互联网平台等热点业务， 为多家券商客户提供了软件升级和技术支持。 在创新领域，公司聚焦大财富管理和机构服务体系建设，紧抓热点业务机遇，并通过持续优 化迭代配套产品来增强市场竞争力。报告期内，公司在债券柜台产品与国信证券、山西证券等达 成合作；机构理财产品与第一创业证券达成合作；与此同时，在金佣2.0、机构运营、QFII、投顾 交易等创新产品线上，公司也持续进行了功能迭代优化和市,深圳市金证科技股份有限公司 2025 年半年度报告 10 / 166 心交易系统的合规性。同时围绕公募 REITs 扩募、上海非交易业务迁移互联网平台等热点业务， 为多家券商客户提供了软件升级和技术支持。 在创新领域，公司聚焦大财富管理和机构服务体系建设，紧抓热点业务机遇，并通过持续优 化迭代配套产品来增强市场竞争力。报告期内，公司在债券柜台产品与国信证券、山西证券等达 成合作；机构理财产品与第一创业证券达成合作；与此同时，在金佣2.0、机构运营、QFII、投顾 交易等创新产品线上，公司也持续进行了功能迭代优化和市,evidence=38; page_citations=18; sources=3; domain=strong; role=moderate; bottleneck=strong,,,False,False,False,软件和信息技术服务业,工业软件与基础软件 / 基础软件/工业软件 / bottleneck / latent_core_equivalent_quality_pool,sufficient,core,latent_primary_source_backfill_batch1_rerun_v2,Tier B,88,60
600460,士兰微,v5_hydrated,latent_core_equivalent_quality_pool,pending_manual_approval,pending_review,45,18,3,True,strong,moderate,core_hard_tech_evidence_supported,strong,not_detected_in_existing_artifacts,moderate,strong,True,manual review of upgraded primary-source evidence before any future core-pool action,杭州士兰微电子股份有限公司2025 年半年度报告 10 / 171 机厂商在变频空调等白电整机上使用了超过 1.23 亿颗士兰 IPM 模块。公司已连续增加对 12 吋线 模拟电路、IGBT 等功率器件芯片产能的投入、增加对 IPM 功率模块封装测试生产线产能的投入， 预计今后士兰 IPM 模块的出货量还将保持较快增长。持续优化器件性能、提高功率密度、降低成 本、高压 1200V 的 IPM 模块、SiC 器件和 GaN 器件的应用、拓展汽车用市场是士兰 IPM 模块今后 发展的主要方向。 2025 年上半年，公司,"杭州士兰微电子股份有限公司2025 年半年度报告 14 / 171 2、行业竞争格局 半导体行业是继石油之后，全球贸易额第二大的行业（中国已是全球最大的半导体消费市场， 芯片年进口额已超过 2 万亿元人民币）。据海关总署公布的 2024 年进出口主要商品数据，我国货 物贸易进口总值达 2.59 万亿美元。其中，集成电路进口总金额为 3,856 亿美元，占比达 14.90%， 持续成为我国第一大进口商品。 半导体行业高度依赖全球供应链，没有一个国家可以完全让芯片供应链自主化。半导体行业 的发展与人类社会息息相关，无论",evidence=45; page_citations=18; sources=3; domain=strong; role=moderate; bottleneck=strong,,,False,False,False,计算机、通信和其他电子设备制造业,半导体 / 功率器件/IGBT/SiC/GaN / bottleneck / latent_core_equivalent_quality_pool,sufficient,core,latent_primary_source_backfill_batch1_rerun_v2,Tier B,88,61
600499,科达制造,v5_hydrated,false_negative_rescue_core_equivalent_quality_pool,pending_manual_approval,pending_review,50,22,3,True,strong,moderate,core_hard_tech_evidence_supported,strong,not_detected_in_existing_artifacts,moderate,strong,True,manual review of upgraded primary-source evidence before any future core-pool action,科达制造股份有限公司2025 年半年度报告 12 / 214 报告期内公司新增重要非主营业务的说明 □适用 √不适用 二、 经营情况的讨论与分析 2025 年上半年，在贸易摩擦升级、政策分化加剧及地缘冲突持续的复杂全球环境 中，科达制造深入贯彻全球化战略，持续推进海外建材业务的产能建设与市场拓展， 优化区域布局；同时完善陶瓷机械业务的全球化布局与本土化运营体系，以产品迭代 和服务创新推动可持续发展。公司整体业绩稳中求进，展现出强大的韧性和发展潜力。 报告期内，公司实现营业收入 81.88 亿元，同比增长 49.04,科达制造股份有限公司2025 年半年度报告 12 / 214 报告期内公司新增重要非主营业务的说明 □适用 √不适用 二、 经营情况的讨论与分析 2025 年上半年，在贸易摩擦升级、政策分化加剧及地缘冲突持续的复杂全球环境 中，科达制造深入贯彻全球化战略，持续推进海外建材业务的产能建设与市场拓展， 优化区域布局；同时完善陶瓷机械业务的全球化布局与本土化运营体系，以产品迭代 和服务创新推动可持续发展。公司整体业绩稳中求进，展现出强大的韧性和发展潜力。 报告期内，公司实现营业收入 81.88 亿元，同比增长 49.04,evidence=50; page_citations=22; sources=3; domain=strong; role=moderate; bottleneck=strong,,,False,False,False,专用设备制造业,高端制造装备 / 专用设备宽口径 / concept_only / false_negative_rescue_core_equivalent_quality_pool,strong,core,false_negative_rescue_backfilled,Excluded,81,65
600523,贵航股份,v5_hydrated,latent_standard_core_equivalent_quality_pool,pending_manual_approval,pending_review,42,17,3,True,strong,moderate,core_hard_tech_evidence_supported,strong,not_detected_in_existing_artifacts,moderate,strong,True,manual review of upgraded primary-source evidence before any future core-pool action,贵州贵航汽车零部件股份有限公司2025 年年度报告 10 / 176 三、经营情况讨论与分析 2025 年是“十四五”收官、谋划“十五五”的关键之年，在公司党委、董事会的领导下，公 司克服行业市场内卷带来的竞争压力，保持了经营稳中有进的态势。公司全年实现营业收入 25.23 亿元，同比增长 6.00%，利润总额 2.04 亿元，同比增长 3.66%，研发投入 1.70 亿元，同比增长 8.90%；净资产收益率 6.14%，同比增长 0.22 个百分点。2025 年重点工作开展情况如下： （一）全面贯彻深化改革，优化,贵州贵航汽车零部件股份有限公司2025 年年度报告 10 / 176 三、经营情况讨论与分析 2025 年是“十四五”收官、谋划“十五五”的关键之年，在公司党委、董事会的领导下，公 司克服行业市场内卷带来的竞争压力，保持了经营稳中有进的态势。公司全年实现营业收入 25.23 亿元，同比增长 6.00%，利润总额 2.04 亿元，同比增长 3.66%，研发投入 1.70 亿元，同比增长 8.90%；净资产收益率 6.14%，同比增长 0.22 个百分点。2025 年重点工作开展情况如下： （一）全面贯彻深化改革，优化,evidence=42; page_citations=17; sources=3; domain=strong; role=moderate; bottleneck=strong,,,False,False,False,汽车制造业,能源与电力电子关键环节 / 电网/能源基础设施 / bottleneck / latent_standard_core_equivalent_quality_pool,sufficient,core,latent_standard_primary_source_backfilled,Tier B,87,60
600536,中国软件,v5_hydrated,latent_core_equivalent_quality_pool,pending_manual_approval,pending_review,48,19,3,True,strong,moderate,core_hard_tech_evidence_supported,strong,not_detected_in_existing_artifacts,moderate,strong,True,manual review of upgraded primary-source evidence before any future core-pool action,中国软件与技术服务股份有限公司 2025 年半年度报告 10 / 184 率，保障业务的稳定性和可持续性，加快推动与自主计算体系生态的适配和融合。电力领域，持 续巩固和优化电网业务；加大发电侧智慧电厂及相关业务拓展，实现发电侧集成与软件业务突破； 加大在储能、清洁能源等领域的探索，寻求新的业务增长点。金融领域，深化与监管机构的合作， 在金融机构端持续发力，研发新一代统一监管报送平台，构建智慧监管体系。 报告期内公司经营情况的重大变化，以及报告期内发生的对公司经营情况有重大影响和预计未来 会有重大影响的事项 □适用,中国软件与技术服务股份有限公司 2025 年半年度报告 10 / 184 率，保障业务的稳定性和可持续性，加快推动与自主计算体系生态的适配和融合。电力领域，持 续巩固和优化电网业务；加大发电侧智慧电厂及相关业务拓展，实现发电侧集成与软件业务突破； 加大在储能、清洁能源等领域的探索，寻求新的业务增长点。金融领域，深化与监管机构的合作， 在金融机构端持续发力，研发新一代统一监管报送平台，构建智慧监管体系。 报告期内公司经营情况的重大变化，以及报告期内发生的对公司经营情况有重大影响和预计未来 会有重大影响的事项 □适用,evidence=48; page_citations=19; sources=3; domain=strong; role=moderate; bottleneck=strong,,,False,False,False,软件和信息技术服务业,工业软件与基础软件 / 基础软件/工业软件 / bottleneck / latent_core_equivalent_quality_pool,sufficient,core,latent_primary_source_backfill_batch1_rerun_v2,Tier B,88,63
600545,卓郎智能,v5_hydrated,false_negative_rescue_core_equivalent_quality_pool,pending_manual_approval,pending_review,60,24,3,True,strong,moderate,core_hard_tech_evidence_supported,strong,not_detected_in_existing_artifacts,moderate,strong,True,manual review of upgraded primary-source evidence before any future core-pool action,"卓郎智能技术股份有限公司2025 年半年度报告 10 / 138 单位：千元人民币 收入分地区 2025 年 1-6 月 2024 年 1-6 月 变动比例 占比 中国 669,701 628,829 6.5% 40.2% 印度 175,915 240,644 -26.9% 10.6% 土耳其 107,998 226,948 -52.4% 6.5% 其他亚洲地区 367,352 332,888 10.4% 22.1% 美洲 248,717 221,104 12.5% 14.9% 欧洲、非洲及其他 95,604 12","卓郎智能技术股份有限公司2025 年半年度报告 10 / 138 单位：千元人民币 收入分地区 2025 年 1-6 月 2024 年 1-6 月 变动比例 占比 中国 669,701 628,829 6.5% 40.2% 印度 175,915 240,644 -26.9% 10.6% 土耳其 107,998 226,948 -52.4% 6.5% 其他亚洲地区 367,352 332,888 10.4% 22.1% 美洲 248,717 221,104 12.5% 14.9% 欧洲、非洲及其他 95,604 12",evidence=60; page_citations=24; sources=3; domain=strong; role=moderate; bottleneck=strong,,,False,False,False,专用设备制造业,高端制造装备 / 专用设备宽口径 / concept_only / false_negative_rescue_core_equivalent_quality_pool,strong,core,false_negative_rescue_backfilled,Excluded,82,69
600552,凯盛科技,v5_hydrated,data_gap_core_equivalent_quality_pool,pending_manual_approval,pending_review,54,21,3,True,strong,moderate,core_hard_tech_evidence_supported,strong,not_detected_in_existing_artifacts,moderate,strong,True,manual review of upgraded primary-source evidence before any future core-pool action,第 10 页 共 124 页 3.加快推进管理穿透，两端发力压实责任 从制度保障和管理穿透两端发力，推动管理要求穿透至企业一线、落实到执行末 端。通过制度约束与过程管控的双向发力，切实提升管理效率。 报告期内公司经营情况的重大变化，以及报告期内发生的对公司经营情况有重大影响 和预计未来会有重大影响的事项 □适用 √不适用 二、报告期内核心竞争力分析 √适用 □不适用 围绕打造世界一流新型显示和应用材料科技型上市公司，公司坚持科技自立自强、 产业自立自强，聚焦高端化、量产化、国际化发展，显示材料实现技术和市场双引领，,第 10 页 共 124 页 3.加快推进管理穿透，两端发力压实责任 从制度保障和管理穿透两端发力，推动管理要求穿透至企业一线、落实到执行末 端。通过制度约束与过程管控的双向发力，切实提升管理效率。 报告期内公司经营情况的重大变化，以及报告期内发生的对公司经营情况有重大影响 和预计未来会有重大影响的事项 □适用 √不适用 二、报告期内核心竞争力分析 √适用 □不适用 围绕打造世界一流新型显示和应用材料科技型上市公司，公司坚持科技自立自强、 产业自立自强，聚焦高端化、量产化、国际化发展，显示材料实现技术和市场双引领，,evidence=54; page_citations=21; sources=3; domain=strong; role=moderate; bottleneck=strong,,,False,False,False,计算机、通信和其他电子设备制造业,工业软件与基础软件 / 基础软件/工业软件 / beneficiary / data_gap_core_equivalent_quality_pool,strong,core,doubler_data_gap_primary_source_backfilled,Tier B,81,66
600562,国睿科技,v5_hydrated,latent_core_equivalent_quality_pool,pending_manual_approval,pending_review,46,22,3,True,strong,moderate,core_hard_tech_evidence_supported,strong,not_detected_in_existing_artifacts,moderate,strong,True,manual review of upgraded primary-source evidence before any future core-pool action,国睿科技股份有限公司 2025 年半年度报告 13 / 168 (七) 公司控制的结构化主体情况 □适用 √不适用 五、其他披露事项 (一) 可能面对的风险 √适用 □不适用 1.国际形势变化风险 国际政治经济格局的不确定性，可能对公司国际化业务发展造成影响。公司将持续加强产品 技术创新，进一步提升国际化业务能力，通过自身核心能力提升化解国际形势变化因素影响，推 进国际市场持续拓展。 2.政策机遇把握不足风险 国家宏观调控政策、企业外部经济环境的变化，可能会影响公司运行、经济效益和战略目标 的实现。公司将着力增强战,国睿科技股份有限公司 2025 年半年度报告 13 / 168 (七) 公司控制的结构化主体情况 □适用 √不适用 五、其他披露事项 (一) 可能面对的风险 √适用 □不适用 1.国际形势变化风险 国际政治经济格局的不确定性，可能对公司国际化业务发展造成影响。公司将持续加强产品 技术创新，进一步提升国际化业务能力，通过自身核心能力提升化解国际形势变化因素影响，推 进国际市场持续拓展。 2.政策机遇把握不足风险 国家宏观调控政策、企业外部经济环境的变化，可能会影响公司运行、经济效益和战略目标 的实现。公司将着力增强战,evidence=46; page_citations=22; sources=3; domain=strong; role=moderate; bottleneck=strong,,,False,False,False,计算机、通信和其他电子设备制造业,航空航天与军工电子 / 航空航天/军工电子 / bottleneck / latent_core_equivalent_quality_pool,strong,core,latent_primary_source_backfill_batch1_rerun_v2,Tier B,88,65
600563,法拉电子,v5_hydrated,internal_quality_pool,pending_manual_approval,pending_review,55,24,3,True,strong,moderate,core_hard_tech_evidence_supported,strong,low,moderate,strong,True,manual review of upgraded primary-source evidence before any future core-pool action,厦门法拉电子股份有限公司2025 年半年度报告 10 / 107 风电、轨道交通、智能电网、家电、照明等领域。上市二十余年营业收入年复合增长率 14%，净 利润年复合增长率 16%。公司是国家高新技术企业、工信部“制造业单项冠军示范企业”，荣获 2024 年中国电子元器件骨干企业 TOP100、2024 年厦门市企业 100 强等称号，每年均是厦门市海 沧区纳税特大户。 2025 年上半年，面对严峻复杂的内外部形势，公司聚焦主业，积极开拓市场，坚持客户聚焦、 项目聚焦，加强与全球各领域特别是新能源市场中高端客户的合,厦门法拉电子股份有限公司2025 年半年度报告 10 / 107 风电、轨道交通、智能电网、家电、照明等领域。上市二十余年营业收入年复合增长率 14%，净 利润年复合增长率 16%。公司是国家高新技术企业、工信部“制造业单项冠军示范企业”，荣获 2024 年中国电子元器件骨干企业 TOP100、2024 年厦门市企业 100 强等称号，每年均是厦门市海 沧区纳税特大户。 2025 年上半年，面对严峻复杂的内外部形势，公司聚焦主业，积极开拓市场，坚持客户聚焦、 项目聚焦，加强与全球各领域特别是新能源市场中高端客户的合,evidence=55; page_citations=24; sources=3; domain=strong; role=moderate; bottleneck=strong,,,False,False,False,计算机、通信和其他电子设备制造业,能源与电力电子关键环节 / 电力电子/电网安全 / bottleneck / internal_quality_pool,strong,core,canonical_90_internal_manual_review,Tier A,89,68
600595,中孚实业,v5_hydrated,expansion_core_equivalent_quality_pool,pending_manual_approval,pending_review,50,25,3,True,strong,moderate,core_hard_tech_evidence_supported,strong,not_detected_in_existing_artifacts,moderate,strong,True,manual review of upgraded primary-source evidence before any future core-pool action,河南中孚实业股份有限公司2025 年半年度报告 10 / 168 报告期内公司经营情况的重大变化，以及报告期内发生的对公司经营情况有重大影响和预计未来 会有重大影响的事项 □适用 √不适用 三、报告期内核心竞争力分析 √适用 □不适用 （一）绿色、低碳、循环发展优势 1、铝板块绿色、低碳、循环发展优势 根据中国有色金属工业协会绿色产品评价中心相关信息，“绿电铝+再生铝”是中国铝工业绿色 低碳发展必由之路。 电解铝领域，公司已在水电资源丰富的四川省广元市构建“绿色水电铝”产业布局，实现能源 消费结构调整，其电解铝生产,河南中孚实业股份有限公司2025 年半年度报告 10 / 168 报告期内公司经营情况的重大变化，以及报告期内发生的对公司经营情况有重大影响和预计未来 会有重大影响的事项 □适用 √不适用 三、报告期内核心竞争力分析 √适用 □不适用 （一）绿色、低碳、循环发展优势 1、铝板块绿色、低碳、循环发展优势 根据中国有色金属工业协会绿色产品评价中心相关信息，“绿电铝+再生铝”是中国铝工业绿色 低碳发展必由之路。 电解铝领域，公司已在水电资源丰富的四川省广元市构建“绿色水电铝”产业布局，实现能源 消费结构调整，其电解铝生产,evidence=50; page_citations=25; sources=3; domain=strong; role=moderate; bottleneck=strong,,,False,False,False,有色金属冶炼和压延加工业,新材料 / 高端陶瓷/电子材料 / bottleneck / expansion_core_equivalent_quality_pool,strong,core,expansion_2025_doubler_discovered,Tier A,89,68
600601,方正科技,v5_hydrated,expansion_core_equivalent_quality_pool,pending_manual_approval,pending_review,53,22,3,True,strong,moderate,core_hard_tech_evidence_supported,strong,not_detected_in_existing_artifacts,moderate,strong,True,manual review of upgraded primary-source evidence before any future core-pool action,方正科技集团股份有限公司2025 年半年度报告 10 / 157 公司持续推进制造环节智能化升级，挖掘生产过程数据价值，推动管理体系向合理化、精细 化转型。通过持续优化企业资源计划系统（ERP）、高级计划排程系统（APS）、制造执行系统（MES）、 质量管理系统（QMS）、仓储管理系统（WMS）、设备管理系统（EM）及设备自动化平台（EAP）等 智能制造系统，显著提升了生产过程的可视化与管理效率。同时，公司在规划区域内全面实现物 流连线自动化，显著提升搬运效率与产品良率，并借助数据分析平台提升管理决策效率，有效增,方正科技集团股份有限公司2025 年半年度报告 10 / 157 公司持续推进制造环节智能化升级，挖掘生产过程数据价值，推动管理体系向合理化、精细 化转型。通过持续优化企业资源计划系统（ERP）、高级计划排程系统（APS）、制造执行系统（MES）、 质量管理系统（QMS）、仓储管理系统（WMS）、设备管理系统（EM）及设备自动化平台（EAP）等 智能制造系统，显著提升了生产过程的可视化与管理效率。同时，公司在规划区域内全面实现物 流连线自动化，显著提升搬运效率与产品良率，并借助数据分析平台提升管理决策效率，有效增,evidence=53; page_citations=22; sources=3; domain=strong; role=moderate; bottleneck=strong,,,False,False,False,计算机、通信和其他电子设备制造业,新材料 / AI服务器PCB/HBM材料 / bottleneck / expansion_core_equivalent_quality_pool,strong,core,expansion_2025_doubler_discovered,Tier B,88,66
600673,东阳光,v5_hydrated,expansion_core_equivalent_quality_pool,pending_manual_approval,pending_review,51,23,3,True,strong,moderate,core_hard_tech_evidence_supported,strong,not_detected_in_existing_artifacts,moderate,strong,True,manual review of upgraded primary-source evidence before any future core-pool action,广东东阳光科技控股股份有限公司2025 年半年度报告 10 / 208 公司是国内少数同时掌握磷酸铁锂、三元材料、磷酸铁、三元前驱体量产技术和能力的企业 之一，能够快速、准确调控关键指标，新产品开发速度优于主要竞争者。在磷酸铁锂领域，公司 已掌握核心技术，形成产能规模，稳定供应下游客户，并批量出口海外市场，公司与瑞普兰钧、 南都电源、珠海鹏辉等建立了良好合作关系。 为完善锂电新能源产业链布局，公司与广汽集团、遵义市政府达成战略合作意向，推进锂资 源相关产业发展。 （5）液冷科技 2025 年，算力市场需求的激增，公,广东东阳光科技控股股份有限公司2025 年半年度报告 10 / 208 公司是国内少数同时掌握磷酸铁锂、三元材料、磷酸铁、三元前驱体量产技术和能力的企业 之一，能够快速、准确调控关键指标，新产品开发速度优于主要竞争者。在磷酸铁锂领域，公司 已掌握核心技术，形成产能规模，稳定供应下游客户，并批量出口海外市场，公司与瑞普兰钧、 南都电源、珠海鹏辉等建立了良好合作关系。 为完善锂电新能源产业链布局，公司与广汽集团、遵义市政府达成战略合作意向，推进锂资 源相关产业发展。 （5）液冷科技 2025 年，算力市场需求的激增，公,evidence=51; page_citations=23; sources=3; domain=strong; role=moderate; bottleneck=strong,,,False,False,False,综合,新材料 / AI服务器PCB/HBM材料 / bottleneck / expansion_core_equivalent_quality_pool,strong,core,expansion_2025_doubler_discovered,Tier B,88,66
600845,宝信软件,v5_hydrated,latent_core_equivalent_quality_pool,pending_manual_approval,pending_review,38,17,3,True,strong,moderate,core_hard_tech_evidence_supported,strong,not_detected_in_existing_artifacts,moderate,strong,True,manual review of upgraded primary-source evidence before any future core-pool action,上海宝信软件股份有限公司2025 年半年度报告 10 / 180 补冶金流程行业空白，支撑智慧制造与产业生态圈建设。致力于打造全栈国产化控制系统，促进 国内工业生态体系的完善，实现自主可控的国产工业自动化。 2、持续的技术创新能力。公司作为国家规划布局内重点软件企业、国家级企业技术中心，坚 持打造数智技术“策源地”，铸造创新引擎。在以工业互联网、大数据、人工智能、工业数字化 底座、算力中心、机器人为基础的工业软件相关等领域不断突破，结合行业应用，丰富业务内涵， 深耕应用场景，形成研发与应用紧密结合的能力，展现产品、,上海宝信软件股份有限公司2025 年半年度报告 10 / 180 补冶金流程行业空白，支撑智慧制造与产业生态圈建设。致力于打造全栈国产化控制系统，促进 国内工业生态体系的完善，实现自主可控的国产工业自动化。 2、持续的技术创新能力。公司作为国家规划布局内重点软件企业、国家级企业技术中心，坚 持打造数智技术“策源地”，铸造创新引擎。在以工业互联网、大数据、人工智能、工业数字化 底座、算力中心、机器人为基础的工业软件相关等领域不断突破，结合行业应用，丰富业务内涵， 深耕应用场景，形成研发与应用紧密结合的能力，展现产品、,evidence=38; page_citations=17; sources=3; domain=strong; role=moderate; bottleneck=strong,,,False,False,False,软件和信息技术服务业,工业软件与基础软件 / 基础软件/工业软件 / bottleneck / latent_core_equivalent_quality_pool,sufficient,core,latent_primary_source_backfill_batch1_rerun_v2,Tier B,87,59
600855,航天长峰,v5_hydrated,internal_quality_pool,pending_manual_approval,pending_review,60,23,3,True,strong,moderate,core_hard_tech_evidence_supported,strong,low,moderate,strong,True,manual review of upgraded primary-source evidence before any future core-pool action,北京航天长峰股份有限公司2025 年半年度报告 13 / 164 (七) 公司控制的结构化主体情况 □适用√不适用 五、其他披露事项 (一) 可能面对的风险 √适用□不适用 1.市场竞争风险 当前市场竞争加剧，政府投资类项目数量及规模同步下降，系统集成类市场持续萎缩。公司营销方式和保障机制等方面需要进一步 与市场接轨，减轻市场竞争对经济效益和持续发展的不利影响。 应对措施：公司一是辨识政策机会，锚定细分市场方向，及时调整公司的发展战略和经营策略，寻找新的业务增长点和发展机遇；二是持续完善市 场化资源配置协同机制，实,北京航天长峰股份有限公司2025 年半年度报告 13 / 164 (七) 公司控制的结构化主体情况 □适用√不适用 五、其他披露事项 (一) 可能面对的风险 √适用□不适用 1.市场竞争风险 当前市场竞争加剧，政府投资类项目数量及规模同步下降，系统集成类市场持续萎缩。公司营销方式和保障机制等方面需要进一步 与市场接轨，减轻市场竞争对经济效益和持续发展的不利影响。 应对措施：公司一是辨识政策机会，锚定细分市场方向，及时调整公司的发展战略和经营策略，寻找新的业务增长点和发展机遇；二是持续完善市 场化资源配置协同机制，实,evidence=60; page_citations=23; sources=3; domain=strong; role=moderate; bottleneck=strong,,,False,False,False,专用设备制造业,半导体 / 高端传感器 / chokepoint / internal_quality_pool,strong,core,canonical_90_internal_manual_review,Tier A,88,68
600884,杉杉股份,v5_hydrated,latent_standard_core_equivalent_quality_pool,pending_manual_approval,pending_review,45,19,3,True,strong,moderate,core_hard_tech_evidence_supported,strong,not_detected_in_existing_artifacts,moderate,strong,True,manual review of upgraded primary-source evidence before any future core-pool action,"宁波杉杉股份有限公司2025 年半年度报告 14 全球领先的市场份额得到持续巩固；同时，通过推进产品高端化战略、迭代产品矩阵以及实施降 本增效举措，积极应对行业波动带来的盈利下滑压力。 2025 上半年公司实现营业收入 985,848.43 万元，同比增长 11.78%，实现归属于上市公司股 东的净利润 20,730.82 万元，同比增长 1,079.59%；实现归属于上市公司股东的扣除非经常性损 益的净利润 16,859.89 万元，同比增长 605.24%，公司业绩的主要影响因素为： （1）公司负极材料业务实现","宁波杉杉股份有限公司2025 年半年度报告 14 全球领先的市场份额得到持续巩固；同时，通过推进产品高端化战略、迭代产品矩阵以及实施降 本增效举措，积极应对行业波动带来的盈利下滑压力。 2025 上半年公司实现营业收入 985,848.43 万元，同比增长 11.78%，实现归属于上市公司股 东的净利润 20,730.82 万元，同比增长 1,079.59%；实现归属于上市公司股东的扣除非经常性损 益的净利润 16,859.89 万元，同比增长 605.24%，公司业绩的主要影响因素为： （1）公司负极材料业务实现",evidence=45; page_citations=19; sources=3; domain=strong; role=moderate; bottleneck=strong,,,False,False,False,计算机、通信和其他电子设备制造业,能源与电力电子关键环节 / 电网/能源基础设施 / bottleneck / latent_standard_core_equivalent_quality_pool,sufficient,core,latent_standard_primary_source_backfilled,Tier A,88,62
601231,环旭电子,v5_hydrated,latent_core_equivalent_quality_pool,pending_manual_approval,pending_review,24,14,3,True,strong,moderate,core_hard_tech_evidence_supported,strong,not_detected_in_existing_artifacts,moderate,strong,True,manual review of upgraded primary-source evidence before any future core-pool action,环旭电子股份有限公司2025 年半年度报告 11 / 183 （1）无线通讯类产品 在无线通讯领域，公司拥有实力雄厚的设计、制造团队，与全球领先的无线通讯芯片厂商紧 密合作，为客户提供行业领先的无线通讯模组与企业级无线互联产品之设计、验证、制造及测试 服务。从产品概念、原型设计、测试验证到量产阶段，研发团队和产品研发管理系统为客户提供 合适的研发时程和可靠的品质保障，满足客户需求，实现产品快速上市，提升客户的竞争优势。 无线通讯产品主要包括无线通讯系统级封装模组(SiP)、系统级物联网模块及无线路由器等。 （2）消,环旭电子股份有限公司2025 年半年度报告 11 / 183 （1）无线通讯类产品 在无线通讯领域，公司拥有实力雄厚的设计、制造团队，与全球领先的无线通讯芯片厂商紧 密合作，为客户提供行业领先的无线通讯模组与企业级无线互联产品之设计、验证、制造及测试 服务。从产品概念、原型设计、测试验证到量产阶段，研发团队和产品研发管理系统为客户提供 合适的研发时程和可靠的品质保障，满足客户需求，实现产品快速上市，提升客户的竞争优势。 无线通讯产品主要包括无线通讯系统级封装模组(SiP)、系统级物联网模块及无线路由器等。 （2）消,evidence=24; page_citations=14; sources=3; domain=strong; role=moderate; bottleneck=strong,,,False,False,False,计算机、通信和其他电子设备制造业,光电与通信 / 光互联/光芯片 / bottleneck / latent_core_equivalent_quality_pool,sufficient,core,latent_primary_source_backfill_batch1_rerun_v2,Tier B,87,54
601609,金田股份,v5_hydrated,data_gap_core_equivalent_quality_pool,pending_manual_approval,pending_review,57,22,3,True,strong,moderate,core_hard_tech_evidence_supported,strong,not_detected_in_existing_artifacts,moderate,strong,True,manual review of upgraded primary-source evidence before any future core-pool action,宁波金田铜业（集团）股份有限公司2025 年半年度报告 11 / 192 公司是全球领先的铜及铜合金材料制造企业，专注铜加工 39 年，是国内规模最大且产业链最 完整的企业之一。2021-2024 年，公司铜材产量年复合增长率为 8%，2024 年，公司实现铜及铜合 金材料总产量 191.62 万吨，铜材总产量已位居全球第一。2025 年上半年，公司实现铜及铜合金 材料总产量 91.98 万吨，持续保持行业龙头地位。公司铜产品种类丰富，能够满足客户对棒、管、 板带和线材等多类别铜材产品一站式采购需求。公司铜产品已广,宁波金田铜业（集团）股份有限公司2025 年半年度报告 11 / 192 公司是全球领先的铜及铜合金材料制造企业，专注铜加工 39 年，是国内规模最大且产业链最 完整的企业之一。2021-2024 年，公司铜材产量年复合增长率为 8%，2024 年，公司实现铜及铜合 金材料总产量 191.62 万吨，铜材总产量已位居全球第一。2025 年上半年，公司实现铜及铜合金 材料总产量 91.98 万吨，持续保持行业龙头地位。公司铜产品种类丰富，能够满足客户对棒、管、 板带和线材等多类别铜材产品一站式采购需求。公司铜产品已广,evidence=57; page_citations=22; sources=3; domain=strong; role=moderate; bottleneck=strong,,,False,False,False,有色金属冶炼和压延加工业,新材料 / AI服务器PCB/HBM材料 / beneficiary / data_gap_core_equivalent_quality_pool,strong,core,doubler_data_gap_primary_source_backfilled,Tier B,81,67
601689,拓普集团,v5_hydrated,internal_quality_pool,pending_manual_approval,pending_review,68,25,3,True,strong,moderate,core_hard_tech_evidence_supported,strong,low,moderate,strong,True,manual review of upgraded primary-source evidence before any future core-pool action,宁波拓普集团股份有限公司2025 年半年度报告 10 / 211 报告期内，公司继续加大研发投入，增加资源配置，以保持研发领先优势，报告期研发费用 达到 7.05 亿元。通过持续研发投入，公司空气悬架系统、智能座舱项目、线控制动 IBS、线控转 向 EPS、电驱系统等项目相继量产，且产品线仍在不断增加。 内饰系统领域，全新研发的高端材料已持续实现市场落地，其中高仿皮质顶棚则已应用于新 款赛力斯 M9 车型，新型材料门内饰板已成功获得 LUCID 等新能源车企的订单，产品竞争力持 续凸显。 球铰作为底盘悬架系统中技术,宁波拓普集团股份有限公司2025 年半年度报告 10 / 211 报告期内，公司继续加大研发投入，增加资源配置，以保持研发领先优势，报告期研发费用 达到 7.05 亿元。通过持续研发投入，公司空气悬架系统、智能座舱项目、线控制动 IBS、线控转 向 EPS、电驱系统等项目相继量产，且产品线仍在不断增加。 内饰系统领域，全新研发的高端材料已持续实现市场落地，其中高仿皮质顶棚则已应用于新 款赛力斯 M9 车型，新型材料门内饰板已成功获得 LUCID 等新能源车企的订单，产品竞争力持 续凸显。 球铰作为底盘悬架系统中技术,evidence=68; page_citations=25; sources=3; domain=strong; role=moderate; bottleneck=strong,,,False,False,False,汽车制造业,其他战略性关键环节 / 国产替代/供应链约束 / bottleneck / internal_quality_pool,strong,core,canonical_90_internal_manual_review,Tier A,89,72
601877,正泰电器,v5_hydrated,internal_quality_pool,pending_manual_approval,pending_review,57,25,3,True,strong,moderate,core_hard_tech_evidence_supported,strong,low,moderate,strong,True,manual review of upgraded primary-source evidence before any future core-pool action,浙江正泰电器股份有限公司2025 年半年度报告 11 / 251 《全球光伏市场展望 2025-2029》也预测表示，未来几年内全球新增光伏装机量将依然会持续增 长。 而国内外光伏能源市场旺盛增量需求的持续释放，将为公司光伏新能源相关业务未来全球化 扩张提供坚实的市场基础。 （二）公司从事的业务情况 公司主要从事配电电器、终端电器、控制电器、电源电器、电子电器、建筑电器和仪器仪表、 自动化控制系统的研发、生产和销售；以及光伏电站开发、建设、运营、运维，EPC 工程总包， 和 BIPV、户用光伏的开发和建设；以及逆变,浙江正泰电器股份有限公司2025 年半年度报告 11 / 251 《全球光伏市场展望 2025-2029》也预测表示，未来几年内全球新增光伏装机量将依然会持续增 长。 而国内外光伏能源市场旺盛增量需求的持续释放，将为公司光伏新能源相关业务未来全球化 扩张提供坚实的市场基础。 （二）公司从事的业务情况 公司主要从事配电电器、终端电器、控制电器、电源电器、电子电器、建筑电器和仪器仪表、 自动化控制系统的研发、生产和销售；以及光伏电站开发、建设、运营、运维，EPC 工程总包， 和 BIPV、户用光伏的开发和建设；以及逆变,evidence=57; page_citations=25; sources=3; domain=strong; role=moderate; bottleneck=strong,,,False,False,False,电气机械和器材制造业,其他战略性关键环节 / 国产替代/供应链约束 / bottleneck / internal_quality_pool,strong,core,canonical_90_internal_manual_review,Tier A,89,69
603032,德新科技,v5_hydrated,false_negative_rescue_core_equivalent_quality_pool,pending_manual_approval,pending_review,55,21,3,True,strong,moderate,core_hard_tech_evidence_supported,strong,not_detected_in_existing_artifacts,moderate,strong,True,manual review of upgraded primary-source evidence before any future core-pool action,德力西新能源科技股份有限公司2025 年半年度报告 10 / 184 交通运输业指国民经济中专门从事运送货物和旅客的社会生产部门，现代交通运输方式主要 包括道路运输、铁路运输、水路运输、航空运输、管道运输等运输方式。道路运输，是一种在道 路上进行运输活动、实现“门到门”直达的陆上运输方式。目前，我国已经形成了公路、铁路、 水路、航空、管道运输并存的立体综合交通运输体系，并且五种交通运输方式既相互补充，又相 互竞争。 由于新疆独特的地理及自然条件以及在国家“一带一路”发展战略的重要布局，自治区交通 基础设施投资规模仍,德力西新能源科技股份有限公司2025 年半年度报告 10 / 184 交通运输业指国民经济中专门从事运送货物和旅客的社会生产部门，现代交通运输方式主要 包括道路运输、铁路运输、水路运输、航空运输、管道运输等运输方式。道路运输，是一种在道 路上进行运输活动、实现“门到门”直达的陆上运输方式。目前，我国已经形成了公路、铁路、 水路、航空、管道运输并存的立体综合交通运输体系，并且五种交通运输方式既相互补充，又相 互竞争。 由于新疆独特的地理及自然条件以及在国家“一带一路”发展战略的重要布局，自治区交通 基础设施投资规模仍,evidence=55; page_citations=21; sources=3; domain=strong; role=moderate; bottleneck=strong,,,False,False,False,专用设备制造业,高端制造装备 / 专用设备宽口径 / concept_only / false_negative_rescue_core_equivalent_quality_pool,strong,core,false_negative_rescue_backfilled,Excluded,81,66
603052,可川科技,v5_hydrated,data_gap_core_equivalent_quality_pool,pending_manual_approval,pending_review,82,28,3,True,strong,moderate,core_hard_tech_evidence_supported,strong,not_detected_in_existing_artifacts,moderate,strong,True,manual review of upgraded primary-source evidence before any future core-pool action,苏州可川电子科技股份有限公司2025 年半年度报告 10 / 162 公司主营业务为功能性器件的设计、研发、生产和销售，主要产品按照应用领域可分为电池 类功能性器件、结构类功能性器件和光学类功能性器件三大类。 公司经过多年的技术研发及生产经验积累，具备了设计并生产高精度、大批量、高品控的功 能性器件的能力，公司与客户合作关系稳定，在业内树立了良好的口碑及企业形象。 公司拥有优质稳定的客户资源，直接客户包括 ATL、LG 化学、三星视界、联宝电子、春秋电 子、宁德时代、瑞浦兰钧、中创新航、力神电池、蓝思科技、豪威科技,苏州可川电子科技股份有限公司2025 年半年度报告 11 / 162 （一）积极开拓产品应用领域 公司始终秉持“以技术和服务绑定客户”的宗旨，以客户服务作为立足根本，在此基础之上 深度挖掘客户需求，通过新产品开发、材料复合、模具设计、生产工艺改进等多维度的技术创新， 不断开拓产品应用领域，丰富产品线。 新产品方面，公司以 CMOS 芯片保护膜产品为支点，大力拓展半导体领域客户群，成功通过多 家客户的产品测试验证并逐步实现量产，初步形成了以 CMOS 保护膜、硅基 OLED 保护膜为代表的 半导体功能性器件产品矩阵。,evidence=82; page_citations=28; sources=3; domain=strong; role=moderate; bottleneck=strong,,,False,False,False,计算机、通信和其他电子设备制造业,光电与通信 / 光互联/光芯片 / beneficiary / data_gap_core_equivalent_quality_pool,strong,core,doubler_data_gap_primary_source_backfilled,Tier B,82,76
603061,金海通,v5_hydrated,false_negative_rescue_core_equivalent_quality_pool,pending_manual_approval,pending_review,76,32,3,True,strong,moderate,core_hard_tech_evidence_supported,strong,not_detected_in_existing_artifacts,moderate,strong,True,manual review of upgraded primary-source evidence before any future core-pool action,天津金海通半导体设备股份有限公司2025 年半年度报告 10 / 180 未来，集成电路产业将继续向更具精细化的模式发展。随着集成电路产业进一步精细化分工， 为确保产品质量、生产效率和生产稳定性，半导体测试设备企业需要与集成电路设计企业、晶圆 制造企业、封装测试企业经过长时间的协作、磨合，提供符合客户使用习惯和生产标准的定制化 测试方案开发，产业链协同效应将构筑行业新壁垒。同时，测试任务的复杂性对分选机设备提出 更高要求，测试分选机设备将呈现高效率、高稳定性、柔性化及多功能的发展趋势。 3、公司主营业务情况 自成立,天津金海通半导体设备股份有限公司2025 年半年度报告 11 / 180 二、经营情况的讨论与分析 公司自设立以来，一直致力于为全球集成电路行业提供国际先进水平的集成电路测试分选机。 通过持续的自主研发及长期的技术积淀和工艺传承，公司持续对产品进行迭代升级和拓展，并先 后推出了 EXCEED-6000、EXCEED-8000、EXCEED-9000、SUMMIT、COLLIE 等不同系列的测 试分选机，能够满足消费电子、人工智能、汽车电子、新能源、5G 等终端领域中不断变化的集成 电路测试分选需求。公司客户群体涵盖,evidence=76; page_citations=32; sources=3; domain=strong; role=moderate; bottleneck=strong,,,False,False,False,专用设备制造业,高端制造装备 / 专用设备宽口径 / concept_only / false_negative_rescue_core_equivalent_quality_pool,strong,core,false_negative_rescue_backfilled,Excluded,83,78
603078,江化微,v5_hydrated,internal_quality_pool,pending_manual_approval,pending_review,72,31,3,True,strong,moderate,core_hard_tech_evidence_supported,strong,low,moderate,strong,True,manual review of upgraded primary-source evidence before any future core-pool action,江阴江化微电子材料股份有限公司2025 年半年度报告 11 / 146 产品类别 产品名称 主要用途 钛蚀刻剂 金属钛层蚀刻剂 铜蚀刻液 金属铜层蚀刻剂 氢氧化钠 碱性清洗及腐蚀剂氢氧化钾 清洗剂 硅片、玻璃基板表面清洗剂 甲醇 有机溶剂清洗剂、脱水剂无水乙醇 异丙醇 乙二醇 有机溶剂清洗剂、活性剂 丙酮 有机溶剂清洗剂、脱水剂、显影剂 N-甲基吡咯烷酮（NMP） 有机溶剂丙二醇甲醚醋酸酯 正胶显影液 正性光刻胶曝光后显影剂 负胶显影液 负性光刻胶曝光后显影剂 负胶漂洗液 负性光刻胶的曝光显影后的漂洗剂 负胶显影漂,江阴江化微电子材料股份有限公司2025 年半年度报告 12 / 146 公司产品主要分纯化类产品和混配类产品，所对应的生产工艺主要是纯化工艺和混配工艺。 纯化工艺主要通过预处理、过滤、高效连续精馏或离子交换纯化技术工艺将产品质量提升到超净 高纯的等级。为了保证公司产品质量，在每一步工艺流程后都会对公司产品进行质量检测分析。 而混配工艺是将纯化产品按照客户工艺流程和工艺环节的特定要求，通过精密混配技术，实现产 品功能性需求的关键工艺。 公司部分产品实现了回收再生利用，将客户使用后的化学品通过具有资质且具备相关技术的,evidence=72; page_citations=31; sources=3; domain=strong; role=moderate; bottleneck=strong,,,False,False,False,化学原料和化学制品制造业,半导体 / 半导体材料 / chokepoint / internal_quality_pool,strong,core,canonical_90_internal_manual_review,Tier A,90,77
603138,海量数据,v5_hydrated,latent_core_equivalent_quality_pool,pending_manual_approval,pending_review,47,21,3,True,strong,moderate,core_hard_tech_evidence_supported,strong,not_detected_in_existing_artifacts,moderate,strong,True,manual review of upgraded primary-source evidence before any future core-pool action,北京海量数据技术股份有限公司2025 年半年度报告 10 / 173 二、经营情况的讨论与分析 海量数据作为首家主板上市的国产数据库基础软件厂商，秉承“专注做好数据库”的发展理 念，锚定高质量发展路线，聚焦于国产数据库产品的研发、销售和服务，核心产品海量数据库 Vastbase 符合新质生产力高科技、高效能、高质量的特征。近年来国家聚焦于重大战略实施和重 点领域安全能力建设（以下简称“两重”），着力培育新动能新优势，推动高质量发展行稳致远； 与此同时，数据库产品的党政国产化替代向政务外网“拓宽”，以及向区县级基层市,北京海量数据技术股份有限公司2025 年半年度报告 10 / 173 二、经营情况的讨论与分析 海量数据作为首家主板上市的国产数据库基础软件厂商，秉承“专注做好数据库”的发展理 念，锚定高质量发展路线，聚焦于国产数据库产品的研发、销售和服务，核心产品海量数据库 Vastbase 符合新质生产力高科技、高效能、高质量的特征。近年来国家聚焦于重大战略实施和重 点领域安全能力建设（以下简称“两重”），着力培育新动能新优势，推动高质量发展行稳致远； 与此同时，数据库产品的党政国产化替代向政务外网“拓宽”，以及向区县级基层市,evidence=47; page_citations=21; sources=3; domain=strong; role=moderate; bottleneck=strong,,,False,False,False,软件和信息技术服务业,工业软件与基础软件 / 基础软件/工业软件 / bottleneck / latent_core_equivalent_quality_pool,strong,core,latent_primary_source_backfill_batch1_rerun_v2,Tier B,88,64
603200,上海洗霸,v5_hydrated,internal_quality_pool,pending_manual_approval,pending_review,58,24,3,True,strong,moderate,core_hard_tech_evidence_supported,strong,low,moderate,strong,True,manual review of upgraded primary-source evidence before any future core-pool action,上海洗霸科技股份有限公司2025 年半年度报告 10 / 170 报告期内，为全面贯彻落实最新法律法规要求，公司积极推进《公司章程》及配套制度修订， 三会治理结构优化，其核心举措为取消监事会、完善董事会组成，由董事会审计委员会行使《公 司法》规定的监事会职权等。与此配套，公司梳理更新了涉及股东会运作、董事会运作、内部审 计、信息披露等二十余项内部治理制度，促进公司内部治理提升和合规发展。 下一阶段，公司将继续夯实水处理特种化学品、过程化学品、全自动智能控制在线加药保障 系统与水处理整体解决方案业务。在工业水处理领域,上海洗霸科技股份有限公司2025 年半年度报告 10 / 170 报告期内，为全面贯彻落实最新法律法规要求，公司积极推进《公司章程》及配套制度修订， 三会治理结构优化，其核心举措为取消监事会、完善董事会组成，由董事会审计委员会行使《公 司法》规定的监事会职权等。与此配套，公司梳理更新了涉及股东会运作、董事会运作、内部审 计、信息披露等二十余项内部治理制度，促进公司内部治理提升和合规发展。 下一阶段，公司将继续夯实水处理特种化学品、过程化学品、全自动智能控制在线加药保障 系统与水处理整体解决方案业务。在工业水处理领域,evidence=58; page_citations=24; sources=3; domain=strong; role=moderate; bottleneck=strong,,,False,False,False,生态保护和环境治理业,半导体 / 半导体设备 / chokepoint / internal_quality_pool,strong,core,canonical_90_internal_manual_review,Tier A,89,69
603203,快克智能,v5_hydrated,expansion_core_equivalent_quality_pool,pending_manual_approval,pending_review,50,22,3,True,strong,moderate,core_hard_tech_evidence_supported,strong,not_detected_in_existing_artifacts,moderate,strong,True,manual review of upgraded primary-source evidence before any future core-pool action,快克智能装备股份有限公司2025 年半年度报告 11/162 公司整体盈利能力与运营效率稳步提升。具体来看： (一) 精密焊接装联设备：AI 产业高景气带动焊接及相关设备需求增量 1、消费电子 AI 化浪潮驱动精密焊接需求升级 2025 年上半年，消费电子 AI 化进程显著加速，硬件终端智能化迭代节奏加快。据 Canalys 数据，2025 年全球 AI 手机渗透率预计达 34%；IDC 报告显示，全球可穿戴设备出货量同比增长 10.5%， 其中智能眼镜市场 AI 产品占比达 78%，Meta 相关产品市场份额居前,快克智能装备股份有限公司2025 年半年度报告 13/162 全球半导体封装设备市场在 AI 与新能源驱动下持续扩容。据 SEMI 最新预测报告，2025 年全 球封装设备销售额预计达 54 亿美元，同比增长 7.7%，连续三年保持增长。其中功率半导体封装 设备增长受多领域需求拉动显著，新能源汽车、储能等领域需求稳健增长，同时 AI 数据中心对高 效电源的需求提升，推动 600V SiC MOSFET 应用扩大，共同带动功率封装设备需求上扬。Yole 预 测 2025 年全球碳化硅器件市场规模将突破 100 亿美元,evidence=50; page_citations=22; sources=3; domain=strong; role=moderate; bottleneck=strong,,,False,False,False,专用设备制造业,其他战略性关键环节 / 国产替代/供应链约束 / bottleneck / expansion_core_equivalent_quality_pool,strong,core,expansion_2025_doubler_discovered,Tier B,88,65
603283,赛腾股份,v5_hydrated,latent_core_equivalent_quality_pool,pending_manual_approval,pending_review,58,19,3,True,strong,moderate,core_hard_tech_evidence_supported,strong,not_detected_in_existing_artifacts,moderate,strong,True,manual review of upgraded primary-source evidence before any future core-pool action,苏州赛腾精密电子股份有限公司 2025 年半年度报告 10 / 180 （二）、公司从事的业务情况 1、主要业务 作为一家深耕智能制造领域的高新技术企业，公司以专业解决方案为核心载体，聚焦智能制造装备的研发创 新、方案设计、精密生产、市场销售及全周期技术服务。凭借多年行业实践积淀，公司已构建成熟完备的工艺体 系，能够精准洞察并响应客户个性化生产需求，通过自主研发与定制化设计，将各类智能装备有机整合，形成系 列化智能制造系统解决方案，最终助力制造业客户实现生产过程智能化升级，有效提升生产效率与产品品质。 2、主要产品,苏州赛腾精密电子股份有限公司 2025 年半年度报告 10 / 180 （二）、公司从事的业务情况 1、主要业务 作为一家深耕智能制造领域的高新技术企业，公司以专业解决方案为核心载体，聚焦智能制造装备的研发创 新、方案设计、精密生产、市场销售及全周期技术服务。凭借多年行业实践积淀，公司已构建成熟完备的工艺体 系，能够精准洞察并响应客户个性化生产需求，通过自主研发与定制化设计，将各类智能装备有机整合，形成系 列化智能制造系统解决方案，最终助力制造业客户实现生产过程智能化升级，有效提升生产效率与产品品质。 2、主要产品,evidence=58; page_citations=19; sources=3; domain=strong; role=moderate; bottleneck=strong,,,False,False,False,专用设备制造业,半导体 / 半导体设备 / bottleneck / latent_core_equivalent_quality_pool,sufficient,core,latent_primary_source_backfill_batch1_rerun_v2,Tier B,88,65
603290,斯达半导,v5_hydrated,latent_core_equivalent_quality_pool,pending_manual_approval,pending_review,59,27,3,True,strong,moderate,core_hard_tech_evidence_supported,strong,not_detected_in_existing_artifacts,moderate,strong,True,manual review of upgraded primary-source evidence before any future core-pool action,斯达半导体股份有限公司2025 年半年度报告 10 / 168 1) 在新能源汽车行业 2025 年上半年，公司搭载自主第七代微沟槽 Trench Field Stop 技术的 750V/1200V 车规级 IGBT 模块持续放量，产品质量得到客户的高度认可。同时，基于第七代微沟槽 Trench Field Stop 技术的 Plus 版本芯片开始批量装车，已经在多个主流 800V 双电控平台实现批量交付，进一步提 高公司主电机控制用车规级 IGBT 模块的市场竞争力。 2025 年上半年，公司车规级 IGBT 模,斯达半导体股份有限公司2025 年半年度报告 10 / 168 1) 在新能源汽车行业 2025 年上半年，公司搭载自主第七代微沟槽 Trench Field Stop 技术的 750V/1200V 车规级 IGBT 模块持续放量，产品质量得到客户的高度认可。同时，基于第七代微沟槽 Trench Field Stop 技术的 Plus 版本芯片开始批量装车，已经在多个主流 800V 双电控平台实现批量交付，进一步提 高公司主电机控制用车规级 IGBT 模块的市场竞争力。 2025 年上半年，公司车规级 IGBT 模,evidence=59; page_citations=27; sources=3; domain=strong; role=moderate; bottleneck=strong,,,False,False,False,计算机、通信和其他电子设备制造业,半导体 / 功率器件/IGBT/SiC/GaN / bottleneck / latent_core_equivalent_quality_pool,strong,core,latent_primary_source_backfill_batch1_rerun_v2,Tier B,89,71
603308,应流股份,v5_hydrated,internal_quality_pool,pending_manual_approval,pending_review,65,24,3,True,strong,moderate,core_hard_tech_evidence_supported,strong,low,moderate,strong,True,manual review of upgraded primary-source evidence before any future core-pool action,"安徽应流机电股份有限公司2025 年半年度报告 12 / 151 雷达及配套设备制造；导航、测绘、气象及海洋专用仪器制造；工业机器人制造；工业机器人销 售；工业机器人安装、维修；智能机器人的研发；智能机器人销售；技术服务、技术开发、技术 咨询、技术交流、技术转让、技术推广。许可项目：民用航空器（发动机、螺旋桨）生产，现已 于 2025 年 6 月 26 日取得营业执照。 3）安徽通域航空科技有限公司出资设立全资子公司北京通域航空科技有限公司，注册资本 1,000 万元，公司经营范围：一般项目：技术服务、技术开发、技",安徽应流机电股份有限公司2025 年半年度报告 17 / 151 第五节 重要事项 一、承诺事项履行情况 (一) 公司实际控制人、股东、关联方、收购人以及公司等承诺相关方在报告期内或持续到报告期内的承诺事项 √适用 □不适用 承诺背景 承诺 类型 承诺方 承诺内容 承诺 时间 是否 有履 行期 限 承诺 期限 是否 及时 严格 履行 如未能及 时履行应 说明未完 成履行的 具体原因 如未能及 时履行应 说明下一 步计划 与首次公 开发行相 关的承诺 解决 同业 竞争 应流投 资、杜应 流 控股股东及实际控制人关于避,evidence=65; page_citations=24; sources=3; domain=strong; role=moderate; bottleneck=strong,,,False,False,False,通用设备制造业,其他战略性关键环节 / 国产替代/供应链约束 / bottleneck / internal_quality_pool,strong,core,canonical_90_internal_manual_review,Tier A,89,70
603311,金海高科,v5_hydrated,false_negative_rescue_core_equivalent_quality_pool,pending_manual_approval,pending_review,55,26,3,True,strong,moderate,core_hard_tech_evidence_supported,strong,not_detected_in_existing_artifacts,moderate,strong,True,manual review of upgraded primary-source evidence before any future core-pool action,浙江金海高科股份有限公司2025 年半年度报告 11 / 188 (3) 低碳循环经济兴起，带动滤材后市场蓬勃发展 全球变暖已成为本世纪人类面临的最大挑战之一，控制碳排放、实现节能减排是应对气候变 化的根本途径。我国积极践行绿色发展理念，全方位、全过程推行绿色规划、绿色设计、绿色投 资、绿色建设、绿色生产、绿色流通、绿色生活、绿色消费，努力使发展建立在高效利用资源、 严格保护生态环境、有效控制温室气体排放的基础上。通过统筹推进高质量发展和高水平保护， 建立健全绿色低碳循环发展的经济体系，确保实现碳达峰、碳中和目标，,浙江金海高科股份有限公司2025 年半年度报告 11 / 188 (3) 低碳循环经济兴起，带动滤材后市场蓬勃发展 全球变暖已成为本世纪人类面临的最大挑战之一，控制碳排放、实现节能减排是应对气候变 化的根本途径。我国积极践行绿色发展理念，全方位、全过程推行绿色规划、绿色设计、绿色投 资、绿色建设、绿色生产、绿色流通、绿色生活、绿色消费，努力使发展建立在高效利用资源、 严格保护生态环境、有效控制温室气体排放的基础上。通过统筹推进高质量发展和高水平保护， 建立健全绿色低碳循环发展的经济体系，确保实现碳达峰、碳中和目标，,evidence=55; page_citations=26; sources=3; domain=strong; role=moderate; bottleneck=strong,,,False,False,False,专用设备制造业,高端制造装备 / 专用设备宽口径 / concept_only / false_negative_rescue_core_equivalent_quality_pool,strong,core,false_negative_rescue_backfilled,Excluded,82,69
603383,顶点软件,v5_hydrated,latent_core_equivalent_quality_pool,pending_manual_approval,pending_review,38,18,3,True,strong,moderate,core_hard_tech_evidence_supported,strong,not_detected_in_existing_artifacts,moderate,strong,True,manual review of upgraded primary-source evidence before any future core-pool action,福建顶点软件股份有限公司2025 年半年度报告 10 / 144 衍生品、量化 T0 等多种业务场景，为券商内部不同业务线的多维财富账户提供全流程数字化 管理。 报告期内，公司持续加码香港市场运营平台的研发投入，重点完成国际运营平台的前后 台解耦设计升级，此外，公司积极拓展多元化市场应用场景，成功积累了一些具有示范意义 的标杆合作案例，为深化香港及周边市场布局奠定了坚实基础。 报告期内，公司打造机构智能化运营体系，为机构投资者量身打造了集线上业务办理与 综合运营于一体的专属平台，全面支持机构投资者一站式完成业务办理,福建顶点软件股份有限公司2025 年半年度报告 10 / 144 衍生品、量化 T0 等多种业务场景，为券商内部不同业务线的多维财富账户提供全流程数字化 管理。 报告期内，公司持续加码香港市场运营平台的研发投入，重点完成国际运营平台的前后 台解耦设计升级，此外，公司积极拓展多元化市场应用场景，成功积累了一些具有示范意义 的标杆合作案例，为深化香港及周边市场布局奠定了坚实基础。 报告期内，公司打造机构智能化运营体系，为机构投资者量身打造了集线上业务办理与 综合运营于一体的专属平台，全面支持机构投资者一站式完成业务办理,evidence=38; page_citations=18; sources=3; domain=strong; role=moderate; bottleneck=strong,,,False,False,False,软件和信息技术服务业,工业软件与基础软件 / 基础软件/工业软件 / bottleneck / latent_core_equivalent_quality_pool,sufficient,core,latent_primary_source_backfill_batch1_rerun_v2,Tier B,88,60
603396,金辰股份,v5_hydrated,internal_quality_pool,pending_manual_approval,pending_review,64,23,3,True,strong,moderate,core_hard_tech_evidence_supported,strong,low,moderate,strong,True,manual review of upgraded primary-source evidence before any future core-pool action,营口金辰机械股份有限公司2025 年半年度报告 11 / 209 2、国内行业发展及政策情况 （1）行业发展情况 根据国家能源局数据，2025 年上半年国内光伏新增装机容量 211.61GW，同比增长 106.49%， 受抢装潮影响，5 月份全国新增光伏装机 92.92GW，同比增长 388%，单月装机容量创历史新高。 国家电网能源研究院最新预测，2025 年风电、光伏年新增装机将分别达到 140GW、380GW，新 能源新增总装机将超过 500GW。中国光伏行业已构建技术引领、全链协同、多元应用的全球领先 产业体,营口金辰机械股份有限公司2025 年半年度报告 11 / 209 2、国内行业发展及政策情况 （1）行业发展情况 根据国家能源局数据，2025 年上半年国内光伏新增装机容量 211.61GW，同比增长 106.49%， 受抢装潮影响，5 月份全国新增光伏装机 92.92GW，同比增长 388%，单月装机容量创历史新高。 国家电网能源研究院最新预测，2025 年风电、光伏年新增装机将分别达到 140GW、380GW，新 能源新增总装机将超过 500GW。中国光伏行业已构建技术引领、全链协同、多元应用的全球领先 产业体,evidence=64; page_citations=23; sources=3; domain=strong; role=moderate; bottleneck=strong,,,False,False,False,专用设备制造业,半导体 / 半导体设备 / chokepoint / internal_quality_pool,strong,core,canonical_90_internal_manual_review,Tier A,88,69
603416,信捷电气,v5_hydrated,latent_core_equivalent_quality_pool,pending_manual_approval,pending_review,44,18,3,True,strong,moderate,core_hard_tech_evidence_supported,strong,not_detected_in_existing_artifacts,moderate,strong,True,manual review of upgraded primary-source evidence before any future core-pool action,无锡信捷电气股份有限公司2025 年半年度报告 23 / 196 公司采用“经销为主、直销为辅”的销售模式，销售产品涵盖可编程控制器、伺服电机、伺服 驱动器、步进驱动器、变频器、人机界面和智能装置等。 公司产品下游应用覆盖范围广，涉及众多行业领域，终端客户呈现小而散的特性，因此公司 通过经销商扩大公司对客户的覆盖范围、增加客户服务能力。在经销模式下，公司主要通过经销 商开拓下游市场，公司与区域资源丰富的经销商签订经销协议，由经销商负责所属区域端客户的 开拓和售后。公司销售主要流程如下：（1）获取商机：对于增量客户，,无锡信捷电气股份有限公司2025 年半年度报告 23 / 196 公司采用“经销为主、直销为辅”的销售模式，销售产品涵盖可编程控制器、伺服电机、伺服 驱动器、步进驱动器、变频器、人机界面和智能装置等。 公司产品下游应用覆盖范围广，涉及众多行业领域，终端客户呈现小而散的特性，因此公司 通过经销商扩大公司对客户的覆盖范围、增加客户服务能力。在经销模式下，公司主要通过经销 商开拓下游市场，公司与区域资源丰富的经销商签订经销协议，由经销商负责所属区域端客户的 开拓和售后。公司销售主要流程如下：（1）获取商机：对于增量客户，,evidence=44; page_citations=18; sources=3; domain=strong; role=moderate; bottleneck=strong,,,False,False,False,仪器仪表制造业,工业软件与基础软件 / 基础软件/工业软件 / bottleneck / latent_core_equivalent_quality_pool,sufficient,core,latent_primary_source_backfill_batch1_rerun_v2,Tier B,88,61
603501,豪威集团,v5_hydrated,internal_quality_pool,pending_manual_approval,pending_review,63,22,3,True,strong,moderate,core_hard_tech_evidence_supported,strong,low,moderate,strong,True,manual review of upgraded primary-source evidence before any future core-pool action,豪威集成电路（集团）股份有限公司 2025 年半年度报告 14 / 202 公司根据自身代理产品的具体情况并结合市场因素，对所代理的产品线进行动态管理。 半导体代理销售业务是公司了解市场需求的重要信息来源， 在维持现有的半导体代理销售业 务销售规模的背景下， 公司将与下游模组厂商和终端厂商保持紧密合作关系， 及时了解市场 趋势和终端厂商在研产品需求， 有针对性的进行技术研发和储备， 使企业的新技术能顺应市 场变化，减少下游行业变化带来的负面影响，助力公司半导体设计销售业务迅速发展。 4、公司产品主要应用 公司图像传,豪威集成电路（集团）股份有限公司 2025 年半年度报告 14 / 202 公司根据自身代理产品的具体情况并结合市场因素，对所代理的产品线进行动态管理。 半导体代理销售业务是公司了解市场需求的重要信息来源， 在维持现有的半导体代理销售业 务销售规模的背景下， 公司将与下游模组厂商和终端厂商保持紧密合作关系， 及时了解市场 趋势和终端厂商在研产品需求， 有针对性的进行技术研发和储备， 使企业的新技术能顺应市 场变化，减少下游行业变化带来的负面影响，助力公司半导体设计销售业务迅速发展。 4、公司产品主要应用 公司图像传,evidence=63; page_citations=22; sources=3; domain=strong; role=moderate; bottleneck=strong,,,False,False,False,计算机、通信和其他电子设备制造业,其他战略性关键环节 / 国产替代/供应链约束 / bottleneck / internal_quality_pool,strong,core,canonical_90_internal_manual_review,Tier A,88,68
603530,神马电力,v5_hydrated,internal_quality_pool,pending_manual_approval,pending_review,56,24,3,True,strong,moderate,core_hard_tech_evidence_supported,strong,low,moderate,strong,True,manual review of upgraded primary-source evidence before any future core-pool action,江苏神马电力股份有限公司2025 年半年度报告 10 / 164 （三） 公司的主要经营模式 1、采购模式 公司采购部根据生产计划，确定最佳采购和存储批量，统一编制采购计划，经授权后直接向 供货商进行采购。 公司为了保证采购的原材料品质稳定，根据 ISO9001：2000 质量管理标准的程序，对采购流 程进行严格管理，并建立了严格的合格供应商管理制度，采购部门负责根据原材料需求组织公司 的技术、质量等部门一起对新供应商或新的原材料进行认定。公司将产品品质好、供应稳定、信 誉度高的供应商认定为合格供应商，建立长期的合,江苏神马电力股份有限公司2025 年半年度报告 13 / 164 报告期内，公司修订了《信息披露管理制度》《投资者关系管理制度》《舆情管理制度》等 一系列制度，以提高公司信息披露质量，充分保护中小投资者的权益。此外，公司还通过召开股 东会、业绩说明会等方式加强与投资者的互动交流。 5、持续坚持规范运作，不断提升治理水平 公司高度重视董事、高级管理人员等“关键少数”的职责履行和风险防控。报告期内，公司修 订了《公司章程》《内幕信息知情人登记管理制度》《总经理轮值管理制度》《总经理工作细则》 等相关治理制度，进一步完善,evidence=56; page_citations=24; sources=3; domain=strong; role=moderate; bottleneck=strong,,,False,False,False,电气机械和器材制造业,能源与电力电子关键环节 / 电源管理/供配电 / bottleneck / internal_quality_pool,strong,core,canonical_90_internal_manual_review,Tier A,89,68
603658,安图生物,v5_hydrated,latent_core_equivalent_quality_pool,pending_manual_approval,pending_review,42,24,3,True,strong,moderate,core_hard_tech_evidence_supported,strong,not_detected_in_existing_artifacts,moderate,strong,True,manual review of upgraded primary-source evidence before any future core-pool action,郑州安图生物工程股份有限公司2025 年半年度报告 11 / 202 品一策”的原则开展新批次国家集采，并强调各省份至少开展 1 批省级耗材集采。截至 2024 年， IVD 行业已进行了五轮省联盟集采，覆盖了核心品种和省市，预计每年节省采购资金超过百亿元。 体外诊断试剂集采成为行业重要的发展趋势，集采导致 IVD 产品价格持续下降，围绕医保控费的 试剂阳光采购、DRG 政策也正在不断考验企业的控本增效能力。 尽管集采政策对 IVD 行业带来了挑战，但未来 IVD 行业仍有广阔的发展空间，其发展趋势主 要集中在以下,郑州安图生物工程股份有限公司2025 年半年度报告 11 / 202 品一策”的原则开展新批次国家集采，并强调各省份至少开展 1 批省级耗材集采。截至 2024 年， IVD 行业已进行了五轮省联盟集采，覆盖了核心品种和省市，预计每年节省采购资金超过百亿元。 体外诊断试剂集采成为行业重要的发展趋势，集采导致 IVD 产品价格持续下降，围绕医保控费的 试剂阳光采购、DRG 政策也正在不断考验企业的控本增效能力。 尽管集采政策对 IVD 行业带来了挑战，但未来 IVD 行业仍有广阔的发展空间，其发展趋势主 要集中在以下,evidence=42; page_citations=24; sources=3; domain=strong; role=moderate; bottleneck=strong,,,False,False,False,医药制造业,高端仪器仪表与科学仪器 / 科学仪器/检测 / bottleneck / latent_core_equivalent_quality_pool,strong,core,latent_primary_source_backfill_batch1_rerun_v2,Tier B,89,65
603685,晨丰科技,v5_hydrated,expansion_core_equivalent_quality_pool,pending_manual_approval,pending_review,77,36,3,True,strong,moderate,core_hard_tech_evidence_supported,strong,not_detected_in_existing_artifacts,moderate,strong,True,manual review of upgraded primary-source evidence before any future core-pool action,浙江晨丰科技股份有限公司2025 年半年度报告 10 / 176 体化、新能源微电网示范等形式探索。自 2016 年以来，国家发改委和国家能源局先后完成五批次 共 459 个增量配电业务改革试点（不含申请取消的 24 个），覆盖全国所有地级及以上行政区。截 至 2024 年 12 月，全国共计 331 个试点完成规划编制，360 个试点完成业主优选，256 个试点确定 供电范围，227 个试点项目取得电力业务许可证（供电类）。政策导向从单一配电网建设向“源 网荷储一体化”“新能源微电网”等复合模式延伸，比如河南、广,浙江晨丰科技股份有限公司2025 年半年度报告 10 / 176 体化、新能源微电网示范等形式探索。自 2016 年以来，国家发改委和国家能源局先后完成五批次 共 459 个增量配电业务改革试点（不含申请取消的 24 个），覆盖全国所有地级及以上行政区。截 至 2024 年 12 月，全国共计 331 个试点完成规划编制，360 个试点完成业主优选，256 个试点确定 供电范围，227 个试点项目取得电力业务许可证（供电类）。政策导向从单一配电网建设向“源 网荷储一体化”“新能源微电网”等复合模式延伸，比如河南、广,evidence=77; page_citations=36; sources=3; domain=strong; role=moderate; bottleneck=strong,,,False,False,False,电气机械和器材制造业,能源与电力电子关键环节 / 电网/能源基础设施 / bottleneck / expansion_core_equivalent_quality_pool,strong,core,expansion_2025_doubler_discovered,Tier B,91,81
603698,航天工程,v5_hydrated,false_negative_rescue_core_equivalent_quality_pool,pending_manual_approval,pending_review,55,24,3,True,strong,moderate,core_hard_tech_evidence_supported,strong,not_detected_in_existing_artifacts,moderate,strong,True,manual review of upgraded primary-source evidence before any future core-pool action,航天长征化学工程股份有限公司 2025 年半年度报告 10 / 158 报告期内，公司其他业务板块发展趋势良好。高端装备制造板块：阀门子公司继续加强研发， 完成新项目关键阀门样机试制；完成低温液氧泵出口调节阀研发设计图纸；同时外部市场拓展稳 步推进，完成重点项目合同签订和跟进。环保运营产业板块：临海子公司 2.5 万吨/年废盐综合利 用项目已取得显著的阶段性成果，土建其余部分已基本完工；主要工艺设备均已完成采购流程， 关键设备已安装完成 80%。运营架构建设与人才招聘工作同步推进，为项目后续规范化、高效化 运营搭建,航天长征化学工程股份有限公司 2025 年半年度报告 10 / 158 报告期内，公司其他业务板块发展趋势良好。高端装备制造板块：阀门子公司继续加强研发， 完成新项目关键阀门样机试制；完成低温液氧泵出口调节阀研发设计图纸；同时外部市场拓展稳 步推进，完成重点项目合同签订和跟进。环保运营产业板块：临海子公司 2.5 万吨/年废盐综合利 用项目已取得显著的阶段性成果，土建其余部分已基本完工；主要工艺设备均已完成采购流程， 关键设备已安装完成 80%。运营架构建设与人才招聘工作同步推进，为项目后续规范化、高效化 运营搭建,evidence=55; page_citations=24; sources=3; domain=strong; role=moderate; bottleneck=strong,,,False,False,False,专用设备制造业,高端制造装备 / 专用设备宽口径 / concept_only / false_negative_rescue_core_equivalent_quality_pool,strong,core,false_negative_rescue_backfilled,Excluded,82,68
603701,德宏股份,v5_hydrated,latent_standard_core_equivalent_quality_pool,pending_manual_approval,pending_review,53,19,3,True,strong,moderate,core_hard_tech_evidence_supported,strong,not_detected_in_existing_artifacts,moderate,strong,True,manual review of upgraded primary-source evidence before any future core-pool action,浙江德宏汽车电子电器股份有限公司2025 年半年度报告 11 / 180 在上述整车行业市场背景下，公司作为国内商用车配套交流发电机的主要供应商，面对商用 车市场需求增长乏力、原材料价格保持高位、行业竞争异常激烈等复杂形势，坚定深耕主业，持 续开拓创新，推进企业不断发展。报告期内，公司业务规模持续扩大，主业利润稳中有升。发电 机相关业务稳步配套、力拓售后，营收实现稳步增长；电子真空泵业务抢抓机遇、优化管理，业 绩取得显著提升；储能方面大力开发推广新产品，合同能源管理多项目并网运营产生效益，新的 业务发展格局进一步形,浙江德宏汽车电子电器股份有限公司2025 年半年度报告 11 / 180 在上述整车行业市场背景下，公司作为国内商用车配套交流发电机的主要供应商，面对商用 车市场需求增长乏力、原材料价格保持高位、行业竞争异常激烈等复杂形势，坚定深耕主业，持 续开拓创新，推进企业不断发展。报告期内，公司业务规模持续扩大，主业利润稳中有升。发电 机相关业务稳步配套、力拓售后，营收实现稳步增长；电子真空泵业务抢抓机遇、优化管理，业 绩取得显著提升；储能方面大力开发推广新产品，合同能源管理多项目并网运营产生效益，新的 业务发展格局进一步形,evidence=53; page_citations=19; sources=3; domain=strong; role=moderate; bottleneck=strong,,,False,False,False,电气机械和器材制造业,能源与电力电子关键环节 / 电网/能源基础设施 / bottleneck / latent_standard_core_equivalent_quality_pool,sufficient,core,latent_standard_primary_source_backfilled,Tier B,88,64
603786,科博达,v5_hydrated,internal_quality_pool,pending_manual_approval,pending_review,57,22,3,True,strong,moderate,core_hard_tech_evidence_supported,strong,low,moderate,strong,True,manual review of upgraded primary-source evidence before any future core-pool action,科博达技术股份有限公司2025 年半年度报告 10 / 222 第三节 管理层讨论与分析 一、报告期内公司所属行业及主营业务情况说明 （一）行业情况 公司作为汽车行业中的汽车电子零部件企业，主营汽车电子及相关产品的技术研 发与产业化，汽车行业的发展以及行业环境、政策导向将直接影响公司的经营情况。 1、汽车行业发展情况 2025 年以来，国家实施更加积极有为的宏观政策，加快落实稳就业稳经济推动高 质量发展若干举措，经济运行总体平稳。上半年，汽车市场延续良好态势，多项经济 指标同比均实现两位数增长。具体来看，在以旧换新,科博达技术股份有限公司2025 年半年度报告 10 / 222 第三节 管理层讨论与分析 一、报告期内公司所属行业及主营业务情况说明 （一）行业情况 公司作为汽车行业中的汽车电子零部件企业，主营汽车电子及相关产品的技术研 发与产业化，汽车行业的发展以及行业环境、政策导向将直接影响公司的经营情况。 1、汽车行业发展情况 2025 年以来，国家实施更加积极有为的宏观政策，加快落实稳就业稳经济推动高 质量发展若干举措，经济运行总体平稳。上半年，汽车市场延续良好态势，多项经济 指标同比均实现两位数增长。具体来看，在以旧换新,evidence=57; page_citations=22; sources=3; domain=strong; role=moderate; bottleneck=strong,,,False,False,False,汽车制造业,其他战略性关键环节 / 国产替代/供应链约束 / bottleneck / internal_quality_pool,strong,core,canonical_90_internal_manual_review,Tier A,88,67
603806,福斯特,v5_hydrated,internal_quality_pool,pending_manual_approval,pending_review,70,26,3,True,strong,moderate,core_hard_tech_evidence_supported,strong,low,moderate,strong,True,manual review of upgraded primary-source evidence before any future core-pool action,证券代码：603806 证券简称：福斯特 公告编号：2026-044 转债代码：113661 转债简称：福 22 转债 杭州福斯特应用材料股份有限公司 关于转让子公司部分股权暨关联交易的进展公告 本公司董事会及全体董事保证本公告内容不存在任何虚假记载、误导性陈述 或者重大遗漏，并对其内容的真实性、准确性和完整性承担个别及连带责任。 一、关联交易概述 杭州福斯特应用材料股份有限公司（以下简称“公司”）分别于 2026 年 5 月 21 日、2026 年 6 月 9 日召开第六届董事会第十五次会议、2026 年第二次临,证券代码：603806 证券简称：福斯特 公告编号：2026-044 转债代码：113661 转债简称：福 22 转债 杭州福斯特应用材料股份有限公司 关于转让子公司部分股权暨关联交易的进展公告 本公司董事会及全体董事保证本公告内容不存在任何虚假记载、误导性陈述 或者重大遗漏，并对其内容的真实性、准确性和完整性承担个别及连带责任。 一、关联交易概述 杭州福斯特应用材料股份有限公司（以下简称“公司”）分别于 2026 年 5 月 21 日、2026 年 6 月 9 日召开第六届董事会第十五次会议、2026 年第二次临,evidence=70; page_citations=26; sources=3; domain=strong; role=moderate; bottleneck=strong,,,False,False,False,橡胶和塑料制品业,其他战略性关键环节 / 国产替代/供应链约束 / bottleneck / internal_quality_pool,strong,core,canonical_90_internal_manual_review,Tier A,89,73
603823,百合花,v5_hydrated,expansion_core_equivalent_quality_pool,pending_manual_approval,pending_review,60,24,3,True,strong,moderate,core_hard_tech_evidence_supported,strong,not_detected_in_existing_artifacts,moderate,strong,True,manual review of upgraded primary-source evidence before any future core-pool action,百合花集团股份有限公司2025 年半年度报告 10 / 162 坚守与合作伙伴“双赢”的经营理念，与各位经销商、代理商、供应商保持和谐的合作关系， 实现互惠互利，合作共赢。公司已在行业内树立起高品质、安全环保、优质服务的市场形象，在 行业内拥有良好的声誉和市场公信力，为开拓市场和扩大市场份额提供了有力保障。 6、人才优势 公司自成立以来一直从事有机颜料制造的研发、生产及销售，已拥有成熟且系统的团队配置， 且公司一直重视人力资源管理及员工持续培训学习，通过运用人力资源管理系统、培训管理系统 发现和培养人才，凝聚了一支,百合花集团股份有限公司2025 年半年度报告 14 / 162 五、其他披露事项 (一) 可能面对的风险 √适用 □不适用 1、行业市场竞争的风险 目前国内有机颜料行业集中度整体上仍然不高，全国近百家有机颜料生产企业大多是中小企业，产品同质化严重，市场竞争激烈。受到国家环保政 策、市场环境、国家安全要求不断提升等众多因素的影响，行业集约化发展历程往往需要经历较长的时间，在此期间市场竞争依然激烈，无序竞争严重， 公司面临较大的竞争压力。公司如果不能在技术、管理和营销等方面持续保持创新和发展，则可能面临在行业市场竞争中,evidence=60; page_citations=24; sources=3; domain=strong; role=moderate; bottleneck=strong,,,False,False,False,化学原料和化学制品制造业,半导体 / 半导体设备 / bottleneck / expansion_core_equivalent_quality_pool,strong,core,expansion_2025_doubler_discovered,Tier B,89,69
603915,国茂股份,v5_hydrated,latent_core_equivalent_quality_pool,pending_manual_approval,pending_review,66,26,3,True,strong,moderate,core_hard_tech_evidence_supported,strong,not_detected_in_existing_artifacts,moderate,strong,True,manual review of upgraded primary-source evidence before any future core-pool action,江苏国茂减速机股份有限公司2025 年半年度报告 10/159 约 8%，但毛利率维持在约 25%。受益于锂电行业需求的复苏以及产品应用领域的多元化布局，捷 诺销售订单金额同比增长约 32%，其作为国产高端品牌，已受到越来越多客户的关注与认可。 （2）精密减速器业务 基于对具身智能、高端机床、自动化等应用领域广阔市场前景的看好，近年来公司积极布局 以精密减速器产品为核心的新兴业务，目前已拥有国茂精密及摩多利传动两家控股子公司，专注 于谐波减速器、精密行星减速器的研发、生产及销售。2025 年上半年，得益于国内自动化,江苏国茂减速机股份有限公司2025 年半年度报告 10/159 约 8%，但毛利率维持在约 25%。受益于锂电行业需求的复苏以及产品应用领域的多元化布局，捷 诺销售订单金额同比增长约 32%，其作为国产高端品牌，已受到越来越多客户的关注与认可。 （2）精密减速器业务 基于对具身智能、高端机床、自动化等应用领域广阔市场前景的看好，近年来公司积极布局 以精密减速器产品为核心的新兴业务，目前已拥有国茂精密及摩多利传动两家控股子公司，专注 于谐波减速器、精密行星减速器的研发、生产及销售。2025 年上半年，得益于国内自动化,evidence=66; page_citations=26; sources=3; domain=strong; role=moderate; bottleneck=strong,,,False,False,False,通用设备制造业,高端制造装备 / 工业母机/机器人核心部件 / bottleneck / latent_core_equivalent_quality_pool,strong,core,latent_primary_source_backfill_batch1_rerun_v2,Tier B,89,72
603931,格林达,v5_hydrated,internal_quality_pool,pending_manual_approval,pending_review,45,22,2,True,strong,moderate,core_hard_tech_evidence_supported,strong,low,moderate,strong,True,manual review of upgraded primary-source evidence before any future core-pool action,杭州格林达电子材料股份有限公司2025 年半年度报告 12 / 148 公司会对湿电子化学品定制 OEM 业务的主要供应商进行严格的全方位评审，对供应商的原材 料采购、质量检测和控制、生产制造和物流运输等均有涉及，从而保证供应商的湿电子化学品的 品质符合客户要求。 （三）行业情况说明 1、行业属性 湿电子化学品（Wet Chemicals）是微电子、光电子湿法工艺制程中使用的各种液体化工材料， 是显示面板、半导体、太阳能电池等制作过程中不可缺少的关键性材料之一。随着半导体、显示 面板、太阳能电池等下游产业快速发展，,杭州格林达电子材料股份有限公司2025 年半年度报告 15 / 148 2、市场拓展：公司在巩固核心产品——TMAH 显影液市场优势的同时，积极推动新产品在 客户端的市场开拓，以剥离液等新产品为重点，公司抓住下游客户产线调整的契机，推进新产品 立项和导入。 在西南地区，公司核心产品已通过多家体系客户的产线测试和导入，取得了显著进展：核心 产品已在体系客户 LCD 和 OLED 的多条重要产线测试成功，由格林达四川工厂导入并实现量供。 这一成果为进一步推广核心产品和西南基地的投产见效及产能爬坡夯实基础。 与此同时，公,evidence=45; page_citations=22; sources=2; domain=strong; role=moderate; bottleneck=strong,,,False,False,False,化学原料和化学制品制造业,半导体 / 半导体材料 / chokepoint / internal_quality_pool,sufficient,core,canonical_90_internal_manual_review,Tier A,88,61
603936,博敏电子,v5_hydrated,expansion_core_equivalent_quality_pool,pending_manual_approval,pending_review,68,25,3,True,strong,moderate,core_hard_tech_evidence_supported,strong,not_detected_in_existing_artifacts,moderate,strong,True,manual review of upgraded primary-source evidence before any future core-pool action,博敏电子股份有限公司2025 年半年度报告 11/168 4、公司主要经营模式 （1）生产模式 公司实行以销定产的生产模式。集团产策中心负责把所接收的订单进行初步评审，结合各厂 产能及产品定位分配订单，各厂计划部按照产策中心分配的订单，结合客户交期进行排产，产线 按照计划要求严格执行，完成生产任务。 公司已建立起一套 ERP+EAS+MES+QMS+EAP 高集成度生产质量管理的数字化系统体系， 涵盖了工程设计自动化、自动排产、生产管理、品质管理、库存管理、成本管理等全方面的管理。 通过整套数字化管理系统，计划部可,"博敏电子股份有限公司2025 年半年度报告 12/168 二、经营情况的讨论与分析 报告期内，公司主营业务和主要产品未发生重大变化。国内宏观经济承压前行，依旧面临内 外多重挑战，如全球经济增长放缓、关税战升级、地缘政治风险加剧和国内需求扩大动能尚需增 强等。公司锚定战略定力和经营目标，2025 年上半年实现营业收入 170,494.61 万元，同比增加 12.71%，主要得益于公司积极把握行业发展机遇，加大对 AI 产业、汽车电子等高附加值产品领 域的开拓力度，推动各工厂高端产能释放；实现归属上市公司股东净利润为",evidence=68; page_citations=25; sources=3; domain=strong; role=moderate; bottleneck=strong,,,False,False,False,计算机、通信和其他电子设备制造业,新材料 / AI服务器PCB/HBM材料 / bottleneck / expansion_core_equivalent_quality_pool,strong,core,expansion_2025_doubler_discovered,Tier B,89,72
605020,永和股份,v5_hydrated,data_gap_core_equivalent_quality_pool,pending_manual_approval,pending_review,69,24,3,True,strong,moderate,core_hard_tech_evidence_supported,strong,not_detected_in_existing_artifacts,moderate,strong,True,manual review of upgraded primary-source evidence before any future core-pool action,浙江永和制冷股份有限公司2025 年半年度报告 11/201 箱、汽车等的产量、消费量保持稳定增长态势的可能性较高。随着上述产品的居民保有量快速增 长，预计未来存量设备的维修需求将成为含氟制冷剂市场需求增长的重要驱动因素。 此外，国务院于 2024 年初印发的《推动大规模设备更新和消费品以旧换新行动方案》提出“开 展家电产品以旧换新，到 2027 年，废旧家电回收量较 2023 年增长 30%；报废汽车回收量较 2023 年增加约一倍，二手车交易量较 2023 年增长 45%”；国家发改委、财政部于 2024 年,浙江永和制冷股份有限公司2025 年半年度报告 11/201 箱、汽车等的产量、消费量保持稳定增长态势的可能性较高。随着上述产品的居民保有量快速增 长，预计未来存量设备的维修需求将成为含氟制冷剂市场需求增长的重要驱动因素。 此外，国务院于 2024 年初印发的《推动大规模设备更新和消费品以旧换新行动方案》提出“开 展家电产品以旧换新，到 2027 年，废旧家电回收量较 2023 年增长 30%；报废汽车回收量较 2023 年增加约一倍，二手车交易量较 2023 年增长 45%”；国家发改委、财政部于 2024 年,evidence=69; page_citations=24; sources=3; domain=strong; role=moderate; bottleneck=strong,,,False,False,False,化学原料和化学制品制造业,新材料 / AI服务器PCB/HBM材料 / beneficiary / data_gap_core_equivalent_quality_pool,strong,core,doubler_data_gap_primary_source_backfilled,Tier B,82,71
605117,德业股份,v5_hydrated,latent_standard_core_equivalent_quality_pool,pending_manual_approval,pending_review,46,20,3,True,strong,moderate,core_hard_tech_evidence_supported,strong,not_detected_in_existing_artifacts,moderate,strong,True,manual review of upgraded primary-source evidence before any future core-pool action,宁波德业科技股份有限公司2025 年半年度报告 12 / 195 100kW-2.5MW 储能解决方案，相较于传统集装箱式储能系统，通过模块化设计去除非必要设备 实现系统精简，具有更高的灵活性和可扩展性，允许用户自由选择和组合不同的模块，满足特定 项目需要，可降低 30%总成本，使运输、组装、安装更加高效、增加经济性。研发团队不断推出 适合海外本土需求的新产品，持续推进海外品牌建设，在重要市场如中国上海、德国慕尼黑、意 大利里米尼、南非约翰内斯堡等共计参加 17 场国内外展会。 公司逆变器主要销往亚非拉、欧洲等市场,宁波德业科技股份有限公司2025 年半年度报告 12 / 195 100kW-2.5MW 储能解决方案，相较于传统集装箱式储能系统，通过模块化设计去除非必要设备 实现系统精简，具有更高的灵活性和可扩展性，允许用户自由选择和组合不同的模块，满足特定 项目需要，可降低 30%总成本，使运输、组装、安装更加高效、增加经济性。研发团队不断推出 适合海外本土需求的新产品，持续推进海外品牌建设，在重要市场如中国上海、德国慕尼黑、意 大利里米尼、南非约翰内斯堡等共计参加 17 场国内外展会。 公司逆变器主要销往亚非拉、欧洲等市场,evidence=46; page_citations=20; sources=3; domain=strong; role=moderate; bottleneck=strong,,,False,False,False,电气机械和器材制造业,能源与电力电子关键环节 / 电网/能源基础设施 / bottleneck / latent_standard_core_equivalent_quality_pool,strong,core,latent_standard_primary_source_backfilled,Tier A,88,63
605319,无锡振华,v5_hydrated,latent_standard_core_equivalent_quality_pool,pending_manual_approval,pending_review,41,17,3,True,strong,moderate,core_hard_tech_evidence_supported,strong,not_detected_in_existing_artifacts,moderate,strong,True,manual review of upgraded primary-source evidence before any future core-pool action,"无锡市振华汽车部件股份有限公司2025 年半年度报告 14 / 198 公司主营业务收入主要由冲压零部件业务、分拼总成加工业务、选择性精密电镀 业务及模具业务组成。2025 年上半年度公司主营业务收入相比 2024 年上半年度增加 16,326.50 万元，同比增长 15.46%，主要原因是 2025 年 1-6 月国内汽车产销规模再创 新高，产销同比分别增长 12.5%和 11.4%。汽车工业展现出强大发展韧性，庞大的汽 车工业规模给上游汽车零部件行业创造了广阔的市场需求，公司汽车冲压零部件、分 拼总成加工业务、","无锡市振华汽车部件股份有限公司2025 年半年度报告 14 / 198 公司主营业务收入主要由冲压零部件业务、分拼总成加工业务、选择性精密电镀 业务及模具业务组成。2025 年上半年度公司主营业务收入相比 2024 年上半年度增加 16,326.50 万元，同比增长 15.46%，主要原因是 2025 年 1-6 月国内汽车产销规模再创 新高，产销同比分别增长 12.5%和 11.4%。汽车工业展现出强大发展韧性，庞大的汽 车工业规模给上游汽车零部件行业创造了广阔的市场需求，公司汽车冲压零部件、分 拼总成加工业务、",evidence=41; page_citations=17; sources=3; domain=strong; role=moderate; bottleneck=strong,,,False,False,False,汽车制造业,半导体 / 功率器件/IGBT/SiC/GaN / bottleneck / latent_standard_core_equivalent_quality_pool,sufficient,core,latent_standard_primary_source_backfilled,Tier B,87,60
688002,睿创微纳,v5_hydrated,internal_quality_pool,pending_manual_approval,pending_review,71,33,3,True,strong,moderate,core_hard_tech_evidence_supported,strong,low,moderate,strong,True,manual review of upgraded primary-source evidence before any future core-pool action,烟台睿创微纳技术股份有限公司2025 年半年度报告 12 / 216 公司是领先的、专业从事专用集成电路、特种芯片设计与制造技术开发的国家高新技术企业， 深耕红外、微波、激光等多维感知领域，掌握多光谱传感研发的核心技术与 AI 算法研发等能力， 为全球客户提供性能卓越的 MEMS 芯片、ASIC 处理器芯片、红外热成像全产业链产品和激光、 微波产品及光电系统，广泛应用于夜视观察、人工智能、卫星通信、自动驾驶、无人机载荷、机 器视觉、智慧工业、公安消防、物联网、智能机器人、激光测距等领域。 2、主要经营模式 （1）采,烟台睿创微纳技术股份有限公司2025 年半年度报告 13 / 216 特种装备销售中，公司配合整机和系统厂商参加特种装备型号的竞标，中标后配合装备需求方进 行产品试验及定型，最终根据装备需求方订单供货。 在 B2C 端，公司销售模式以经销模式为主，辅以电商销售。销售的主要产品为户外热成像夜 视仪、手机热像仪、手持热成像测温仪等产品。公司根据经销商的商誉、渠道资源、专业能力， 通过择优选取确定国内外经销商。 （二）所处行业情况 1、行业的发展阶段、基本特点、主要技术门槛 公司已形成红外业务为主，微波、激光等多维感知领,evidence=71; page_citations=33; sources=3; domain=strong; role=moderate; bottleneck=strong,,,False,False,False,计算机、通信和其他电子设备制造业,其他战略性关键环节 / 国产替代/供应链约束 / bottleneck / internal_quality_pool,strong,core,canonical_90_internal_manual_review,Tier A,90,78
688003,天准科技,v5_hydrated,expansion_core_equivalent_quality_pool,pending_manual_approval,pending_review,61,28,3,True,strong,moderate,core_hard_tech_evidence_supported,strong,not_detected_in_existing_artifacts,moderate,strong,True,manual review of upgraded primary-source evidence before any future core-pool action,苏州天准科技股份有限公司2025 年半年度报告 10 / 227 公司产品生产过程主要包括生产计划、零部件采购、整机装配、电气安装调试、软件安装调 试、标定、整机检验、产品入库等步骤。在生产过程中，公司采用 ERP 系统对流程进行统一管理。 对于光伏硅片分选设备、激光直接成像设备、精密测量仪器等标准化产品，在生产的工艺和 流程上较稳定，销量可预测性较好，生管部门根据订单情况和市场预测制订生产计划，公司对畅 销产品维持一定数量的库存，保证较短的交货周期。 对于其他专用设备、定制化设备产品，主要采用订单导向型的生产模式,苏州天准科技股份有限公司2025 年半年度报告 10 / 227 公司产品生产过程主要包括生产计划、零部件采购、整机装配、电气安装调试、软件安装调 试、标定、整机检验、产品入库等步骤。在生产过程中，公司采用 ERP 系统对流程进行统一管理。 对于光伏硅片分选设备、激光直接成像设备、精密测量仪器等标准化产品，在生产的工艺和 流程上较稳定，销量可预测性较好，生管部门根据订单情况和市场预测制订生产计划，公司对畅 销产品维持一定数量的库存，保证较短的交货周期。 对于其他专用设备、定制化设备产品，主要采用订单导向型的生产模式,evidence=61; page_citations=28; sources=3; domain=strong; role=moderate; bottleneck=strong,,,False,False,False,专用设备制造业,其他战略性关键环节 / 国产替代/供应链约束 / bottleneck / expansion_core_equivalent_quality_pool,strong,core,expansion_2025_doubler_discovered,Tier B,89,72
688011,新光光电,v5_hydrated,internal_quality_pool,pending_manual_approval,pending_review,80,30,3,True,strong,moderate,core_hard_tech_evidence_supported,strong,low,moderate,strong,True,manual review of upgraded primary-source evidence before any future core-pool action,"哈尔滨新光光电科技股份有限公司2025 年半年度报告 10 / 202 于像方扫描原理的光学成像制导新技术，实现了工程化应用,持续改进并发展了该原理能达到的技 术指标，拓展了其适用方向；通过像空间的小范围扫描解决了物空间的大视场搜索成像问题，在 载体高超声速、小尺寸窗口等限制条件下，实现了光学制导成像系统更高角分辨率红外成像，从 而保证武器装备的末制导指向和命中精度。公司经过多年持续技术研发创新，在非恒温场光学无 热化和无压化设计、高速扫描与像移补偿、空间折转光路设计与坐标解耦、高温窗口非均匀性校 正补偿、低成本成",哈尔滨新光光电科技股份有限公司2025 年半年度报告 16 / 202 究中心、省级制造业创新中心、省级工业设计中心、省级数字化标杆示范企业、首批省市级服务 型制造示范企业、市级工业设计中心、多个省级首台套产品等多项荣誉。 （1）在光学制导领域，公司在国内首次提出了基于像方扫描的成像制导技术，在光学制导多 项关键技术方面拥有较大技术突破，整体水平处于国内先进，有效支撑了若干重点型号装备的研 发、生产。报告期内，公司开展非制冷国产化机芯相关算法、像移补偿等技术攻关；基于大视场 像扫和像移补偿的空间折转光路制导新产品，,evidence=80; page_citations=30; sources=3; domain=strong; role=moderate; bottleneck=strong,,,False,False,False,计算机、通信和其他电子设备制造业,其他战略性关键环节 / 国产替代/供应链约束 / bottleneck / internal_quality_pool,strong,core,canonical_90_internal_manual_review,Tier A,90,78
688012,中微公司,v5_hydrated,internal_quality_pool,pending_manual_approval,pending_review,63,30,3,True,strong,moderate,core_hard_tech_evidence_supported,strong,low,moderate,strong,True,manual review of upgraded primary-source evidence before any future core-pool action,中微半导体设备（上海）股份有限公司2025 年半年度报告 12/188 Mini-LED 指 介于传统 LED 与 Micro LED 之间的次毫米发光二极 管，意指晶粒尺寸约在 100 微米的 LED Micro LED 指 LED 微缩化和矩阵化技术，将 LED 背光源进行薄膜 化、微小化、阵列化，可以让 LED 单元小于 50 微 米，与 OLED（Organic Light-Emitting Diode，有 机发光二极管）一样能够实现每个像素单独定址， 单独驱动发光 MOCVD 指 Metal-organi,中微半导体设备（上海）股份有限公司2025 年半年度报告 19/188 为保证公司产品的质量和性能，公司制定了严格的供应商选择和审核制度。达到经营资质、 研发和设计能力、技术水平、质量管控能力、生产能力、产品价格、交货周期及付款周期等众多 标准要求的供应商，被纳入公司合格供应商名录，并定期审核。目前，公司已经与全球众多供应 商建立了长期、稳定的合作关系。 4、生产模式 公司主要实行订单式生产为主，结合少量库存式生产为辅的生产方式。订单式生产是指公司 在与客户签订订单后，根据订单情况进行定制化设计及生产制造，以应对客,evidence=63; page_citations=30; sources=3; domain=strong; role=moderate; bottleneck=strong,,,False,False,False,专用设备制造业,半导体 / 半导体设备 / chokepoint / internal_quality_pool,strong,core,canonical_90_internal_manual_review,Tier A,69,33
688019,安集科技,v5_hydrated,internal_quality_pool,pending_manual_approval,pending_review,58,23,3,True,strong,moderate,core_hard_tech_evidence_supported,strong,low,moderate,strong,True,manual review of upgraded primary-source evidence before any future core-pool action,安集微电子科技（上海）股份有限公司2025 年半年度报告 12 / 211 第三节 管理层讨论与分析 一、 报告期内公司所属行业及主营业务情况说明 （一） 公司主营业务 公司主营业务为关键半导体材料的研发和产业化，目前产品包括不同系列的化学机械抛光液、 功能性湿电子化学品和电镀液及添加剂系列产品，主要应用于集成电路制造和先进封装领域。公 司始终围绕液体与固体表面处理和高端化学品配方的核心技术并持续专注投入，在集成电路化学 机械抛光液领域、高端功能性湿电子化学品和电化学沉积领域持续布局，使中国在该领域拥有了 自主供应,安集微电子科技（上海）股份有限公司2025 年半年度报告 12 / 211 第三节 管理层讨论与分析 一、 报告期内公司所属行业及主营业务情况说明 （一） 公司主营业务 公司主营业务为关键半导体材料的研发和产业化，目前产品包括不同系列的化学机械抛光液、 功能性湿电子化学品和电镀液及添加剂系列产品，主要应用于集成电路制造和先进封装领域。公 司始终围绕液体与固体表面处理和高端化学品配方的核心技术并持续专注投入，在集成电路化学 机械抛光液领域、高端功能性湿电子化学品和电化学沉积领域持续布局，使中国在该领域拥有了 自主供应,evidence=58; page_citations=23; sources=3; domain=strong; role=moderate; bottleneck=strong,,,False,False,False,计算机、通信和其他电子设备制造业,半导体 / 半导体材料 / chokepoint / internal_quality_pool,strong,core,canonical_90_internal_manual_review,Tier A,88,68
688021,奥福科技,v5_hydrated,false_negative_rescue_core_equivalent_quality_pool,pending_manual_approval,pending_review,54,24,3,True,strong,moderate,core_hard_tech_evidence_supported,strong,not_detected_in_existing_artifacts,moderate,strong,True,manual review of upgraded primary-source evidence before any future core-pool action,山东奥福环保科技股份有限公司2025 年半年度报告 10 / 182 公司产品销售规模同步增长。同时，降本增效举措初显成效，公司实现归属于上市公司股东的净 利润为-241.53 万元，同比亏损显著收窄。 报告期内，公司主要工作如下： （一）提升经营质量方面 在收入端，公司深化主营业务并积极拓展增量收入来源。凭借在大尺寸载体领域多年的技术 积累以及在客户端建立的安全、稳定、可靠的产品质量信誉，公司在国内外持续巩固重卡细分领 域的市场优势。截至 2025 年 6 月末，公司已取得公告认证并实现批量供货的项目共计 105,山东奥福环保科技股份有限公司2025 年半年度报告 10 / 182 公司产品销售规模同步增长。同时，降本增效举措初显成效，公司实现归属于上市公司股东的净 利润为-241.53 万元，同比亏损显著收窄。 报告期内，公司主要工作如下： （一）提升经营质量方面 在收入端，公司深化主营业务并积极拓展增量收入来源。凭借在大尺寸载体领域多年的技术 积累以及在客户端建立的安全、稳定、可靠的产品质量信誉，公司在国内外持续巩固重卡细分领 域的市场优势。截至 2025 年 6 月末，公司已取得公告认证并实现批量供货的项目共计 105,evidence=54; page_citations=24; sources=3; domain=strong; role=moderate; bottleneck=strong,,,False,False,False,专用设备制造业,高端制造装备 / 专用设备宽口径 / concept_only / false_negative_rescue_core_equivalent_quality_pool,strong,core,false_negative_rescue_backfilled,Excluded,82,68
688025,杰普特,v5_hydrated,expansion_core_equivalent_quality_pool,pending_manual_approval,pending_review,79,28,3,True,strong,moderate,core_hard_tech_evidence_supported,strong,not_detected_in_existing_artifacts,moderate,strong,True,manual review of upgraded primary-source evidence before any future core-pool action,公司于 2026 年 7 月 3 日召开了第四届董事会第十六次会议，审议通过了《关 于收购股权暨关联交易的议案》，董事会认为：公司本次收购 NEOPTICS PTE.LTD. 100%股权暨关联交易事项，有利于扩大公司品牌国际影响力及满足全球化发展 战略需求，符合公司经营发展战略以及业务发展需要，有利于进一步提升公司核 心竞争力，系出于公司对自身现行发展状况及未来发展的整体考虑，符合公司长 期发展战略。该笔交易价格公允、合理，遵循各方自愿、公平合理、协商一致的 原则，符合国家有关法律、法规的要求及中国证监会和上海证,证券代码：688025 证券简称：杰普特 公告编号：2026-040 深圳市杰普特光电股份有限公司 关于收购股权暨关联交易的公告 本公司董事会及全体董事保证本公告内容不存在任何虚假记载、误导性陈 述或者重大遗漏，并对其内容的真实性、准确性和完整性依法承担法律责任。 重要内容提示：  交易概述 深圳市杰普特光电股份有限公司（以下简称“公司”）拟通过全资子公司 JPT Opto-Electronics PTE.LTD.（以下简称“新加坡杰普特”）以自有资金 112 万新加 坡元收购 NEOPTICS PTE.LTD.,evidence=79; page_citations=28; sources=3; domain=strong; role=moderate; bottleneck=strong,,,False,False,False,计算机、通信和其他电子设备制造业,光电与通信 / 光互联/光芯片 / bottleneck / expansion_core_equivalent_quality_pool,strong,core,expansion_2025_doubler_discovered,Tier B,89,76
688031,星环科技,v5_hydrated,expansion_core_equivalent_quality_pool,pending_manual_approval,pending_review,55,22,3,True,strong,moderate,core_hard_tech_evidence_supported,strong,not_detected_in_existing_artifacts,moderate,strong,True,manual review of upgraded primary-source evidence before any future core-pool action,"星环信息科技（上海）股份有限公司2025 年半年度报告 16 / 216 九、 存在股权激励、员工持股计划的公司可选择披露扣除股份支付影响后的净利润 √适用 □不适用 单位：元 币种：人民币 主要会计数据 本报告期 （1－6月） 上年同期 本期比上年同期 增减(%) 扣除股份支付影响后的净利润 -142,945,098.73 -182,807,648.45 不适用 十、 非企业会计准则业绩指标说明 □适用 √不适用 第三节 管理层讨论与分析 一、 报告期内公司所属行业及主营业务情况说明 （一） 主要业务、主要产品或","星环信息科技（上海）股份有限公司2025 年半年度报告 16 / 216 九、 存在股权激励、员工持股计划的公司可选择披露扣除股份支付影响后的净利润 √适用 □不适用 单位：元 币种：人民币 主要会计数据 本报告期 （1－6月） 上年同期 本期比上年同期 增减(%) 扣除股份支付影响后的净利润 -142,945,098.73 -182,807,648.45 不适用 十、 非企业会计准则业绩指标说明 □适用 √不适用 第三节 管理层讨论与分析 一、 报告期内公司所属行业及主营业务情况说明 （一） 主要业务、主要产品或",evidence=55; page_citations=22; sources=3; domain=strong; role=moderate; bottleneck=strong,,,False,False,False,软件和信息技术服务业,工业软件与基础软件 / 基础软件/工业软件 / bottleneck / expansion_core_equivalent_quality_pool,strong,core,expansion_2025_doubler_discovered,Tier B,88,67
688037,芯源微,v5_hydrated,expansion_core_equivalent_quality_pool,pending_manual_approval,pending_review,59,22,3,True,strong,moderate,core_hard_tech_evidence_supported,strong,not_detected_in_existing_artifacts,moderate,strong,True,manual review of upgraded primary-source evidence before any future core-pool action,沈阳芯源微电子设备股份有限公司2025 年半年度报告 14 / 199 二、 经营情况的讨论与分析 1、主要经营数据 报告期内，公司继续提升研发力度，在前道涂胶显影、高端封装涂胶显影、前道化学清洗、 后道键合品类等多个业务板块及核心零部件方面持续加大研发投入，产品综合竞争力持续提升。 报告期内公司研发费用达到 1.32 亿元，同比增长 12.87%。公司实现营业收入 7.09 亿元，同比增 长 2.24%；归属于上市公司股东的净利润 0.16 亿元，同比降低 79.09%；归属于上市公司股东的扣 除非经常性损益的净,沈阳芯源微电子设备股份有限公司2025 年半年度报告 14 / 199 二、 经营情况的讨论与分析 1、主要经营数据 报告期内，公司继续提升研发力度，在前道涂胶显影、高端封装涂胶显影、前道化学清洗、 后道键合品类等多个业务板块及核心零部件方面持续加大研发投入，产品综合竞争力持续提升。 报告期内公司研发费用达到 1.32 亿元，同比增长 12.87%。公司实现营业收入 7.09 亿元，同比增 长 2.24%；归属于上市公司股东的净利润 0.16 亿元，同比降低 79.09%；归属于上市公司股东的扣 除非经常性损益的净,evidence=59; page_citations=22; sources=3; domain=strong; role=moderate; bottleneck=strong,,,False,False,False,专用设备制造业,其他战略性关键环节 / 国产替代/供应链约束 / bottleneck / expansion_core_equivalent_quality_pool,strong,core,expansion_2025_doubler_discovered,Tier B,88,67
688047,龙芯中科,v5_hydrated,latent_core_equivalent_quality_pool,pending_manual_approval,pending_review,54,27,3,True,strong,moderate,core_hard_tech_evidence_supported,strong,not_detected_in_existing_artifacts,moderate,strong,True,manual review of upgraded primary-source evidence before any future core-pool action,龙芯中科技术股份有限公司 2025 年半年度报告 11 / 188 第三节 管理层讨论与分析 一、 报告期内公司所属行业及主营业务情况说明 （一）公司所属行业情况 根据中国证监会 《上市公司行业分类指引》 （2017 年修订） ， 公司属于制造业中的 “计算机、 通信和其他电子设备制造业” ， 行业代码为 “C39” 。 根据国家发展和改革委员会 《战略性新兴产 业重点产品和服务指导目录（2016 年修订）》，公司主要产品属于目录中“1 新一代信息技术之 1.3 电子核心产业之 1.3.1 集成电路”。根据国家统计,龙芯中科技术股份有限公司 2025 年半年度报告 11 / 188 第三节 管理层讨论与分析 一、 报告期内公司所属行业及主营业务情况说明 （一）公司所属行业情况 根据中国证监会 《上市公司行业分类指引》 （2017 年修订） ， 公司属于制造业中的 “计算机、 通信和其他电子设备制造业” ， 行业代码为 “C39” 。 根据国家发展和改革委员会 《战略性新兴产 业重点产品和服务指导目录（2016 年修订）》，公司主要产品属于目录中“1 新一代信息技术之 1.3 电子核心产业之 1.3.1 集成电路”。根据国家统计,evidence=54; page_citations=27; sources=3; domain=strong; role=moderate; bottleneck=strong,,,False,False,False,计算机、通信和其他电子设备制造业,工业软件与基础软件 / 基础软件/工业软件 / bottleneck / latent_core_equivalent_quality_pool,strong,core,latent_primary_source_backfill_batch1_rerun_v2,Tier B,89,70
688048,长光华芯,v5_hydrated,expansion_core_equivalent_quality_pool,pending_manual_approval,pending_review,68,32,3,True,strong,moderate,core_hard_tech_evidence_supported,strong,not_detected_in_existing_artifacts,moderate,strong,True,manual review of upgraded primary-source evidence before any future core-pool action,苏州长光华芯光电技术股份有限公司 2025 年半年度报告 10 / 196 激光雷 达与 3D 传感系 列产品 激光雷达 VLR 系列 激光雷达 EEL 系列 TOF 系列 SL 系列 光通信 芯片系 列产品 VCSEL 系列 EML 系列 DFB 系列 PIN 系列 二、 核心技术与研发进展 1. 核心技术及其先进性以及报告期内的变化情况 公司建立健全研发体系和研发管理制度，加强对研发组织管理和研发过程管理，不断强化芯 片设计、晶圆制造、芯片加工及封装测试等工艺积累，在核心技术方面屡获突破，打造了自身在 半导体激,苏州长光华芯光电技术股份有限公司 2025 年半年度报告 11 / 196 技术 发 退火、制备激光器正负电极并进行欧姆接触合金 化。 公司建立步进式自动化光刻、 程序化全自动湿 法刻蚀、 自动清洗等标准自动化工序， 可进行2 吋、 3 吋、6 吋外延晶圆流片。 公司在WaferFab 工艺和 设备方面有一定的技术积累， 可提高芯片的性能和 可生产性。 VCSEL 芯 片、 光通信 芯片 6 薄 膜 氧 化 热 处 理工艺技术 自 主 研 发 公司在外延片背面沉积了一层氧化硅、 氮化硅、 三 氧化二铝等介质材料，,evidence=68; page_citations=32; sources=3; domain=strong; role=moderate; bottleneck=strong,,,False,False,False,计算机、通信和其他电子设备制造业,光电与通信 / 光互联/光芯片 / bottleneck / expansion_core_equivalent_quality_pool,strong,core,expansion_2025_doubler_discovered,Tier B,90,77
688052,纳芯微,v5_hydrated,expansion_core_equivalent_quality_pool,pending_manual_approval,pending_review,43,26,3,True,strong,moderate,core_hard_tech_evidence_supported,strong,not_detected_in_existing_artifacts,moderate,strong,True,manual review of upgraded primary-source evidence before any future core-pool action,苏州纳芯微电子股份有限公司2025 年半年度报告 14 / 204 压力传感器 表压传感器、绝压传感 器、差压传感器等 主要基于硅的压阻效应并采用先进的 MEMS 微加工工 艺，能够实现宽温度范围下的微低压压力检测（-100kPa 到 400kPa），同时产品出厂的预校准能大幅简化客户系 统设计，可广泛应用于汽车电子、工业控制、医疗电子、 白色家电等市场。 温湿度传感 器 模拟输出温度传感器、 数字输出温度传感器、 温湿度传感器等 主要采用晶体管 PN 结温度效应并集成高精度信号调理 电路。其超高输出精度和极低的功,苏州纳芯微电子股份有限公司2025 年半年度报告 19 / 204 三、 报告期内核心竞争力分析 (一) 核心竞争力分析 √适用 □不适用 1、核心技术及研发优势 （1）核心技术储备丰富 公司作为集成电路设计企业，拥有专业的模拟芯片研发能力，并深度参与后续封装框架和测 试软件的搭建，建立了从芯片定义到设计及交付的完整管控体系。凭借多年的研发积累，公司以 信号链技术为基础，在模拟及混合信号领域开展了自主研发工作，并在传感器、信号链、电源与 驱动、第三代功率半导体等五大领域形成了多项核心技术，广泛应用于各类自研模拟及混,evidence=43; page_citations=26; sources=3; domain=strong; role=moderate; bottleneck=strong,,,False,False,False,软件和信息技术服务业,其他战略性关键环节 / 国产替代/供应链约束 / bottleneck / expansion_core_equivalent_quality_pool,strong,core,expansion_2025_doubler_discovered,Tier B,89,67
688063,派能科技,v5_hydrated,latent_standard_core_equivalent_quality_pool,pending_manual_approval,pending_review,44,20,3,True,strong,moderate,core_hard_tech_evidence_supported,strong,not_detected_in_existing_artifacts,moderate,strong,True,manual review of upgraded primary-source evidence before any future core-pool action,上海派能能源科技股份有限公司2025 年半年度报告 13 / 207 新能源并网、储充、微网、户外便携、移动应急、高空飞行、船用动力等场景，兼容小型便捷设 备至大规模电网储能系统需求。 3.筑牢产能根基，释放运营新效能 报告期内，为匹配持续增长的市场需求，公司加速产线投用与运营优化：电芯产出环比快速 提升，安徽子公司软包电芯产线实现国际家储和共享换电电池排产交付；轻型动力 PACK 产线及工 商业储能产品系统产线核心能力得到强化。通过优化各业务线研、产、销全流程，产品风险有效 降低，交付效率显著提升。成本控制方面，,上海派能能源科技股份有限公司2025 年半年度报告 13 / 207 新能源并网、储充、微网、户外便携、移动应急、高空飞行、船用动力等场景，兼容小型便捷设 备至大规模电网储能系统需求。 3.筑牢产能根基，释放运营新效能 报告期内，为匹配持续增长的市场需求，公司加速产线投用与运营优化：电芯产出环比快速 提升，安徽子公司软包电芯产线实现国际家储和共享换电电池排产交付；轻型动力 PACK 产线及工 商业储能产品系统产线核心能力得到强化。通过优化各业务线研、产、销全流程，产品风险有效 降低，交付效率显著提升。成本控制方面，,evidence=44; page_citations=20; sources=3; domain=strong; role=moderate; bottleneck=strong,,,False,False,False,电气机械和器材制造业,能源与电力电子关键环节 / 电网/能源基础设施 / bottleneck / latent_standard_core_equivalent_quality_pool,strong,core,latent_standard_primary_source_backfilled,Tier A,88,63
688082,盛美上海,v5_hydrated,expansion_core_equivalent_quality_pool,pending_manual_approval,pending_review,59,25,3,True,strong,moderate,core_hard_tech_evidence_supported,strong,not_detected_in_existing_artifacts,moderate,strong,True,manual review of upgraded primary-source evidence before any future core-pool action,盛美半导体设备（上海）股份有限公司 2025 年半年度报告 11 / 192 第三节 管理层讨论与分析 一、 报告期内公司所属行业及主营业务情况说明 （一）所属行业情况 半导体产业的发展是全球经济重要的组成部分。半导体涉及汽车电子、人工智能、服务器、 芯片、专用 IC、材料设备、物联网芯片、汽车 MCU、晶圆、封测等多个细分行业，随着生成式 人工智能技术的爆发，智能手机、AI PC 等消费电子市场的复苏，以及汽车电子、物联网等下游 市场需求的持续增长，对芯片产出的需求量与日俱增。目前，半导体产业链中材料、设备、制造,盛美半导体设备（上海）股份有限公司 2025 年半年度报告 11 / 192 第三节 管理层讨论与分析 一、 报告期内公司所属行业及主营业务情况说明 （一）所属行业情况 半导体产业的发展是全球经济重要的组成部分。半导体涉及汽车电子、人工智能、服务器、 芯片、专用 IC、材料设备、物联网芯片、汽车 MCU、晶圆、封测等多个细分行业，随着生成式 人工智能技术的爆发，智能手机、AI PC 等消费电子市场的复苏，以及汽车电子、物联网等下游 市场需求的持续增长，对芯片产出的需求量与日俱增。目前，半导体产业链中材料、设备、制造,evidence=59; page_citations=25; sources=3; domain=strong; role=moderate; bottleneck=strong,,,False,False,False,专用设备制造业,半导体 / 半导体设备 / bottleneck / expansion_core_equivalent_quality_pool,strong,core,expansion_2025_doubler_discovered,Tier B,89,70
688083,中望软件,v5_hydrated,latent_core_equivalent_quality_pool,pending_manual_approval,pending_review,32,17,3,True,strong,moderate,core_hard_tech_evidence_supported,strong,not_detected_in_existing_artifacts,moderate,strong,True,manual review of upgraded primary-source evidence before any future core-pool action,广州中望龙腾软件股份有限公司2025 年年度报告 23 / 280 用场景中的打磨仍不充足，相比国外工业软件仍具有一定差距，因此中国的工业软件行业目前整 体来看仍处于第一阶段，部分企业正向第二阶段过渡，国内高端、核心的工业软件市场仍由国外 品牌所主导。 （2）行业的基本特点 工业软件兼具“工业”与“软件”双重属性，是工业技术/知识、流程的程序化封装与复用， 能够在数字空间和物理空间定义工业产品和生产设备的形状、结构，控制其运动状态，预测其变 化规律，是现代工业的“灵魂”。 工业软件是工业技术和软件技术的融合，是对工,广州中望龙腾软件股份有限公司2025 年年度报告 23 / 280 用场景中的打磨仍不充足，相比国外工业软件仍具有一定差距，因此中国的工业软件行业目前整 体来看仍处于第一阶段，部分企业正向第二阶段过渡，国内高端、核心的工业软件市场仍由国外 品牌所主导。 （2）行业的基本特点 工业软件兼具“工业”与“软件”双重属性，是工业技术/知识、流程的程序化封装与复用， 能够在数字空间和物理空间定义工业产品和生产设备的形状、结构，控制其运动状态，预测其变 化规律，是现代工业的“灵魂”。 工业软件是工业技术和软件技术的融合，是对工,evidence=32; page_citations=17; sources=3; domain=strong; role=moderate; bottleneck=strong,,,False,False,False,软件和信息技术服务业,工业软件与基础软件 / 基础软件/工业软件 / bottleneck / latent_core_equivalent_quality_pool,sufficient,core,latent_primary_source_backfill_batch1_rerun_v2,Tier B,87,58
688095,福昕软件,v5_hydrated,latent_core_equivalent_quality_pool,pending_manual_approval,pending_review,49,24,3,True,strong,moderate,core_hard_tech_evidence_supported,strong,not_detected_in_existing_artifacts,moderate,strong,True,manual review of upgraded primary-source evidence before any future core-pool action,福建福昕软件开发股份有限公司2025 年半年度报告 14 / 220 PDF 电子文档领域，人工智能相关技术的运用可以提供更智能的文档解决方案，促进知识工作者 提升对于内容的获取与处理效率。 （3）PDF 标准演进与结构拓展引领行业应用升级 PDF 已成为电子文档交换格式的事实标准，其文档自诞生以来长期成为文档存储和交互的上 佳载体而广泛应用于各行各业。同时，基于 PDF 的核心技术，可以扩展更多的行业应用新场景。 以工程行业为例，3D 模型技术激发了传统文档管理，推动了 PDF 在设计图纸交互、审阅、测量 等场景,福建福昕软件开发股份有限公司2025 年半年度报告 26 / 220 非企业会计准则财务指标变动情况分析及展望 √适用 □不适用 详见“第二节 公司简介和主要财务指标”之“十、非企业会计准则业绩指标说明”。 报告期内公司经营情况的重大变化，以及报告期内发生的对公司经营情况有重大影响和预计未来 会有重大影响的事项 □适用 √不适用 三、 报告期内核心竞争力分析 (一) 核心竞争力分析 √适用 □不适用 1、技术创新优势 公司所处软件和信息技术服务业属于技术、人才密集型行业，行业企业需要持续投入大量资 源进行技术研发。,evidence=49; page_citations=24; sources=3; domain=strong; role=moderate; bottleneck=strong,,,False,False,False,软件和信息技术服务业,工业软件与基础软件 / 基础软件/工业软件 / bottleneck / latent_core_equivalent_quality_pool,strong,core,latent_primary_source_backfill_batch1_rerun_v2,Tier B,89,67
688097,博众精工,v5_hydrated,expansion_core_equivalent_quality_pool,pending_manual_approval,pending_review,88,41,3,True,strong,moderate,core_hard_tech_evidence_supported,strong,not_detected_in_existing_artifacts,moderate,strong,True,manual review of upgraded primary-source evidence before any future core-pool action,博众精工科技股份有限公司2025 年半年度报告 11 / 208 博众精工是一家专注于研发和创新的技术驱动型企业，自创立以来，深耕智能制造装备领域， 主要从事自动化设备、自动化柔性生产线以及工装夹（治）具等产品的研发、设计、生产、销售 及技术服务。同时，公司亦可为客户提供智能工厂的整体解决方案。 公司凭借领先的研发实力、可靠的产品质量、快速的产品交付能力和优质的客户服务，一方 面持续巩固在消费电子领域的优势，深度绑定大客户；另一方面积极发展锂电标准设备、新能源 汽车换电站、智慧仓储物流、汽车自动化、半导体及仪器仪表,"博众精工科技股份有限公司2025 年半年度报告 39 / 208 三、 报告期内核心竞争力分析 (一) 核心竞争力分析 √适用 □不适用 1、技术研发优势 （1）自主研发投入大，技术成果丰硕 公司是一家专注于自主研发的技术驱动型企业，通过持续的研发投入，公司在工业自动化底 层技术方面已经积累了深厚的基础。凭借着深厚的底层核心技术，公司形成了机器视觉系统、高 精度气密性检测系统、高精度模组组装系统等核心技术模块，能够广泛运用于下游的消费电子、 新能源及其他高端装备等领域。 报告期内，公司研发投入 23,558.91",evidence=88; page_citations=41; sources=3; domain=strong; role=moderate; bottleneck=strong,,,False,False,False,专用设备制造业,其他战略性关键环节 / 国产替代/供应链约束 / bottleneck / expansion_core_equivalent_quality_pool,strong,core,expansion_2025_doubler_discovered,Tier B,91,86
688106,金宏气体,v5_hydrated,expansion_core_equivalent_quality_pool,pending_manual_approval,pending_review,44,23,3,True,strong,moderate,core_hard_tech_evidence_supported,strong,not_detected_in_existing_artifacts,moderate,strong,True,manual review of upgraded primary-source evidence before any future core-pool action,"金宏气体股份有限公司2025 年半年度报告 数据来源：中商产业研究院 钢铁、石油化工等传统行业及节能环保、新材料、新能源、高端装备制造等下游应用领域的 稳定增长推动我国大宗气体市场规模由 2021 年的 1,456 亿元增长至 2023 年的 1,664 亿元，2021 年至 2023 年的年均复合增长率为 6.90%；特种气体的应用领域主要为战略新兴产业，随着我国集 成电路、液晶面板、光伏等泛半导体产业的快速发展，带动我国特种气体市场规模由 2017 年的 175 亿元增长至 2023 年的 496 亿元，201","金宏气体股份有限公司2025 年半年度报告 消费占比达到 20%左右，重点领域和行业节能降碳改造形成节能量约 5,000 万吨标准煤、减排二 氧化碳约 1.3 亿吨。方案还包含化石能源消费减量替代行动、非化石能源消费提升行动、钢铁行 业节能降碳行动、石化化工行业节能降碳行动等重点任务。 除二氧化碳回收外，还有氢气、天然气、氯化氢、氯气、氨气、氧化亚氮、氦气等回收。因 此，未来尾气回收模式将会加快速度发展，占工业气体产量的比重将逐年提升。 （5）国内气体企业整合提速 2021 年我国工业气体市场规模约为 1,798",evidence=44; page_citations=23; sources=3; domain=strong; role=moderate; bottleneck=strong,,,False,False,False,化学原料和化学制品制造业,半导体 / 半导体材料 / bottleneck / expansion_core_equivalent_quality_pool,strong,core,expansion_2025_doubler_discovered,Tier B,88,65
688108,赛诺医疗,v5_hydrated,false_negative_rescue_core_equivalent_quality_pool,pending_manual_approval,pending_review,45,25,3,True,strong,moderate,core_hard_tech_evidence_supported,strong,not_detected_in_existing_artifacts,moderate,strong,True,manual review of upgraded primary-source evidence before any future core-pool action,赛诺医疗科学技术股份有限公司 2025 年半年度报告 11 / 179 并加速国产化替代的阶段。根据《脑血管病防治指南（2024年版）》数据显示，早在2019年，我国新发卒 中约 394万例，占全球新发病例的1/3，我国现存患病的卒中患者更是规模庞大。人口老龄化的趋势下，心 脑血管疾病治疗需求快速增长，国产神经介入器械技术的发展和创新为脑血管疾病治疗的安全性和有效性 开辟了新思路和治疗途径。 结构性心脏病是近十余年心血管疾病领域一个新型的亚专业，是涉及材料学、力学、生物学等高精尖技 术的介入器械领域，其产品主要包括,赛诺医疗科学技术股份有限公司 2025 年半年度报告 11 / 179 并加速国产化替代的阶段。根据《脑血管病防治指南（2024年版）》数据显示，早在2019年，我国新发卒 中约 394万例，占全球新发病例的1/3，我国现存患病的卒中患者更是规模庞大。人口老龄化的趋势下，心 脑血管疾病治疗需求快速增长，国产神经介入器械技术的发展和创新为脑血管疾病治疗的安全性和有效性 开辟了新思路和治疗途径。 结构性心脏病是近十余年心血管疾病领域一个新型的亚专业，是涉及材料学、力学、生物学等高精尖技 术的介入器械领域，其产品主要包括,evidence=45; page_citations=25; sources=3; domain=strong; role=moderate; bottleneck=strong,,,False,False,False,专用设备制造业,高端制造装备 / 专用设备宽口径 / concept_only / false_negative_rescue_core_equivalent_quality_pool,strong,core,false_negative_rescue_backfilled,Excluded,82,66
688112,鼎阳科技,v5_hydrated,expansion_core_equivalent_quality_pool,pending_manual_approval,pending_review,46,27,3,True,strong,moderate,core_hard_tech_evidence_supported,strong,not_detected_in_existing_artifacts,moderate,strong,True,manual review of upgraded primary-source evidence before any future core-pool action,深圳市鼎阳科技股份有限公司2025 年半年度报告 10 / 155 相当高，行业内企业只有通过长期的技术积累才能实现从低端到高端产品的迭代，对行业外企业 形成了较高的技术门槛。 数字示波器和任意波形发生器的技术门槛主要在于前端模拟电路、数字信号处理算法、软件 平台等。该类产品没有厂家提供现成的方案，从硬件最底层到软件最上层均需要自行研发。随着 带宽和分辨率等指标的提升，数字示波器和任意波形发生器的技术门槛迅速抬升，对模拟电路设 计、芯片应用和控制算法的要求极高。 射频微波信号发生器、频谱分析仪和矢量网络分析仪等射频,深圳市鼎阳科技股份有限公司2025 年半年度报告 10 / 155 相当高，行业内企业只有通过长期的技术积累才能实现从低端到高端产品的迭代，对行业外企业 形成了较高的技术门槛。 数字示波器和任意波形发生器的技术门槛主要在于前端模拟电路、数字信号处理算法、软件 平台等。该类产品没有厂家提供现成的方案，从硬件最底层到软件最上层均需要自行研发。随着 带宽和分辨率等指标的提升，数字示波器和任意波形发生器的技术门槛迅速抬升，对模拟电路设 计、芯片应用和控制算法的要求极高。 射频微波信号发生器、频谱分析仪和矢量网络分析仪等射频,evidence=46; page_citations=27; sources=3; domain=strong; role=moderate; bottleneck=strong,,,False,False,False,仪器仪表制造业,其他战略性关键环节 / 国产替代/供应链约束 / bottleneck / expansion_core_equivalent_quality_pool,strong,core,expansion_2025_doubler_discovered,Tier B,89,68
688114,华大智造,v5_hydrated,latent_core_equivalent_quality_pool,pending_manual_approval,pending_review,50,24,3,True,strong,moderate,core_hard_tech_evidence_supported,strong,not_detected_in_existing_artifacts,moderate,strong,True,manual review of upgraded primary-source evidence before any future core-pool action,深圳华大智造科技股份有限公司2025 年半年度报告 21 / 279 统揭示生物分子互作网络，将新业务板块升级为多组学板块（OMICS）。当前，公司全读长测序 业务板块（SEQ ALL）的研发与生产已稳居行业领先地位。 然而，地缘政治的紧张局势加剧了国际科研合作与商业行为的复杂性；叠加近期全球宏观经 济低迷，各国科研经费支出的不确定性从而导致部分实验室推迟设备更新与项目扩张；临床转化 周期延长，即便技术成熟度提升，但多国资质认证流程仍存在滞后性，拖累产品临床商业化节奏。 此外，测序上游企业间的价格竞争加剧短期抑制行,深圳华大智造科技股份有限公司2025 年半年度报告 21 / 279 统揭示生物分子互作网络，将新业务板块升级为多组学板块（OMICS）。当前，公司全读长测序 业务板块（SEQ ALL）的研发与生产已稳居行业领先地位。 然而，地缘政治的紧张局势加剧了国际科研合作与商业行为的复杂性；叠加近期全球宏观经 济低迷，各国科研经费支出的不确定性从而导致部分实验室推迟设备更新与项目扩张；临床转化 周期延长，即便技术成熟度提升，但多国资质认证流程仍存在滞后性，拖累产品临床商业化节奏。 此外，测序上游企业间的价格竞争加剧短期抑制行,evidence=50; page_citations=24; sources=3; domain=strong; role=moderate; bottleneck=strong,,,False,False,False,专用设备制造业,工业软件与基础软件 / 基础软件/工业软件 / bottleneck / latent_core_equivalent_quality_pool,strong,core,latent_primary_source_backfill_batch1_rerun_v2,Tier B,89,67
688120,华海清科,v5_hydrated,internal_quality_pool,pending_manual_approval,pending_review,49,21,3,True,strong,moderate,core_hard_tech_evidence_supported,strong,low,moderate,strong,True,manual review of upgraded primary-source evidence before any future core-pool action,华海清科股份有限公司2025 年半年度报告 17/213 公司主要通过直销模式销售产品，与潜在客户商务谈判或通过招投标等方式获取订单，公司 设有市场营销部负责市场开发、产品的销售，同时技术服务中心的服务工程师在客户所在地驻场 工作，负责公司产品的安装、调试、保修、维修、技术咨询。同时，公司也从事 CMP 等装备有关 的耗材、配件销售以及相关技术服务，对于客户的设备耗材、备件以及维保、工艺测试、设备升 级、晶圆再生等服务需求，公司在与之签订相关合同或订单后，协调公司有关部门完成相关发货、 安装、测试等。 新增重要非主,华海清科股份有限公司2025 年半年度报告 17/213 公司主要通过直销模式销售产品，与潜在客户商务谈判或通过招投标等方式获取订单，公司 设有市场营销部负责市场开发、产品的销售，同时技术服务中心的服务工程师在客户所在地驻场 工作，负责公司产品的安装、调试、保修、维修、技术咨询。同时，公司也从事 CMP 等装备有关 的耗材、配件销售以及相关技术服务，对于客户的设备耗材、备件以及维保、工艺测试、设备升 级、晶圆再生等服务需求，公司在与之签订相关合同或订单后，协调公司有关部门完成相关发货、 安装、测试等。 新增重要非主,evidence=49; page_citations=21; sources=3; domain=strong; role=moderate; bottleneck=strong,,,False,False,False,专用设备制造业,半导体 / 半导体设备 / chokepoint / internal_quality_pool,strong,core,canonical_90_internal_manual_review,Tier A,88,64
688125,安达智能,v5_hydrated,false_negative_rescue_core_equivalent_quality_pool,pending_manual_approval,pending_review,58,25,3,True,strong,moderate,core_hard_tech_evidence_supported,strong,not_detected_in_existing_artifacts,moderate,strong,True,manual review of upgraded primary-source evidence before any future core-pool action,广东安达智能装备股份有限公司2025 年半年度报告 10 / 197 智能装备制造业的下游应用领域非常广泛，主要包括消费电子、新能源、汽车制造、半导体、 医疗器械、家居等行业。其中，因 3C 产品的消费属性明显、产业庞大、更新换代周期较短，所 以智能装备在消费电子领域得到了较快发展。目前，起步较早且竞争激烈的消费电子逐渐趋于稳 定发展态势，相较之下，我国光伏、新能源汽车、储能、半导体市场正处于快速发展阶段，智能 装备是这些下游企业生产经营的基础设备，下游行业的快速增长将会显著推动智能装备市场容量 的扩大，应用市场前,广东安达智能装备股份有限公司2025 年半年度报告 10 / 197 智能装备制造业的下游应用领域非常广泛，主要包括消费电子、新能源、汽车制造、半导体、 医疗器械、家居等行业。其中，因 3C 产品的消费属性明显、产业庞大、更新换代周期较短，所 以智能装备在消费电子领域得到了较快发展。目前，起步较早且竞争激烈的消费电子逐渐趋于稳 定发展态势，相较之下，我国光伏、新能源汽车、储能、半导体市场正处于快速发展阶段，智能 装备是这些下游企业生产经营的基础设备，下游行业的快速增长将会显著推动智能装备市场容量 的扩大，应用市场前,evidence=58; page_citations=25; sources=3; domain=strong; role=moderate; bottleneck=strong,,,False,False,False,专用设备制造业,高端制造装备 / 专用设备宽口径 / concept_only / false_negative_rescue_core_equivalent_quality_pool,strong,core,false_negative_rescue_backfilled,Excluded,82,69
688127,蓝特光学,v5_hydrated,false_negative_rescue_core_equivalent_quality_pool,pending_manual_approval,pending_review,62,21,3,True,strong,moderate,core_hard_tech_evidence_supported,strong,not_detected_in_existing_artifacts,moderate,strong,True,manual review of upgraded primary-source evidence before any future core-pool action,浙江蓝特光学股份有限公司2025 年半年度报告 12 / 200 切割、光刻等深加工。深加工玻璃晶圆产品主要应用于晶圆级镜头封装、AR/VR、汽车 LOGO 投 影等领域。 3、主要经营模式 （1）采购模式 公司采购的生产物料主要包括玻璃原材料和生产过程中所需的辅料等，通常采用“以产定购+ 合理备货”的方式进行采购。“以产定购”主要是针对产品生产所需而确定原材料及辅料的采购 量；“合理备货”主要是为确保能随时响应终端客户的产品需求，对部分原材料和辅料进行提前 采购备货。 （2）生产模式 公司通常采用“以销定产+合理,"浙江蓝特光学股份有限公司2025 年半年度报告 13 / 200 二、 经营情况的讨论与分析 2025 年上半年，全球经济在多重不确定性交织的宏观环境下，对于企业经营提出了新的要求 与挑战。公司坚持以技术拓市场，以市场和客户需求为导向，建立健全创新机制，改进管理体系， 各项工作平稳推进，现将 2025 年半年度工作情况报告如下： （一）业务方面 报告期内，公司实现营业收入 576,893,573.57 元，较上年同期上升 52.54%；归属于母公司所 有者的净利润 103,363,847.13 元，较上年同期上升",evidence=62; page_citations=21; sources=3; domain=strong; role=moderate; bottleneck=strong,,,False,False,False,仪器仪表制造业,高端仪器仪表与科学仪器 / 仪器仪表制造业 / concept_only / false_negative_rescue_core_equivalent_quality_pool,strong,core,false_negative_rescue_backfilled,Excluded,81,67
688143,长盈通,v5_hydrated,expansion_core_equivalent_quality_pool,pending_manual_approval,pending_review,47,23,3,True,strong,moderate,core_hard_tech_evidence_supported,strong,not_detected_in_existing_artifacts,moderate,strong,True,manual review of upgraded primary-source evidence before any future core-pool action,武汉长盈通光电技术股份有限公司2025 年半年度报告 27 / 260 产方式。为及时满足客户需求，提高客户订单交付效率，公司基于客户、市场调研信息和在手订 单情况，综合现有产能、库存及产品结构等因素对整体需求进行预估，按周编制审核生产计划并 实施，并根据动态更新情况及时进行调整。 4、研发模式 公司秉持“创新驱动发展，技术引领未来”的核心理念，构建了以自主研发为主导、市场需 求为导向、产学研用深度融合的研发体系。这一体系不仅确保了公司在光纤传感、激光应用、智 能制造等核心技术领域的持续突破，还促进了科技成果的高效,武汉长盈通光电技术股份有限公司2025 年半年度报告 27 / 260 产方式。为及时满足客户需求，提高客户订单交付效率，公司基于客户、市场调研信息和在手订 单情况，综合现有产能、库存及产品结构等因素对整体需求进行预估，按周编制审核生产计划并 实施，并根据动态更新情况及时进行调整。 4、研发模式 公司秉持“创新驱动发展，技术引领未来”的核心理念，构建了以自主研发为主导、市场需 求为导向、产学研用深度融合的研发体系。这一体系不仅确保了公司在光纤传感、激光应用、智 能制造等核心技术领域的持续突破，还促进了科技成果的高效,evidence=47; page_citations=23; sources=3; domain=strong; role=moderate; bottleneck=strong,,,False,False,False,计算机、通信和其他电子设备制造业,光电与通信 / 光互联/光芯片 / bottleneck / expansion_core_equivalent_quality_pool,strong,core,expansion_2025_doubler_discovered,Tier B,88,66
688146,中船特气,v5_hydrated,data_gap_core_equivalent_quality_pool,pending_manual_approval,pending_review,65,25,3,True,strong,moderate,core_hard_tech_evidence_supported,strong,not_detected_in_existing_artifacts,moderate,strong,True,manual review of upgraded primary-source evidence before any future core-pool action,中船（邯郸）派瑞特种气体股份有限公司2025 年半年度报告 14 / 246 体管时代，部分高端集成电路产品基本以进口为主。国内电子气体工业亦刚刚起步、发展还不完 善，多处于理论探索及初步实验阶段，特种气体品种和纯度大大落后于国外。 21 世纪，跨国气体公司通过大量兼并收购，最终形成了以美国空气集团、法国液化空气、德 国林德、日本大阳日酸为首的几大巨头气体公司，垄断格局形成。我国通过多个渠道对气体行业 提供资金及政策支持，也因为半导体产业的高速发展和集成电路产业国产化率进程加快，国产电 子气体的研究及产业化生产开始,中船（邯郸）派瑞特种气体股份有限公司2025 年半年度报告 14 / 246 体管时代，部分高端集成电路产品基本以进口为主。国内电子气体工业亦刚刚起步、发展还不完 善，多处于理论探索及初步实验阶段，特种气体品种和纯度大大落后于国外。 21 世纪，跨国气体公司通过大量兼并收购，最终形成了以美国空气集团、法国液化空气、德 国林德、日本大阳日酸为首的几大巨头气体公司，垄断格局形成。我国通过多个渠道对气体行业 提供资金及政策支持，也因为半导体产业的高速发展和集成电路产业国产化率进程加快，国产电 子气体的研究及产业化生产开始,evidence=65; page_citations=25; sources=3; domain=strong; role=moderate; bottleneck=strong,,,False,False,False,计算机、通信和其他电子设备制造业,半导体 / 半导体材料 / beneficiary / data_gap_core_equivalent_quality_pool,strong,core,doubler_data_gap_primary_source_backfilled,Tier B,82,71
688147,微导纳米,v5_hydrated,expansion_core_equivalent_quality_pool,pending_manual_approval,pending_review,69,26,3,True,strong,moderate,core_hard_tech_evidence_supported,strong,not_detected_in_existing_artifacts,moderate,strong,True,manual review of upgraded primary-source evidence before any future core-pool action,江苏微导纳米科技股份有限公司2025 年半年度报告 10 / 157 产品系列 产品图示 简介 产业化 阶段 iTomic HiK 系列 原子层沉积系统 半导体领域 ALD 设备，适用于高介 电常数（High-k）栅氧层、MIM 电容 器绝缘层等薄膜工艺需求 产业化 应用 iTomic MeT 系列 原子层沉积系统 半导体领域 ALD 设备，适用于栅极 金属（Gate Metal）、MIM 金属电极、 扩散阻挡层、CuBS 层等关键工艺 产业化 应用 iTomic MW 系列 批量式原子层沉积 系统 半导体领域 A,江苏微导纳米科技股份有限公司2025 年半年度报告 15 / 157 近年来，通过国家重大专项、集成电路产业投资基金等战略举措的持续推动，以及部分民营 企业的快速崛起，我国半导体制造体系和产业生态得以建立并不断完善。我国半导体设备产业在 部分细分领域已取得显著进步，但整体国产化率仍处于较低水平，尤其在薄膜沉积等核心设备领 域，中高端产品的国产化进程明显滞后，且实际应用场景仍较为有限。 为推动我国半导体产业的发展，国家先后设立国家重大专项和国家集成电路基金，相关支持 政策不断落实与实施，本土半导体及其设备制造业迎来了,evidence=69; page_citations=26; sources=3; domain=strong; role=moderate; bottleneck=strong,,,False,False,False,专用设备制造业,半导体 / 半导体设备 / bottleneck / expansion_core_equivalent_quality_pool,strong,core,expansion_2025_doubler_discovered,Tier B,89,72
688167,炬光科技,v5_hydrated,expansion_core_equivalent_quality_pool,pending_manual_approval,pending_review,45,23,3,True,strong,moderate,core_hard_tech_evidence_supported,strong,not_detected_in_existing_artifacts,moderate,strong,True,manual review of upgraded primary-source evidence before any future core-pool action,西安炬光科技股份有限公司2025 年半年度报告 28 / 246 信息反馈给研发技术人员，协同参与为客户选型、打样、测试等流程。营销与研发、生产体系的 各方面对接高效。 在售后服务和技术支持方面，公司产品作为终端集成激光设备核心元器件，售后服务团队针 对客户疑问，通过电话沟通、赴现场实地解决，尽可能缩短售后服务周期。针对泛半导体制程解 决方案的组件和子系统产品，在向客户提供基础售后服务的同时，还通过与客户签订服务合同的 方式，销售组件及子系统延保服务和定制的售后服务包产品。公司遵循《产品入库及出货质量控 制流程》，,西安炬光科技股份有限公司2025 年半年度报告 28 / 246 信息反馈给研发技术人员，协同参与为客户选型、打样、测试等流程。营销与研发、生产体系的 各方面对接高效。 在售后服务和技术支持方面，公司产品作为终端集成激光设备核心元器件，售后服务团队针 对客户疑问，通过电话沟通、赴现场实地解决，尽可能缩短售后服务周期。针对泛半导体制程解 决方案的组件和子系统产品，在向客户提供基础售后服务的同时，还通过与客户签订服务合同的 方式，销售组件及子系统延保服务和定制的售后服务包产品。公司遵循《产品入库及出货质量控 制流程》，,evidence=45; page_citations=23; sources=3; domain=strong; role=moderate; bottleneck=strong,,,False,False,False,计算机、通信和其他电子设备制造业,光电与通信 / 光互联/光芯片 / bottleneck / expansion_core_equivalent_quality_pool,strong,core,expansion_2025_doubler_discovered,Tier B,88,65
688170,德龙激光,v5_hydrated,false_negative_rescue_core_equivalent_quality_pool,pending_manual_approval,pending_review,67,30,3,True,strong,moderate,core_hard_tech_evidence_supported,strong,not_detected_in_existing_artifacts,moderate,strong,True,manual review of upgraded primary-source evidence before any future core-pool action,苏州德龙激光股份有限公司2025 年半年度报告 12 / 226 1、 精密激光加工设备 半导体行业： 主要提供硅/碳化硅/砷化镓/钽酸锂/铌酸锂/玻璃等各种晶圆材料的激光划片、晶圆激光开 槽、碳化硅晶锭切片、碳化硅激光退火；玻璃通孔（TGV）、激光开槽（low-k）、Edge Trimming、晶圆打标、模组钻孔（TMV）、激光解键合（debonding）、辅助焊接等先进封 装应用。 电子行业： 主要提供面向汽车电子及消费电子行业中的玻璃、陶瓷、线路板（FPC/PCB）、薄膜、金 属等材料的激光切割、打标、钻孔、,苏州德龙激光股份有限公司2025 年半年度报告 14 / 226 □适用 √不适用 三、 报告期内核心竞争力分析 (一) 核心竞争力分析 √适用 □不适用 1. 技术优势 公司是国内少数能提供稳定的工业级固体超快激光器的厂商，也是国内较早实现超快激光器 激光种子源自产的少数厂商之一，核心激光器技术在行业内处于领先水平。由于精密激光加工设 备对各零部件、运动控制系统、光学系统及加工工艺有近乎极致的要求，即便资金与研发实力雄 厚的企业，也难以在短期内突破该技术。公司经过 20 年的技术研发和工艺积淀，在精密运动控 制、,evidence=67; page_citations=30; sources=3; domain=strong; role=moderate; bottleneck=strong,,,False,False,False,专用设备制造业,高端制造装备 / 专用设备宽口径 / concept_only / false_negative_rescue_core_equivalent_quality_pool,strong,core,false_negative_rescue_backfilled,Excluded,83,75
688183,生益电子,v5_hydrated,expansion_core_equivalent_quality_pool,pending_manual_approval,pending_review,44,22,3,True,strong,moderate,core_hard_tech_evidence_supported,strong,not_detected_in_existing_artifacts,moderate,strong,True,manual review of upgraded primary-source evidence before any future core-pool action,生益电子股份有限公司2025 年半年度报告 13 / 188 （3） 持续推动技术创新，增强技术竞争力 随着人工智能技术的快速发展，与之配套的高端应用对 PCB 的性能要求日益提升，推动行业 技术加速升级。面对技术迭代挑战，公司积极布局创新：通过组建专项团队保障核心项目，确保 前沿技术研发与新产品开发等战略性项目的顺利开展；加快推进 AI 服务器、800G 交换机及卫星 通信 PCB 等关键项目的产业化进程；整合优势资源成立专业技术服务团队，强化技术研发的前瞻 性布局与市场需求的有效衔接。同时，完善技术创新激励机制,生益电子股份有限公司2025 年半年度报告 13 / 188 （3） 持续推动技术创新，增强技术竞争力 随着人工智能技术的快速发展，与之配套的高端应用对 PCB 的性能要求日益提升，推动行业 技术加速升级。面对技术迭代挑战，公司积极布局创新：通过组建专项团队保障核心项目，确保 前沿技术研发与新产品开发等战略性项目的顺利开展；加快推进 AI 服务器、800G 交换机及卫星 通信 PCB 等关键项目的产业化进程；整合优势资源成立专业技术服务团队，强化技术研发的前瞻 性布局与市场需求的有效衔接。同时，完善技术创新激励机制,evidence=44; page_citations=22; sources=3; domain=strong; role=moderate; bottleneck=strong,,,False,False,False,计算机、通信和其他电子设备制造业,其他战略性关键环节 / 国产替代/供应链约束 / bottleneck / expansion_core_equivalent_quality_pool,strong,core,expansion_2025_doubler_discovered,Tier B,88,64
688187,时代电气,v5_hydrated,latent_core_equivalent_quality_pool,pending_manual_approval,pending_review,38,22,3,True,strong,moderate,core_hard_tech_evidence_supported,strong,not_detected_in_existing_artifacts,moderate,strong,True,manual review of upgraded primary-source evidence before any future core-pool action,株洲中车时代电气股份有限公司 2025 年半年度报告 11 / 232 地面电站领域国内排名行业前三。传感器件稳居轨道交通领域国内市场综合占有率第一，在新能 源汽车电驱、风电、光伏领域位居行业前列。 2、创新驱动的科技能力 公司深耕于轨道交通牵引变流系统领域， 形成了突出的科技创新实力， 并遵循 “同心多元化” 战略向相关领域进行技术延伸。目前已建立完善的研发体系，具备在产品设计、制造和检测等方 面的持续创新能力。 公司组建了技术委员会， 对科研技术工作提供决策支持， 并引入 CMMI、IPD 等管理体系与理念，建,株洲中车时代电气股份有限公司 2025 年半年度报告 16 / 232 及健康管理，对牵引系统状态修提供了有力支撑 24 自动驾驶 技术 攻克了多目标约束最优运行规划、精准跟随控制、列车纵向动力学建模、重载列车平稳操纵、重载列车运行环境仿真、自动 驾驶系统集成等关键技术，构建了安全、平稳、正点、节能的自动驾驶技术体系，形成了覆盖电力到内燃、普载到重载、货 运到客运、正线到站段的机车自动驾驶产品平台。目前该已经在西安局、太原局、浩吉铁路、包神铁路、朔黄铁路、靖神铁 路等铁路公司装车应用，达到了批量常态化运行状态，累计,evidence=38; page_citations=22; sources=3; domain=strong; role=moderate; bottleneck=strong,,,False,False,False,铁路、船舶、航空航天和其他运输设备制造业,半导体 / 功率器件/IGBT/SiC/GaN / bottleneck / latent_core_equivalent_quality_pool,strong,core,latent_primary_source_backfill_batch1_rerun_v2,Tier B,88,63
688190,云路股份,v5_hydrated,internal_quality_pool,pending_manual_approval,pending_review,71,30,3,True,strong,moderate,core_hard_tech_evidence_supported,strong,low,moderate,strong,True,manual review of upgraded primary-source evidence before any future core-pool action,青岛云路先进材料技术股份有限公司2025 年半年度报告 10/177 公司非晶合金板块主要产品包括非晶合金薄带及其制品非晶铁心，非晶铁心是非晶变压器的 核心部件，主要应用于电力配送领域。作为非晶合金材料行业的龙头企业，报告期内，公司始终 保持国内市场份额的领先地位，同时着力布局印度、韩国、越南等电力需求旺盛的海外国家和地 区，非晶合金产品良好的节能环保特性，得到下游客户的充分认可。 （1）非晶合金薄带 非晶合金又称“液态金属或金属玻璃”，其主要制品非晶合金薄带是采用急速冷却技术将合 金熔液以每秒百万度的速度快速冷却,青岛云路先进材料技术股份有限公司2025 年半年度报告 11/177 非晶立体卷变压器凭借优异性能、低损耗优势，得到终端用户广泛认可，尤其在一级、二级能效 的配电变压器领域中，市场份额持续提升。 产品名称 产品图片 产品简介及功能特点 非晶立体卷铁心 变压器三相对称平衡性好，抗突发短路能 力强，适合自动化、无人化制造，为提升 电网运行质量提供了更新更优的解决方案 2.纳米晶合金板块 纳米晶合金是将含铁、硅、硼、铌、铜等元素的合金熔液，通过急速、高精度冷却技术，在 非晶基础上形成弥散、均匀纳米岛屿结构的材料，具有较高,evidence=71; page_citations=30; sources=3; domain=strong; role=moderate; bottleneck=strong,,,False,False,False,黑色金属冶炼和压延加工业,新材料 / 高端磁性/电感材料 / bottleneck / internal_quality_pool,strong,core,canonical_90_internal_manual_review,Tier A,90,76
688195,腾景科技,v5_hydrated,expansion_core_equivalent_quality_pool,pending_manual_approval,pending_review,71,28,3,True,strong,moderate,core_hard_tech_evidence_supported,strong,not_detected_in_existing_artifacts,moderate,strong,True,manual review of upgraded primary-source evidence before any future core-pool action,腾景科技股份有限公司2025 年半年度报告 12 / 191 消费级市场。根据洛图科技（RUNTO）的最新数据，2024 年全球 AR（增强现实）设备的出货量将 达到 78.2 万台。其中，中国消费级 AR 零售市场实现了近 30 万台的销量，预计到 2025 年销量将 增至 45.2 万台，同比增长率预计为 72%。AR 产业已被纳入数字经济的重点产业，并被纳入“十四 五”国家规划布局。毫无疑问，随着 5G、大数据、云计算、AIGC 等新一代信息技术的迅猛发展， 以及万物互联时代的到来，AR 技术与行业应用的融合,腾景科技股份有限公司2025 年半年度报告 12 / 191 消费级市场。根据洛图科技（RUNTO）的最新数据，2024 年全球 AR（增强现实）设备的出货量将 达到 78.2 万台。其中，中国消费级 AR 零售市场实现了近 30 万台的销量，预计到 2025 年销量将 增至 45.2 万台，同比增长率预计为 72%。AR 产业已被纳入数字经济的重点产业，并被纳入“十四 五”国家规划布局。毫无疑问，随着 5G、大数据、云计算、AIGC 等新一代信息技术的迅猛发展， 以及万物互联时代的到来，AR 技术与行业应用的融合,evidence=71; page_citations=28; sources=3; domain=strong; role=moderate; bottleneck=strong,,,False,False,False,计算机、通信和其他电子设备制造业,光电与通信 / 光互联/光芯片 / bottleneck / expansion_core_equivalent_quality_pool,strong,core,expansion_2025_doubler_discovered,Tier B,89,74
688199,久日新材,v5_hydrated,data_gap_core_equivalent_quality_pool,pending_manual_approval,pending_review,82,42,3,True,strong,moderate,core_hard_tech_evidence_supported,strong,not_detected_in_existing_artifacts,moderate,strong,True,manual review of upgraded primary-source evidence before any future core-pool action,天津久日新材料股份有限公司2025 年半年度报告 12 / 211 务未来发展前景广阔。更为可喜的是，太阳能光伏镀铜工艺替代传统银浆工艺；在新兴的锂电池 制造领域，UV 喷墨打印材料已经开始替代传统的蓝膜材料；在更先进的固态电池制造和关键的电 池胶框印刷工艺迭代中，UV 打印技术也脱颖而出，将助力固态电池制造。随着这些新兴产业的迅 猛发展，UV 材料以及光引发剂的需求将会进一步爆发式增长。 （2）半导体行业 半导体化学材料是指用来生产芯片等电子产品的直接和间接辅助材料，种类繁多，包括硅片、 光刻胶及配套试剂、高纯试,天津久日新材料股份有限公司2025 年半年度报告 12 / 211 务未来发展前景广阔。更为可喜的是，太阳能光伏镀铜工艺替代传统银浆工艺；在新兴的锂电池 制造领域，UV 喷墨打印材料已经开始替代传统的蓝膜材料；在更先进的固态电池制造和关键的电 池胶框印刷工艺迭代中，UV 打印技术也脱颖而出，将助力固态电池制造。随着这些新兴产业的迅 猛发展，UV 材料以及光引发剂的需求将会进一步爆发式增长。 （2）半导体行业 半导体化学材料是指用来生产芯片等电子产品的直接和间接辅助材料，种类繁多，包括硅片、 光刻胶及配套试剂、高纯试,evidence=82; page_citations=42; sources=3; domain=strong; role=moderate; bottleneck=strong,,,False,False,False,化学原料和化学制品制造业,半导体 / 半导体材料 / beneficiary / data_gap_core_equivalent_quality_pool,strong,core,doubler_data_gap_primary_source_backfilled,Tier B,84,86
688200,华峰测控,v5_hydrated,expansion_core_equivalent_quality_pool,pending_manual_approval,pending_review,55,24,3,True,strong,moderate,core_hard_tech_evidence_supported,strong,not_detected_in_existing_artifacts,moderate,strong,True,manual review of upgraded primary-source evidence before any future core-pool action,北京华峰测控技术股份有限公司2025 年半年度报告 11 / 174 市场最强劲的需求来自 AI 服务器及相关数据中心建设。生成式 AI 应用的持续爆发，直接引 爆了对高性能计算（HPC）芯片、高带宽存储器（HBM）和先进封装（如 CoWoS）的需求。据多家 机构预测，2025 年 AI 服务器市场增速超过 30%，HBM 市场更是供不应求，成为拉动整个半导体行 业增长的核心力量。 消费电子：温和复苏，技术革新注入新动能 经历了前两年的调整，全球消费电子市场企稳回暖。在中国，得益于“以旧换新”等政策刺 激，上半年社,"北京华峰测控技术股份有限公司2025 年半年度报告 12 / 174 53,445.60 万元，同比增长 40.99%；扣除非经常性损益后的净利润为 17,484.04 万元，同比增长 37.66%，核心竞争力和行业地位得到进一步巩固。 2、深化创新驱动，构筑核心技术壁垒 公司将技术创新确立为发展的核心动力和战略支柱。随着国产化替代的深入推进以及下游市 场对先进测试设备和整体解决方案需求的不断提升，公司持续加大研发投入，着力突破关键核心 技术。报告期内，公司研发投入达 11,089.44 万元，同比增长 43.98",evidence=55; page_citations=24; sources=3; domain=strong; role=moderate; bottleneck=strong,,,False,False,False,专用设备制造业,其他战略性关键环节 / 国产替代/供应链约束 / bottleneck / expansion_core_equivalent_quality_pool,strong,core,expansion_2025_doubler_discovered,Tier B,89,68
688215,瑞晟智能,v5_hydrated,false_negative_rescue_core_equivalent_quality_pool,pending_manual_approval,pending_review,89,35,3,True,strong,moderate,core_hard_tech_evidence_supported,strong,not_detected_in_existing_artifacts,moderate,strong,True,manual review of upgraded primary-source evidence before any future core-pool action,浙江瑞晟智能科技股份有限公司2025 年半年度报告 11 / 207 第三节 管理层讨论与分析 一、 报告期内公司所属行业及主营业务情况说明 （一）公司主营业务情况 1、公司主要业务 公司是一家专业的智能工厂解决方案供应商，专注于工业生产中的智能物料传送、仓储、分 拣系统、智能消防排烟及通风系统的研发、生产及销售。公司的智能物流系统产品下游客户主要 集中于服装、家纺、家居等缝制行业，公司可以为其提供自动化、数字化、智能化的工厂内部生 产物流整体解决方案，公司是细分行业主要市场参与者之一。同时公司的产品也应用到汽车零,"浙江瑞晟智能科技股份有限公司2025 年半年度报告 17 / 207 新增重要非主营业务情况 □适用 √不适用 二、 经营情况的讨论与分析 报告期内，公司继续深耕智能工厂装备业务，聚焦技术创新，加大市场开拓力度，在“一个平 台两个产业”的战略思想指导下，不断推进公司核心竞争力的提升，公司主营业务收入保持稳步增 长。2025 年半年度公司实现收入 18,504.40 万元，比上年同期增加 1.01%，实现归属于上市公司 股东的净利润 373.94 万元，比上年同期减少 32.02%，实现归属于上市公司股东的扣除非经常",evidence=89; page_citations=35; sources=3; domain=strong; role=moderate; bottleneck=strong,,,False,False,False,专用设备制造业,高端制造装备 / 专用设备宽口径 / concept_only / false_negative_rescue_core_equivalent_quality_pool,strong,core,false_negative_rescue_backfilled,Excluded,83,81
688218,江苏北人,v5_hydrated,expansion_core_equivalent_quality_pool,pending_manual_approval,pending_review,46,21,3,True,strong,moderate,core_hard_tech_evidence_supported,strong,not_detected_in_existing_artifacts,moderate,strong,True,manual review of upgraded primary-source evidence before any future core-pool action,江苏北人智能制造科技股份有限公司2025 年半年度报告 15 / 188 定制化的解决方案和软硬件产品，积累模型库、工艺软件包等经验知识，深度融合机器人控制软 件和集成应用系统，发展基于工业机器人的智能制造系统，助力制造业数字化转型、智能化变革。 “机器人﹢”时代的到来，意味着机器人将在更大范围内得到应用，公司所处的智能制造整体解 决方案领域将迎来重大发展机遇。 （2）行业基本特点 工业机器人行业按产业链分为上游、中游、下游和行业应用。上游为减速器、伺服系统、控 制系统等核心零部件生产；中游为工业机器人本体生产；下,江苏北人智能制造科技股份有限公司2025 年半年度报告 15 / 188 定制化的解决方案和软硬件产品，积累模型库、工艺软件包等经验知识，深度融合机器人控制软 件和集成应用系统，发展基于工业机器人的智能制造系统，助力制造业数字化转型、智能化变革。 “机器人﹢”时代的到来，意味着机器人将在更大范围内得到应用，公司所处的智能制造整体解 决方案领域将迎来重大发展机遇。 （2）行业基本特点 工业机器人行业按产业链分为上游、中游、下游和行业应用。上游为减速器、伺服系统、控 制系统等核心零部件生产；中游为工业机器人本体生产；下,evidence=46; page_citations=21; sources=3; domain=strong; role=moderate; bottleneck=strong,,,False,False,False,通用设备制造业,能源与电力电子关键环节 / 电网/能源基础设施 / bottleneck / expansion_core_equivalent_quality_pool,strong,core,expansion_2025_doubler_discovered,Tier A,88,64
688227,品高股份,v5_hydrated,expansion_core_equivalent_quality_pool,pending_manual_approval,pending_review,57,28,3,True,strong,moderate,core_hard_tech_evidence_supported,strong,not_detected_in_existing_artifacts,moderate,strong,True,manual review of upgraded primary-source evidence before any future core-pool action,广州市品高软件股份有限公司2025 年半年度报告 11 / 194 栈企业级云平台和信息化服务。经过多年的研发，公司目前拥有以云计算为核心的基础产品 BingoCloudOS、BingoFuse、BingoInsight 和 BingoLink 等。 公司的业务包括两大类，云计算业务和行业信息化业务。云计算业务主要是以公司自主研 发的云产品为基础，为行业客户构建私有云或专属云基础环境，为客户 IT 系统入云、应用入云、 数据入云提供支撑，解决客户基础架构及平台层面的需求。云计算业务有三种模式：云产品销 售模式、云解,广州市品高软件股份有限公司2025 年半年度报告 12 / 194 （四）市场地位 1、公司自成立以来，先后承担了 1 项国家 863 计划重大专项、1 项国家创新基金项目、7 项省级和多项市级的重点科技项目，连续 4 年被评为国家规划布局内重点软件企业，取得广东 省科学技术二等奖等荣誉，设立了广东省面向软件定义架构的云计算大数据工程技术研究中心、 广州市基础架构云技术研究重点实验室、广州市公共服务云工程技术研究开发中心等省市级实 验室和研究中心，并参与了多项国家级行业标准和规范的制定。公司已获得私有云 IaaS,evidence=57; page_citations=28; sources=3; domain=strong; role=moderate; bottleneck=strong,,,False,False,False,软件和信息技术服务业,其他战略性关键环节 / 国产替代/供应链约束 / bottleneck / expansion_core_equivalent_quality_pool,strong,core,expansion_2025_doubler_discovered,Tier B,89,71
688233,神工股份,v5_hydrated,internal_quality_pool,pending_manual_approval,pending_review,61,22,3,True,strong,moderate,core_hard_tech_evidence_supported,strong,low,moderate,strong,True,manual review of upgraded primary-source evidence before any future core-pool action,"锦州神工半导体股份有限公司2025 年半年度报告 10 / 185 芯片制造对硅材料及其制成品的物理化学性质提出了更严苛的要求；中国芯片制造产能国产化进 程，正在持续考验公司的定制化研发能力以及生产规模扩张的速度和质量。 目前公司半导体大尺寸硅片项目的正片产品仍处于下游客户评估认证阶段，因此该项目产生 效益暂时与固定资产和无形资产投资带来的折旧和摊销存在一定差距。以上因素在短期内对公司 盈利能力造成了一定影响。 报告期内，公司实现营业收入 20,852.77 万元，较去年同期增长 66.53%；归属于上市公司 股东",锦州神工半导体股份有限公司2025 年半年度报告 11 / 185 公司以简易程序向特定对象发行股票募集资金投资项目“集成电路刻蚀设备用硅材料扩产项 目”仍在实施中，新建的刻蚀用硅材料生产线，将满足下游日益增长的不同尺寸的市场需求。 市场信息显示，随着本轮半导体库存调整周期逐渐结束并再次进入景气周期，大直径硅材料 的市场需求将继续增加。这一方面因为半导体市场的整体增长，另一方面是芯片制程对线宽的要 求更加严苛且高深宽比刻蚀的应用增多，因此在单片硅片的刻蚀次数及相应的硅零部件消耗量正 在增加，集成电路制造厂商的刻蚀设,evidence=61; page_citations=22; sources=3; domain=strong; role=moderate; bottleneck=strong,,,False,False,False,计算机、通信和其他电子设备制造业,其他战略性关键环节 / 国产替代/供应链约束 / bottleneck / internal_quality_pool,strong,core,canonical_90_internal_manual_review,Tier A,88,68
688234,天岳先进,v5_hydrated,expansion_core_equivalent_quality_pool,pending_manual_approval,pending_review,69,33,3,True,strong,moderate,core_hard_tech_evidence_supported,strong,not_detected_in_existing_artifacts,moderate,strong,True,manual review of upgraded primary-source evidence before any future core-pool action,山东天岳先进科技股份有限公司2025 年半年度报告 10 / 189 第三节 管理层讨论与分析 一、 报告期内公司所属行业及主营业务情况说明 （一）所属行业情况 根据国家统计局《国民经济行业分类》（GB/T4754-2017），公司所处行业为第 39 大类“计 算机、通信和其他电子设备制造业”之第 398 中类“电子元件及电子专用材料制造”。根据国家 统计局发布的《战略性新兴产业分类（2018）》分类，公司的产品属于“1.2.3 高储能和关键电子 材料制造”和“3.4.3.1 半导体晶体制造”，是国家重点鼓励、扶持,"FF301 ∉  ⊈ಊṉọᄅḸі ٺ୍ᄅರ ⊯Ⅲࢌ ඳ ඳ଀Ẁඳ ರ௹ ୍ᄅರ Чṉọ ٳٺܢܢ⦁ )෮ഈ൧ 䩏 ൞ ⊈ಊսὂ ೂഈ൧  䪌ૼܢ ଢ ૫ᆴЧ ᾵թ   3.# 3.#    㦆ഒ  3.# ᾵թ   3.# 3.#    ٳٺܢܢ⦁ ""෮ഈ൧ 䩏 ڎ ⊈ಊսὂ ೂഈ൧  䪌ૼၞ෮॓ẙϰഈ൧ ଢ ૫ᆴЧ ᾵թ   3.# 3.#  ",evidence=69; page_citations=33; sources=3; domain=strong; role=moderate; bottleneck=strong,,,False,False,False,计算机、通信和其他电子设备制造业,半导体 / 功率器件/IGBT/SiC/GaN / bottleneck / expansion_core_equivalent_quality_pool,strong,core,expansion_2025_doubler_discovered,Tier B,90,78
688257,新锐股份,v5_hydrated,data_gap_core_equivalent_quality_pool,pending_manual_approval,pending_review,51,24,3,True,strong,moderate,core_hard_tech_evidence_supported,strong,not_detected_in_existing_artifacts,moderate,strong,True,manual review of upgraded primary-source evidence before any future core-pool action,苏州新锐合金工具股份有限公司2025 年半年度报告 12 / 224 的数据，2010 年以来，全球铁矿石开采量整体呈增长趋势，铁矿石开采量的增加，直接拉动硬质 合金凿岩工具的市场需求，同时进一步带动硬质合金的市场需求。 从产品输出到服务输出是行业发展方向，硬质合金凿岩工具下游客户主要为大型能源、矿产 开采企业及基础设施建设企业，由于地质结构、工作环境差异较大，上述客户通常对各类凿岩工 具产品及配套产品存在不同需求，因此能够为其提供矿山开采、勘探耗材综合解决方案的供应商 通常可以成为其长期合作伙伴，亦能获得更高的附,苏州新锐合金工具股份有限公司2025 年半年度报告 12 / 224 的数据，2010 年以来，全球铁矿石开采量整体呈增长趋势，铁矿石开采量的增加，直接拉动硬质 合金凿岩工具的市场需求，同时进一步带动硬质合金的市场需求。 从产品输出到服务输出是行业发展方向，硬质合金凿岩工具下游客户主要为大型能源、矿产 开采企业及基础设施建设企业，由于地质结构、工作环境差异较大，上述客户通常对各类凿岩工 具产品及配套产品存在不同需求，因此能够为其提供矿山开采、勘探耗材综合解决方案的供应商 通常可以成为其长期合作伙伴，亦能获得更高的附,evidence=51; page_citations=24; sources=3; domain=strong; role=moderate; bottleneck=strong,,,False,False,False,有色金属冶炼和压延加工业,新材料 / AI服务器PCB/HBM材料 / beneficiary / data_gap_core_equivalent_quality_pool,strong,core,doubler_data_gap_primary_source_backfilled,Tier B,82,67
688258,卓易信息,v5_hydrated,expansion_core_equivalent_quality_pool,pending_manual_approval,pending_review,58,28,3,True,strong,moderate,core_hard_tech_evidence_supported,strong,not_detected_in_existing_artifacts,moderate,strong,True,manual review of upgraded primary-source evidence before any future core-pool action,江苏卓易信息科技股份有限公司2025 年半年度报告 13 / 206 作为 PC、服务器和 IoT 等计算设备中的关键环节，公司 BIOS 和 BMC 固件产品的市场规模 与下游设备出货量直接相关，AI 人工智能市场发展带来的算力需求爆发式增长有望为公司固件业 务带来新的业务增量。 目前全球主流的 X86 架构 BIOS 固件产品和技术供应商有四家厂商，分别是美国 AMI、Phoenix、 中国台湾 Insyde 和公司。公司经过多年技术积累及近年来持续增强的研发投入，在国家信息安全 的“自主、安全、可控”战略的推,江苏卓易信息科技股份有限公司2025 年半年度报告 13 / 206 作为 PC、服务器和 IoT 等计算设备中的关键环节，公司 BIOS 和 BMC 固件产品的市场规模 与下游设备出货量直接相关，AI 人工智能市场发展带来的算力需求爆发式增长有望为公司固件业 务带来新的业务增量。 目前全球主流的 X86 架构 BIOS 固件产品和技术供应商有四家厂商，分别是美国 AMI、Phoenix、 中国台湾 Insyde 和公司。公司经过多年技术积累及近年来持续增强的研发投入，在国家信息安全 的“自主、安全、可控”战略的推,evidence=58; page_citations=28; sources=3; domain=strong; role=moderate; bottleneck=strong,,,False,False,False,软件和信息技术服务业,工业软件与基础软件 / 基础软件/工业软件 / bottleneck / expansion_core_equivalent_quality_pool,strong,core,expansion_2025_doubler_discovered,Tier B,89,72
688261,东微半导,v5_hydrated,internal_quality_pool,pending_manual_approval,pending_review,88,30,3,True,strong,moderate,core_hard_tech_evidence_supported,strong,low,moderate,strong,True,manual review of upgraded primary-source evidence before any future core-pool action,苏州东微半导体股份有限公司2025 年半年度报告 11 / 205 第三节 管理层讨论与分析 一、 报告期内公司所属行业及主营业务情况 （一）所处行业情况 公司是一家以高性能功率器件研发与销售为主的技术驱动型半导体企业，根据中华人民共和 国国家统计局发布的《国民经济行业分类（GB/T 4754-2017）》，公司所处行业为“计算机、通 信和其他电子设备制造业”（C39），属于半导体行业中的功率半导体分立器件细分领域。 1、行业的发展阶段、基本特点、主要技术门槛 （1）行业现状及市场规模 功率半导体器件行业是人才、技,苏州东微半导体股份有限公司2025 年半年度报告 11 / 205 第三节 管理层讨论与分析 一、 报告期内公司所属行业及主营业务情况 （一）所处行业情况 公司是一家以高性能功率器件研发与销售为主的技术驱动型半导体企业，根据中华人民共和 国国家统计局发布的《国民经济行业分类（GB/T 4754-2017）》，公司所处行业为“计算机、通 信和其他电子设备制造业”（C39），属于半导体行业中的功率半导体分立器件细分领域。 1、行业的发展阶段、基本特点、主要技术门槛 （1）行业现状及市场规模 功率半导体器件行业是人才、技,evidence=88; page_citations=30; sources=3; domain=strong; role=moderate; bottleneck=strong,,,False,False,False,计算机、通信和其他电子设备制造业,半导体 / 功率器件/IGBT/SiC/GaN / chokepoint / internal_quality_pool,strong,core,canonical_90_internal_manual_review,Tier A,90,78
688291,金橙子,v5_hydrated,expansion_core_equivalent_quality_pool,pending_manual_approval,pending_review,63,25,3,True,strong,moderate,core_hard_tech_evidence_supported,strong,not_detected_in_existing_artifacts,moderate,strong,True,manual review of upgraded primary-source evidence before any future core-pool action,北京金橙子科技股份有限公司2025 年半年度报告 10 / 179 第三节 管理层讨论与分析 一、 报告期内公司所属行业及主营业务情况说明 (一) 主要业务、主要产品或服务情况 公司是国内领先的激光加工控制系统企业之一，长期致力于激光先进制造领域的自动化及智 能化发展。公司主营业务为激光加工设备运动控制系统及部件的研发与销售，并能够为不同激光 加工场景提供综合解决方案和技术服务。 公司主要产品包括激光加工控制系统、激光系统集成硬件产品及激光精密加工设备等。其中， 激光加工控制系统以 CAD/CAM 控制软件为核心，,北京金橙子科技股份有限公司2025 年半年度报告 12 / 179 激光精密 加工设备 激光调阻设 备 集合了高精密激光加工、实时测 量、视觉处理、运动控制等多项技 术，主要应用于半导体制造、航空 航天、电子产品制造等领域。 报告期内，公司加大了对激光 3D 打印控制系统的研发投入，同时积极拓展市场渠道。在消费 级产品领域，公司也启动了前期的市场调研及产品研发，取得了一定的进展。另外，公司也在积 极研发应用于激光焊接领域的解决方案应用产品。 (二) 主要经营模式 公司日常业务经营主要由研发运营中心、生产运营中心、市,evidence=63; page_citations=25; sources=3; domain=strong; role=moderate; bottleneck=strong,,,False,False,False,软件和信息技术服务业,航空航天与军工电子 / 航空航天/军工电子 / bottleneck / expansion_core_equivalent_quality_pool,strong,core,expansion_2025_doubler_discovered,Tier A,89,70
688305,科德数控,v5_hydrated,latent_core_equivalent_quality_pool,pending_manual_approval,pending_review,32,21,3,True,strong,moderate,core_hard_tech_evidence_supported,strong,not_detected_in_existing_artifacts,moderate,strong,True,manual review of upgraded primary-source evidence before any future core-pool action,科德数控股份有限公司2025 年半年度报告 17 / 220 征加工能力的优势，更易于实现多工序复合加工，具有更高的加工效率和精度。公司通过多年的 技术攻关和积累，形成了高档数控系统技术，通用、专用五轴数控机床技术，直驱功能部件技术， 高性能伺服驱动系统技术，高性能传感与检测技术，高性能高速/低速力矩电机技术、高性能电主 轴电机技术等核心技术能力。 公司的五轴联动数控机床产品主要服务于当前高速发展的航空、航天、军工等领域复杂、精 密零部件的加工制造，是加工叶轮、叶盘、叶片等透平机械类零件的必要途径。此外，在发电设,科德数控股份有限公司2025 年半年度报告 17 / 220 征加工能力的优势，更易于实现多工序复合加工，具有更高的加工效率和精度。公司通过多年的 技术攻关和积累，形成了高档数控系统技术，通用、专用五轴数控机床技术，直驱功能部件技术， 高性能伺服驱动系统技术，高性能传感与检测技术，高性能高速/低速力矩电机技术、高性能电主 轴电机技术等核心技术能力。 公司的五轴联动数控机床产品主要服务于当前高速发展的航空、航天、军工等领域复杂、精 密零部件的加工制造，是加工叶轮、叶盘、叶片等透平机械类零件的必要途径。此外，在发电设,evidence=32; page_citations=21; sources=3; domain=strong; role=moderate; bottleneck=strong,,,False,False,False,通用设备制造业,高端制造装备 / 工业母机/机器人核心部件 / bottleneck / latent_core_equivalent_quality_pool,strong,core,latent_primary_source_backfill_batch1_rerun_v2,Tier B,88,61
688309,恒誉环保,v5_hydrated,false_negative_rescue_core_equivalent_quality_pool,pending_manual_approval,pending_review,81,30,3,True,strong,moderate,core_hard_tech_evidence_supported,strong,not_detected_in_existing_artifacts,moderate,strong,True,manual review of upgraded primary-source evidence before any future core-pool action,济南恒誉环保科技股份有限公司2025 年半年度报告 13 / 204 料的供应，加快欧洲向循环经济的系统性转型。法案预计将于 2026 年正式通过，届时欧盟将提高 进口产品的再生材料标准，进而催生环保设备及环保再生产品的需求。 绿色低碳发展不仅是经济需要，也是社会责任，绿色低碳产业在全球经济中崭露头角，我国 正发挥引领作用，为世界可持续发展贡献力量。我国环保装备制造业正在实践从大到强、从好到 优的历史进程。目前，我国环保装备整机和成套设备基本可以满足国内污染治理需要，产业链总 体实现自主可控，技术发展呈现“总体并跑,济南恒誉环保科技股份有限公司2025 年半年度报告 21 / 204 （12）工业连续化裂解技术装备主要技术门槛 设计一套完整的安全、环保、低耗、高效的工业连续化裂解技术装备，不仅需要解决供热温 度、导热面积、热传导效率、工作压力、停留时间、防聚合工艺等一系列裂解技术关键要素之间 的合理匹配问题，而且需要解决裂解系统易结焦、进出料难以动态密封、产出物易聚合等行业难 题。 ①各技术关键要素匹配难。供热温度、导热面积、热传导效率、工作压力、停留时间、防聚 合工艺之间相互联系、相互影响，各关键要素的科学设计、最优组合是裂,evidence=81; page_citations=30; sources=3; domain=strong; role=moderate; bottleneck=strong,,,False,False,False,专用设备制造业,高端制造装备 / 专用设备宽口径 / concept_only / false_negative_rescue_core_equivalent_quality_pool,strong,core,false_negative_rescue_backfilled,Excluded,83,78
688312,燕麦科技,v5_hydrated,false_negative_rescue_core_equivalent_quality_pool,pending_manual_approval,pending_review,58,21,3,True,strong,moderate,core_hard_tech_evidence_supported,strong,not_detected_in_existing_artifacts,moderate,strong,True,manual review of upgraded primary-source evidence before any future core-pool action,深圳市燕麦科技股份有限公司2025 年半年度报告 10 / 178 行业特点之二：技术路线逐步清晰。未来智能化升级将改变制造场景： 1）通过传感器技术，感知未知场景； 2）自感知、自学习、自组织、自适应，自动处理场景信息； 3）结构化数据+非结构化数据处理，学习和积累更多的现场经验； 4）不同结构的 CPS（赛博物理系统）、DT（数字孪生）将物理和仿真链接起来； 5）以业务实际和效益为导向进行数字化转型和人工智能赋能。 行业特点之三：细分领域的需求丰富，FPC 及 FPCA 的后段组装形态多变，流程复杂，质量要 求,深圳市燕麦科技股份有限公司2025 年半年度报告 10 / 178 行业特点之二：技术路线逐步清晰。未来智能化升级将改变制造场景： 1）通过传感器技术，感知未知场景； 2）自感知、自学习、自组织、自适应，自动处理场景信息； 3）结构化数据+非结构化数据处理，学习和积累更多的现场经验； 4）不同结构的 CPS（赛博物理系统）、DT（数字孪生）将物理和仿真链接起来； 5）以业务实际和效益为导向进行数字化转型和人工智能赋能。 行业特点之三：细分领域的需求丰富，FPC 及 FPCA 的后段组装形态多变，流程复杂，质量要 求,evidence=58; page_citations=21; sources=3; domain=strong; role=moderate; bottleneck=strong,,,False,False,False,专用设备制造业,高端制造装备 / 专用设备宽口径 / concept_only / false_negative_rescue_core_equivalent_quality_pool,strong,core,false_negative_rescue_backfilled,Excluded,81,66
688313,仕佳光子,v5_hydrated,expansion_core_equivalent_quality_pool,pending_manual_approval,pending_review,65,28,3,True,strong,moderate,core_hard_tech_evidence_supported,strong,not_detected_in_existing_artifacts,moderate,strong,True,manual review of upgraded primary-source evidence before any future core-pool action,"河南仕佳光子科技股份有限公司2025 年半年度报告 10 / 173 2,971.95 亿美元，同比增长 36.8%；阿里巴巴宣布未来三年将投入 3,800 亿元用于云和 AI 基础设 施建设，创下国内民营企业同类投资纪录；为了满足日益增长的信息传输需求，超大容量、超长 距离传输技术和波分复用技术得到广泛应用，显著提升了光纤传输系统的容量；目前，光缆及光 纤连接器跳线的发展呈现出清晰趋势，即朝着大芯数或者超大芯数、小尺寸、高阻燃性、高可靠 性等方向演进，通过这些特性的优化能够大幅提高数据中心等场景的空间利用效率，同",河南仕佳光子科技股份有限公司2025 年半年度报告 11 / 173 公司建立完善的高速互连产品矩阵，MT-FA 系列产品在核心客户供应链中形成稳定供货； 400G/800G 用 DR4、DR8 等产品已在国内外主流光模块厂商实现规模化应用，1.6T DR 系列产品 完成客户验证并进入量产准备阶段。 公司 DWDM AWG 产品已成功导入国内外主流设备商供应链并实现量产。特别是在骨干及城 域网 200G、400G、800G 相干通信应用中，公司的 60 通道 100GHz AWG、40 通道 150GHz AWG,evidence=65; page_citations=28; sources=3; domain=strong; role=moderate; bottleneck=strong,,,False,False,False,计算机、通信和其他电子设备制造业,光电与通信 / 光互联/光芯片 / bottleneck / expansion_core_equivalent_quality_pool,strong,core,expansion_2025_doubler_discovered,Tier B,89,73
688328,深科达,v5_hydrated,false_negative_rescue_core_equivalent_quality_pool,pending_manual_approval,pending_review,47,21,3,True,strong,moderate,core_hard_tech_evidence_supported,strong,not_detected_in_existing_artifacts,moderate,strong,True,manual review of upgraded primary-source evidence before any future core-pool action,深圳市深科达智能装备股份有限公司2025 年半年度报告 15 / 191 4、研发模式 公司始终将技术研发与产品创新视作业务发展的核心驱动力，紧紧围绕行业趋势，以客户需 求为核心，凭借持续创新的优势，搭建起事业中心化管理与模块化设置有机融合的研发组织架构。 从客户与市场维度出发，针对不同产品线，公司设立了多个事业中心。这些事业中心精准对接客 户需求，专注于新产品的开发工作，能够高效应对市场的动态变化。而从技术与应用角度考量， 公司依据不同专业方向，精心设置了机械、工艺、电气、软件和标准化等 5 个技术模块，将研发,深圳市深科达智能装备股份有限公司2025 年半年度报告 15 / 191 4、研发模式 公司始终将技术研发与产品创新视作业务发展的核心驱动力，紧紧围绕行业趋势，以客户需 求为核心，凭借持续创新的优势，搭建起事业中心化管理与模块化设置有机融合的研发组织架构。 从客户与市场维度出发，针对不同产品线，公司设立了多个事业中心。这些事业中心精准对接客 户需求，专注于新产品的开发工作，能够高效应对市场的动态变化。而从技术与应用角度考量， 公司依据不同专业方向，精心设置了机械、工艺、电气、软件和标准化等 5 个技术模块，将研发,evidence=47; page_citations=21; sources=3; domain=strong; role=moderate; bottleneck=strong,,,False,False,False,专用设备制造业,高端制造装备 / 专用设备宽口径 / concept_only / false_negative_rescue_core_equivalent_quality_pool,strong,core,false_negative_rescue_backfilled,Excluded,81,64
688335,复洁科技,v5_hydrated,false_negative_rescue_core_equivalent_quality_pool,pending_manual_approval,pending_review,57,26,3,True,strong,moderate,core_hard_tech_evidence_supported,strong,not_detected_in_existing_artifacts,moderate,strong,True,manual review of upgraded primary-source evidence before any future core-pool action,上海复洁科技股份有限公司2025 年半年度报告 10 / 181 第三节 管理层讨论与分析 一、 报告期内公司所属行业及主营业务情况说明 (一) 主要业务、主要产品或服务情况 复洁环保是一家专注于污泥等物料脱水干化与固液分离、恶臭污染物及挥发性有机污染物净 化、节能降碳技术、双碳综合服务与清洁能源先进技术的国家专精特新“小巨人”企业、上海市 科技小巨人企业，成立于 2011 年，总部位于上海。公司登陆科创板以来，充分发挥自身平台优势， 以市场化为导向，持续探索绿色低碳新技术新需求，持续加大研发投入和创新力度，高效推,上海复洁科技股份有限公司2025 年半年度报告 13 / 181 在国内多个污泥脱水干化项目中成功实现应用，显著降低了能源消耗、碳排放强度和直接运行成 本，相比传统解决方案，综合效益显著。 同时，以高温水源热泵为代表的各类先进热泵技术装备（主要包括常温热泵、高温热泵、蒸 汽热泵、超低温热泵等）还可满足污水处理厂、大型泵站、工业企业及其周边一定范围内有关设 施及建筑物的制冷供热需求，实现对城镇与工业领域低品位余热的高效回收与综合利用。 报告期内高温水源热泵技术装备重点实施项目 项目名称 商业 模式 项目介绍 项目图片,evidence=57; page_citations=26; sources=3; domain=strong; role=moderate; bottleneck=strong,,,False,False,False,专用设备制造业,高端制造装备 / 专用设备宽口径 / concept_only / false_negative_rescue_core_equivalent_quality_pool,strong,core,false_negative_rescue_backfilled,Excluded,82,70
688348,昱能科技,v5_hydrated,latent_standard_core_equivalent_quality_pool,pending_manual_approval,pending_review,39,19,3,True,strong,moderate,core_hard_tech_evidence_supported,strong,not_detected_in_existing_artifacts,moderate,strong,True,manual review of upgraded primary-source evidence before any future core-pool action,昱能科技股份有限公司2025 年半年度报告 11 / 201 （二）公司主营业务情况 公司专注于光伏发电及储能领域，主要从事分布式光伏发电系统中组件级电力电子技术及户 用、工商业储能技术的研发及产业化，提供以微型逆变器为核心的分布式光伏+储能全场景应用解 决方案，公司产品及业务包括：微型逆变器及能量通信产品、离网逆变器产品、户用及工商业储 能产品、智控关断器产品、AI 智慧能源业务、分布式光伏电站业务等。 1、微型逆变器及能量通信产品 微型逆变器是组件级电力电子技术在光伏行业中的典型应用，也是公司的核心产品。在微型,昱能科技股份有限公司2025 年半年度报告 21 / 201 三、 报告期内核心竞争力分析 (一) 核心竞争力分析 √适用 □不适用 （1）研发创新优势 公司是国家级高新技术企业，国家工信部第五批符合《光伏制造行业规范条件》的企业，国 家级“专精特新”小巨人企业。公司建有浙江省昱能微逆变器研究院、浙江省企业技术中心、浙 江省高新技术企业研究开发中心。公司参与制定了 16 项国家、行业或团体标准，其中作为第一起 草单位起草了《光伏发电并网微型逆变器》团体标准。 公司非常重视新技术和新产品的持续研发，经过多年的投入与积,evidence=39; page_citations=19; sources=3; domain=strong; role=moderate; bottleneck=strong,,,False,False,False,电气机械和器材制造业,能源与电力电子关键环节 / 电网/能源基础设施 / bottleneck / latent_standard_core_equivalent_quality_pool,sufficient,core,latent_standard_primary_source_backfilled,Tier A,88,61
688361,中科飞测,v5_hydrated,internal_quality_pool,pending_manual_approval,pending_review,61,21,3,True,strong,moderate,core_hard_tech_evidence_supported,strong,low,moderate,strong,True,manual review of upgraded primary-source evidence before any future core-pool action,深圳中科飞测科技股份有限公司 2025 年半年度报告 11 / 200 制造设备占比中半导体检测和量测设备占比约为 13%，仅次于刻蚀设备、薄膜沉积设备和光刻 设备。随着制程越来越先进、工艺环节不断增加，行业发展对工艺控制水平提出了更高的要求， 制造过程中检测设备与量测设备的技术要求及需求量持续提升。 近年来，得益于中国半导体全行业的蓬勃发展和国家近年来对半导体产业持续的政策扶持， 行业下游晶圆厂在关键工艺节点上持续推进，多家国内领先的半导体制造企业进入产能扩张期， 中国大陆半导体检测与量测设备的市场处于高速发展期,"深圳中科飞测科技股份有限公司 2025 年半年度报告 16 / 200 新增重要非主营业务情况 □适用 √不适用 二、 经营情况的讨论与分析 1、经营规模快速增长，盈利能力长期向好 报告期内，公司实现营业收入 70,217.39 万元，同比增长 51.39%，主要系公司在突破核心技 术、持续产业化推进和迭代升级各系列产品的过程中取得的重要成果，公司在核心技术、客户资 源、产品覆盖广度及深度等方面的全面竞争优势进一步增强，市场认可度不断提升，推动公司订 单规模及营收规模持续增长。 报告期内，公司实现归属于上市公司股东",evidence=61; page_citations=21; sources=3; domain=strong; role=moderate; bottleneck=strong,,,False,False,False,专用设备制造业,其他战略性关键环节 / 国产替代/供应链约束 / bottleneck / internal_quality_pool,strong,core,canonical_90_internal_manual_review,Tier A,88,67
688372,伟测科技,v5_hydrated,internal_quality_pool,pending_manual_approval,pending_review,67,26,3,True,strong,moderate,core_hard_tech_evidence_supported,strong,low,moderate,strong,True,manual review of upgraded primary-source evidence before any future core-pool action,上海伟测半导体科技股份有限公司2025 年半年度报告 12 / 168 探针卡、插座、治具、包装材料等，主要根据季度或月度的备件计划并结合具体测试项目的需求 状况进行采购；其他类主要包括日常办公设备、设备维护材料等，主要根据生产及办公的实际需 求进行采购。 公司各部门所需原材料均通过采购部门集中采购，并按照公司《采购控制程序书》《供应商 管理程序书》执行采购制度。 公司已获得 ISO9001、ISO14000、IATF16949、ISO45001 等质量管理体系认证。在新供应商 准入方面，除了考察供应商质量、价格、,上海伟测半导体科技股份有限公司2025 年半年度报告 12 / 168 探针卡、插座、治具、包装材料等，主要根据季度或月度的备件计划并结合具体测试项目的需求 状况进行采购；其他类主要包括日常办公设备、设备维护材料等，主要根据生产及办公的实际需 求进行采购。 公司各部门所需原材料均通过采购部门集中采购，并按照公司《采购控制程序书》《供应商 管理程序书》执行采购制度。 公司已获得 ISO9001、ISO14000、IATF16949、ISO45001 等质量管理体系认证。在新供应商 准入方面，除了考察供应商质量、价格、,evidence=67; page_citations=26; sources=3; domain=strong; role=moderate; bottleneck=strong,,,False,False,False,专业技术服务业,能源与电力电子关键环节 / 电源管理/供配电 / bottleneck / internal_quality_pool,strong,core,canonical_90_internal_manual_review,Tier A,89,72
688376,美埃科技,v5_hydrated,expansion_core_equivalent_quality_pool,pending_manual_approval,pending_review,54,21,3,True,strong,moderate,core_hard_tech_evidence_supported,strong,not_detected_in_existing_artifacts,moderate,strong,True,manual review of upgraded primary-source evidence before any future core-pool action,"美埃（中国）环境科技股份有限公司2025 年半年度报告 18 / 196 新增重要非主营业务情况 □适用 √不适用 二、 经营情况的讨论与分析 2025 年上半年，公司根据董事会的战略部署，在核心管理层的带领下，秉承着推动空气净化 产业发展，提升全球空气品质的企业使命，公司在半导体尖端制程，生物洁净室与生物安全防护， 商用人居和大气排放治理等四大领域持续探索创新。报告期内，公司积极应对国内外市场和行业 的挑战，持续技术创新，开拓市场，实现营业收入 93,491.57 万元，同比增长 23.51%；归属于上 市公司股","美埃（中国）环境科技股份有限公司2025 年半年度报告 18 / 196 新增重要非主营业务情况 □适用 √不适用 二、 经营情况的讨论与分析 2025 年上半年，公司根据董事会的战略部署，在核心管理层的带领下，秉承着推动空气净化 产业发展，提升全球空气品质的企业使命，公司在半导体尖端制程，生物洁净室与生物安全防护， 商用人居和大气排放治理等四大领域持续探索创新。报告期内，公司积极应对国内外市场和行业 的挑战，持续技术创新，开拓市场，实现营业收入 93,491.57 万元，同比增长 23.51%；归属于上 市公司股",evidence=54; page_citations=21; sources=3; domain=strong; role=moderate; bottleneck=strong,,,False,False,False,专用设备制造业,其他战略性关键环节 / 国产替代/供应链约束 / bottleneck / expansion_core_equivalent_quality_pool,strong,core,expansion_2025_doubler_discovered,Tier B,88,66
688381,帝奥微,v5_hydrated,expansion_core_equivalent_quality_pool,pending_manual_approval,pending_review,55,26,3,True,strong,moderate,core_hard_tech_evidence_supported,strong,not_detected_in_existing_artifacts,moderate,strong,True,manual review of upgraded primary-source evidence before any future core-pool action,"江苏帝奥微电子股份有限公司2025 年半年度报告 10 / 205 主要会计数据 本报告期 （1－6月） 上年同期 本期比上年同期 增减(%) 扣除股份支付影响后的净利润 13,514,775.96 29,397,165.32 -54.03 十、 非企业会计准则业绩指标说明 □适用 √不适用 第三节 管理层讨论与分析 一、 报告期内公司所属行业及主营业务情况说明 1、所属行业概述 公司的主营业务为模拟集成电路产品的研发与销售，公司所处行业属于集成电路设计行业。 据 WSTS 数据，2024 年全球模拟芯片市场规模为","江苏帝奥微电子股份有限公司2025 年半年度报告 10 / 205 主要会计数据 本报告期 （1－6月） 上年同期 本期比上年同期 增减(%) 扣除股份支付影响后的净利润 13,514,775.96 29,397,165.32 -54.03 十、 非企业会计准则业绩指标说明 □适用 √不适用 第三节 管理层讨论与分析 一、 报告期内公司所属行业及主营业务情况说明 1、所属行业概述 公司的主营业务为模拟集成电路产品的研发与销售，公司所处行业属于集成电路设计行业。 据 WSTS 数据，2024 年全球模拟芯片市场规模为",evidence=55; page_citations=26; sources=3; domain=strong; role=moderate; bottleneck=strong,,,False,False,False,计算机、通信和其他电子设备制造业,光电与通信 / 光互联/光芯片 / bottleneck / expansion_core_equivalent_quality_pool,strong,core,expansion_2025_doubler_discovered,Tier B,89,69
688383,新益昌,v5_hydrated,data_gap_core_equivalent_quality_pool,pending_manual_approval,pending_review,96,30,3,True,strong,moderate,core_hard_tech_evidence_supported,strong,not_detected_in_existing_artifacts,moderate,strong,True,manual review of upgraded primary-source evidence before any future core-pool action,深圳新益昌科技股份有限公司 2025 年半年度报告 10 / 205 据中国证监会颁布的《上市公司行业分类指引》 （2012 年修订）及中华人民共和国国家质量监督 检验检疫总局和中国国家标准化管理委员会发布的《国民经济行业分类》 （GB/T4754-2017），公 司所属行业为“专用设备制造业 （C35）”。根据国家统计局 2018 年 11 月颁布的《战略性新兴产 业分类（2018）》，公司所处行业为新型电子元器件及设备制造，属于新一代信息技术产业的二 级子产业，具体为：“1、新一代信息技术产业”中的“1.2、电,深圳新益昌科技股份有限公司 2025 年半年度报告 10 / 205 据中国证监会颁布的《上市公司行业分类指引》 （2012 年修订）及中华人民共和国国家质量监督 检验检疫总局和中国国家标准化管理委员会发布的《国民经济行业分类》 （GB/T4754-2017），公 司所属行业为“专用设备制造业 （C35）”。根据国家统计局 2018 年 11 月颁布的《战略性新兴产 业分类（2018）》，公司所处行业为新型电子元器件及设备制造，属于新一代信息技术产业的二 级子产业，具体为：“1、新一代信息技术产业”中的“1.2、电,evidence=96; page_citations=30; sources=3; domain=strong; role=moderate; bottleneck=strong,,,False,False,False,专用设备制造业,半导体 / 先进封装 / beneficiary / data_gap_core_equivalent_quality_pool,strong,core,doubler_data_gap_primary_source_backfilled,Tier B,83,78
688388,嘉元科技,v5_hydrated,expansion_core_equivalent_quality_pool,pending_manual_approval,pending_review,63,22,3,True,strong,moderate,core_hard_tech_evidence_supported,strong,not_detected_in_existing_artifacts,moderate,strong,True,manual review of upgraded primary-source evidence before any future core-pool action,广东嘉元科技股份有限公司2025 年半年度报告 11 / 252 代进程，取得了高阶RTF（反转铜箔）、HTE（高温高延伸铜箔）、HVLP（极低轮廓铜箔）、载体 铜箔（DTH）和高密度互连电路（HDI）铜箔等高性能电子电路铜箔的技术突破，PCB用超薄铜箔（UTF） 已批量生产，高频高速电路和IC封装应用的RTF/HVLP等电子电路铜箔产品的开发方面取得了积极 进展，其中RTF已通过头部企业认证测试并具备量产能力，其他产品也已通过实验室验证阶段并与 下游客户进行测试。 公司在江西赣州龙南布局的电解铜箔生产线规划总产能,广东嘉元科技股份有限公司2025 年半年度报告 11 / 252 代进程，取得了高阶RTF（反转铜箔）、HTE（高温高延伸铜箔）、HVLP（极低轮廓铜箔）、载体 铜箔（DTH）和高密度互连电路（HDI）铜箔等高性能电子电路铜箔的技术突破，PCB用超薄铜箔（UTF） 已批量生产，高频高速电路和IC封装应用的RTF/HVLP等电子电路铜箔产品的开发方面取得了积极 进展，其中RTF已通过头部企业认证测试并具备量产能力，其他产品也已通过实验室验证阶段并与 下游客户进行测试。 公司在江西赣州龙南布局的电解铜箔生产线规划总产能,evidence=63; page_citations=22; sources=3; domain=strong; role=moderate; bottleneck=strong,,,False,False,False,计算机、通信和其他电子设备制造业,光电与通信 / 光互联/光芯片 / bottleneck / expansion_core_equivalent_quality_pool,strong,core,expansion_2025_doubler_discovered,Tier B,88,68
688392,骄成超声,v5_hydrated,expansion_core_equivalent_quality_pool,pending_manual_approval,pending_review,71,30,3,True,strong,moderate,core_hard_tech_evidence_supported,strong,not_detected_in_existing_artifacts,moderate,strong,True,manual review of upgraded primary-source evidence before any future core-pool action,上海骄成超声波技术股份有限公司2025 年半年度报告 10/190 第三节 管理层讨论与分析 一、 报告期内公司所属行业及主营业务情况说明 （一）公司所属行业情况 公司是专业提供超声波技术及应用解决方案的供应商，主要从事超声波焊接、裁切及检测设 备和配件的研发、设计、生产与销售，并为客户提供配套自动化解决方案。根据中国证监会颁布 的《上市公司行业分类指引（2012 年修订）》，公司属于“C35 专用设备制造业”。根据《战略 性新兴产业分类（2018）》，公司主营业务所处行业为“高端装备制造产业”中的“智能制造装 备,上海骄成超声波技术股份有限公司2025 年半年度报告 10/190 第三节 管理层讨论与分析 一、 报告期内公司所属行业及主营业务情况说明 （一）公司所属行业情况 公司是专业提供超声波技术及应用解决方案的供应商，主要从事超声波焊接、裁切及检测设 备和配件的研发、设计、生产与销售，并为客户提供配套自动化解决方案。根据中国证监会颁布 的《上市公司行业分类指引（2012 年修订）》，公司属于“C35 专用设备制造业”。根据《战略 性新兴产业分类（2018）》，公司主营业务所处行业为“高端装备制造产业”中的“智能制造装 备,evidence=71; page_citations=30; sources=3; domain=strong; role=moderate; bottleneck=strong,,,False,False,False,专用设备制造业,其他战略性关键环节 / 国产替代/供应链约束 / bottleneck / expansion_core_equivalent_quality_pool,strong,core,expansion_2025_doubler_discovered,Tier B,90,76
688395,正弦电气,v5_hydrated,internal_quality_pool,pending_manual_approval,pending_review,92,30,3,True,strong,moderate,core_hard_tech_evidence_supported,strong,low,moderate,strong,True,manual review of upgraded primary-source evidence before any future core-pool action,深圳市正弦电气股份有限公司2025 年半年度报告 10 / 184 第三节 管理层讨论与分析 一、 报告期内公司所属行业及主营业务情况说明 （一）主要业务、主要产品或服务情况 1、主要业务 公司是专业从事工业自动化领域电机驱动和控制系统产品研发、生产和销售的高新技术企业， 秉承“客户为中心，实现自身价值与客户价值同步成长”的经营理念，在工业自动化和新能源领 域发展业务，致力于为机械设备制造商和电控系统集成商提供变频器、一体化专机、伺服系统产 品和系统解决方案，满足客户生产工艺要求，提升设备自动化水平，提高产品质量和,深圳市正弦电气股份有限公司2025 年半年度报告 18 / 184 到 2025 年，70%的规模以上制造业企业基本实现数字化网络化覆盖，多项设备更新政策也聚焦电 力、化工等重点行业，推动关键领域自动化设备的国产化率超过 50%，为行业带来新一轮发展机 遇。 ④全球化与本土化竞争 在全球竞争格局中，工业自动化行业呈现出全球化与本土化交织的复杂态势。国际龙头企业 如西门子、ABB 等仍凭借深厚的技术积累和品牌影响力主导高端市场；而包括汇川技术、英威腾 等在内的国内厂商，则依托快速响应、成本控制及服务灵活性等优势，不断,evidence=92; page_citations=30; sources=3; domain=strong; role=moderate; bottleneck=strong,,,False,False,False,电气机械和器材制造业,高端制造装备 / 机器人核心零部件 / chokepoint / internal_quality_pool,strong,core,canonical_90_internal_manual_review,Tier A,90,78
688403,汇成股份,v5_hydrated,internal_quality_pool,pending_manual_approval,pending_review,58,24,3,True,strong,moderate,core_hard_tech_evidence_supported,strong,low,moderate,strong,True,manual review of upgraded primary-source evidence before any future core-pool action,合肥新汇成微电子股份有限公司2025 年半年度报告 14 / 201 工艺制程 具体介绍 功能特点 应用范围或 领域 完成相关制程后 的产品图示 Bumping 凸块制造是指通过溅镀、曝光显影、 电镀和蚀刻等制程，在晶圆的焊垫 上制作凸块，可达到高效的电性传 输，替代了传统封装中的导线键合。 公司凸块制造工艺可实现凸块宽度 与间距最小至 6μm、单片 12 吋晶圆 上制造 900 余万颗凸块 该工艺可大幅缩小芯 片模组的体积，具有密 度大、散热佳、高可靠 性等优点 主要应用于 显示驱动芯 片领域，适用 于覆晶封装,合肥新汇成微电子股份有限公司2025 年半年度报告 14 / 201 工艺制程 具体介绍 功能特点 应用范围或 领域 完成相关制程后 的产品图示 Bumping 凸块制造是指通过溅镀、曝光显影、 电镀和蚀刻等制程，在晶圆的焊垫 上制作凸块，可达到高效的电性传 输，替代了传统封装中的导线键合。 公司凸块制造工艺可实现凸块宽度 与间距最小至 6μm、单片 12 吋晶圆 上制造 900 余万颗凸块 该工艺可大幅缩小芯 片模组的体积，具有密 度大、散热佳、高可靠 性等优点 主要应用于 显示驱动芯 片领域，适用 于覆晶封装,evidence=58; page_citations=24; sources=3; domain=strong; role=moderate; bottleneck=strong,,,False,False,False,计算机、通信和其他电子设备制造业,新材料 / AI服务器PCB/HBM材料 / bottleneck / internal_quality_pool,strong,core,canonical_90_internal_manual_review,Tier A,89,69
688419,耐科装备,v5_hydrated,false_negative_rescue_core_equivalent_quality_pool,pending_manual_approval,pending_review,53,30,3,True,strong,moderate,core_hard_tech_evidence_supported,strong,not_detected_in_existing_artifacts,moderate,strong,True,manual review of upgraded primary-source evidence before any future core-pool action,5 组织券商将根据以上认购确认程序与规则形成最终配售结果，以上程序和规 则如有未尽事宜，由组织券商协商解决。 二、本次询价转让的过程 （一）邀请文件的发送 本次询价转让的《认购邀请书》已送达共计 270 家机构投资者，具体包括： 基金公司 27 家、证券公司 22 家、保险机构 8 家、合格境外机构投资者 6 家、 私募基金 204 家、信托公司 2 家、期货公司 1 家。 上述《认购邀请书》中包含了认购对象与条件、认购时间与认购方式、询 价转让价格下限及分配股份的程序和规则等内容。认购报价材料中包含：（1） 投资,5 组织券商将根据以上认购确认程序与规则形成最终配售结果，以上程序和规 则如有未尽事宜，由组织券商协商解决。 二、本次询价转让的过程 （一）邀请文件的发送 本次询价转让的《认购邀请书》已送达共计 270 家机构投资者，具体包括： 基金公司 27 家、证券公司 22 家、保险机构 8 家、合格境外机构投资者 6 家、 私募基金 204 家、信托公司 2 家、期货公司 1 家。 上述《认购邀请书》中包含了认购对象与条件、认购时间与认购方式、询 价转让价格下限及分配股份的程序和规则等内容。认购报价材料中包含：（1） 投资,evidence=53; page_citations=30; sources=3; domain=strong; role=moderate; bottleneck=strong,,,False,False,False,专用设备制造业,高端制造装备 / 专用设备宽口径 / concept_only / false_negative_rescue_core_equivalent_quality_pool,strong,core,false_negative_rescue_backfilled,Excluded,83,72
688478,晶升股份,v5_hydrated,data_gap_core_equivalent_quality_pool,pending_manual_approval,pending_review,51,21,3,True,strong,moderate,core_hard_tech_evidence_supported,strong,not_detected_in_existing_artifacts,moderate,strong,True,manual review of upgraded primary-source evidence before any future core-pool action,南京晶升装备股份有限公司2025 年半年度报告 11 / 214 第三节 管理层讨论与分析 一、 报告期内公司所属行业及主营业务情况说明 (一) 所属行业 公司是一家半导体专用设备供应商，主要从事晶体生长设备的研发、生产和销售，向半导体 材料厂商及其他材料客户提供半导体级单晶硅炉、碳化硅单晶炉和其他设备等定制化产品。 根据国家统计局发布的《国民经济行业分类》（GB/4754-2017），公司所属行业为“专用设 备制造业”下的“半导体器件专用设备制造”（C3562）；根据国家统计局发布的《战略性新兴产 业分类（201,南京晶升装备股份有限公司2025 年半年度报告 11 / 214 第三节 管理层讨论与分析 一、 报告期内公司所属行业及主营业务情况说明 (一) 所属行业 公司是一家半导体专用设备供应商，主要从事晶体生长设备的研发、生产和销售，向半导体 材料厂商及其他材料客户提供半导体级单晶硅炉、碳化硅单晶炉和其他设备等定制化产品。 根据国家统计局发布的《国民经济行业分类》（GB/4754-2017），公司所属行业为“专用设 备制造业”下的“半导体器件专用设备制造”（C3562）；根据国家统计局发布的《战略性新兴产 业分类（201,evidence=51; page_citations=21; sources=3; domain=strong; role=moderate; bottleneck=strong,,,False,False,False,专用设备制造业,半导体 / 功率器件/IGBT/SiC/GaN / beneficiary / data_gap_core_equivalent_quality_pool,strong,core,doubler_data_gap_primary_source_backfilled,Tier B,81,65
688486,龙迅股份,v5_hydrated,internal_quality_pool,pending_manual_approval,pending_review,51,22,3,True,strong,moderate,core_hard_tech_evidence_supported,strong,low,moderate,strong,True,manual review of upgraded primary-source evidence before any future core-pool action,"龙迅半导体（合肥）股份有限公司2025 年半年度报告 11 / 187 19.1%。而继 2024 年之后，受到技术创新、需求增长以及政策支持等多重因素的推动，2025 年， 全球半导体行业迎来了更加广泛的复苏，展现出较强的增长态势。根据美国半导体产业协会（SIA） 数据显示，2025 年 1-6 月销售额逐月攀升，6 月全球半导体销售额达 599 亿美元，同比增长 19.6%， 环比增长 1.5%；1-6 月累计实现 3,464 亿美元，同比增长 19.1%。而随着 AI、云基础设施和先进消 费电子等领域的持续需","龙迅半导体（合肥）股份有限公司2025 年半年度报告 11 / 187 19.1%。而继 2024 年之后，受到技术创新、需求增长以及政策支持等多重因素的推动，2025 年， 全球半导体行业迎来了更加广泛的复苏，展现出较强的增长态势。根据美国半导体产业协会（SIA） 数据显示，2025 年 1-6 月销售额逐月攀升，6 月全球半导体销售额达 599 亿美元，同比增长 19.6%， 环比增长 1.5%；1-6 月累计实现 3,464 亿美元，同比增长 19.1%。而随着 AI、云基础设施和先进消 费电子等领域的持续需",evidence=51; page_citations=22; sources=3; domain=strong; role=moderate; bottleneck=strong,,,False,False,False,软件和信息技术服务业,其他战略性关键环节 / 国产替代/供应链约束 / bottleneck / internal_quality_pool,strong,core,canonical_90_internal_manual_review,Tier A,88,66
688498,源杰科技,v5_hydrated,expansion_core_equivalent_quality_pool,pending_manual_approval,pending_review,61,33,3,True,strong,moderate,core_hard_tech_evidence_supported,strong,not_detected_in_existing_artifacts,moderate,strong,True,manual review of upgraded primary-source evidence before any future core-pool action,陕西源杰半导体科技股份有限公司2025 年半年度报告 10 / 188 第三节 管理层讨论与分析 一、 报告期内公司所属行业及主营业务情况说明 (一)所属行业情况说明 1、行业的发展阶段及基本特点 随着全球信息互联规模不断扩大，人工智能等技术的兴起，光电信息技术正在被进一步广泛 应用。在这种趋势下，光芯片的下游应用场景不断扩展，需求量不断增加，同时对光芯片的速率、 功率、传输距离也提出更高的要求。目前在电信市场、数据中心市场，光芯片都得到了较为广泛 的应用，其中电信市场又可以细分为光纤接入和移动通信两个细分领域。,陕西源杰半导体科技股份有限公司2025 年半年度报告 13 / 188 在供应商管理方面，公司已建立完善的供应商认证及管理流程：对新供应商进行资质评估与 实地调查，对其提供的样品进行严格验证，通过评审的合格供应商将被录入《合格供方名单》。 同时，公司会对供应商实施绩效考核与分级管理，按需开展物料替代管理及供应商稽核工作，确 保采购质量符合 ISO9001/14001 体系要求，确保采购活动满足 QCDS（质量/成本/交付/服务/环 保）综合目标。 3、生产模式 公司生产激光器芯片属于 IDM 模式，掌握芯片设计、晶,evidence=61; page_citations=33; sources=3; domain=strong; role=moderate; bottleneck=strong,,,False,False,False,计算机、通信和其他电子设备制造业,其他战略性关键环节 / 国产替代/供应链约束 / bottleneck / expansion_core_equivalent_quality_pool,strong,core,expansion_2025_doubler_discovered,Tier B,90,76
688499,利元亨,v5_hydrated,false_negative_rescue_core_equivalent_quality_pool,pending_manual_approval,pending_review,35,21,3,True,strong,moderate,core_hard_tech_evidence_supported,strong,not_detected_in_existing_artifacts,moderate,strong,True,manual review of upgraded primary-source evidence before any future core-pool action,广东利元亨智能装备股份有限公司 2025 年半年度报告 11 / 242 层高速宽幅涂布机、激光模切分条一体机、高速切叠一体机、高速卷绕机、长电芯装配线（激光 焊接）、化成分容一体机、电芯外观检测机、模组 Pack 线等专机及整线产品。 固态电池设备方面，公司已成功掌握全固态电池整线装备的制造工艺，主要产品包括电极干 法涂布设备、电极辊压、电解质热复合一体机、胶框印刷、叠片一体机和高压化成分容等核心设 备，并针对硫化物电池的防爆、防毒需求设计了三级防护体系，技术领先性显著。当前向头部车 企供应的全固态电池整线项目已,广东利元亨智能装备股份有限公司 2025 年半年度报告 17 / 242 主要产品名称 设备图示 产品介绍 EV 电控总成装 配/检测线 EV 电控总成自动装配检测产线：包括 箱体、PCBA 板、盖板、结构件、辅料 等的整体组装、拧紧、涂胶、灌胶、固 化、检测等生产工艺；整线按机台功能 及作业内容深度集成，实现快速换型， 由可拆装、可重组的标准模组化设计， 机台内与产品外形相关的工装治具结 构为独立模块。 整线具备智能化信息系 统，各工位实现信息实时共享及追溯。 EV 电驱总成装 配/检测线 EV 电驱总成：主要组,evidence=35; page_citations=21; sources=3; domain=strong; role=moderate; bottleneck=strong,,,False,False,False,专用设备制造业,高端制造装备 / 专用设备宽口径 / concept_only / false_negative_rescue_core_equivalent_quality_pool,strong,core,false_negative_rescue_backfilled,Excluded,81,61
688502,茂莱光学,v5_hydrated,expansion_core_equivalent_quality_pool,pending_manual_approval,pending_review,63,26,3,True,strong,moderate,core_hard_tech_evidence_supported,strong,not_detected_in_existing_artifacts,moderate,strong,True,manual review of upgraded primary-source evidence before any future core-pool action,南京茂莱光学科技股份有限公司2025 年半年度报告 10 / 195 加速转化为实际应用。随着我国在材料和设备国产化上的突破，配合政策支持、技术创新和产业 链协同，中国精密光学行业有望实现持续稳健增长。 2、精密光学行业下游应用领域发展情况 随着现代科学技术的发展，精密光学逐渐向高精度发展，其应用范围也正变得日益广泛。传 统光学主要应用于传统照相机、望远镜、显微镜等传统光学产品；消费级精密光学作为智能手机、 安防监控摄像机、车载摄像机等产品的核心部件，成为影响终端产品应用效果的重要因素；而工 业级精密光学则主要应用,"南京茂莱光学科技股份有限公司2025 年半年度报告 16 / 195 新增重要非主营业务情况 □适用 √不适用 二、 经营情况的讨论与分析 2025 年半年度，公司始终聚焦于主营业务，持续强化市场开拓，深化科技创新和绿色发展， 加大研发投入，引入国际化经营管理和研发技术人才，推动企业持续稳定发展。 2025 年上半年，公司实现营业收入 31,895.12 万元，较上年同期增加 32.26%；实现归属于上 市公司股东的净利润为 3,275.55 万元，较上年同期增加 110.36%；归属于上市公司股东的扣非净 利润为",evidence=63; page_citations=26; sources=3; domain=strong; role=moderate; bottleneck=strong,,,False,False,False,仪器仪表制造业,其他战略性关键环节 / 国产替代/供应链约束 / bottleneck / expansion_core_equivalent_quality_pool,strong,core,expansion_2025_doubler_discovered,Tier B,89,71
688503,聚和材料,v5_hydrated,expansion_core_equivalent_quality_pool,pending_manual_approval,pending_review,67,32,3,True,strong,moderate,core_hard_tech_evidence_supported,strong,not_detected_in_existing_artifacts,moderate,strong,True,manual review of upgraded primary-source evidence before any future core-pool action,常州聚和新材料股份有限公司2025 年半年度报告 11 / 183 从提效维度来看，光伏导电浆料已成为分子级界面工程，公司通过匹配超精细印刷技术，已 实现 8μm 线宽印刷，烧结后线宽≤14μm，栅线高宽比突破 0.7；TOPCon 电极-硅界面厚度从 800nm 降至 450nm，接触电阻降低 23%（1.5→1.15mΩ·cm²）；HJT 浆料-ITO 层厚度优化至 90nm， Voc 提升至 750mV（2023 年：735mV）；公司推出多膜层适配技术，开发梯度反应型玻璃粉， 并通过对激光诱导放电产生的晶体,常州聚和新材料股份有限公司2025 年半年度报告 11 / 183 从提效维度来看，光伏导电浆料已成为分子级界面工程，公司通过匹配超精细印刷技术，已 实现 8μm 线宽印刷，烧结后线宽≤14μm，栅线高宽比突破 0.7；TOPCon 电极-硅界面厚度从 800nm 降至 450nm，接触电阻降低 23%（1.5→1.15mΩ·cm²）；HJT 浆料-ITO 层厚度优化至 90nm， Voc 提升至 750mV（2023 年：735mV）；公司推出多膜层适配技术，开发梯度反应型玻璃粉， 并通过对激光诱导放电产生的晶体,evidence=67; page_citations=32; sources=3; domain=strong; role=moderate; bottleneck=strong,,,False,False,False,电气机械和器材制造业,半导体 / 半导体材料 / bottleneck / expansion_core_equivalent_quality_pool,strong,core,expansion_2025_doubler_discovered,Tier B,90,76
688507,索辰科技,v5_hydrated,internal_quality_pool,pending_manual_approval,pending_review,39,23,3,True,strong,moderate,core_hard_tech_evidence_supported,strong,low,moderate,strong,True,manual review of upgraded primary-source evidence before any future core-pool action,上海索辰信息科技股份有限公司2025 年半年度报告 13 / 224 越。在工业应用领域，物理 AI 有望在高端装备快速迭代、复杂系统实时调优、数字孪生动态驱动 等新兴需求中形成广阔的增量市场。与通用人工智能及大模型侧重跨领域的通用智能与数据拟合 不同，物理 AI 更聚焦于工业场景的机理建模与精准计算，有望成为下一代工业 CAE 的核心技术形 态——它不仅能显著提升工业仿真的计算效率和工程决策价值，更将推动工业领域从“模拟现实” 的被动验证，迈向“预测并塑造现实”的主动创新新阶段。 2、公司所处的行业地位分析及其变,上海索辰信息科技股份有限公司2025 年半年度报告 14 / 224 （1）以仿真为核心的“正向设计”是我国工业自主创新的必经之路 “正向设计”是指在产品设计过程中，从需求出发，通过各种设计理念、方法和工具设计出 产品的各类要素，以制作一个全新的产品，与此对应的是“逆向工程”，是指对一项产品进行逆 向剖析及研究，从而演绎并得出该产品的各类设计要素，以制作出功用相近，但又不完全相同的 产品。我国工业在发展过程中，从产业链角度，偏加工、组装和制造，但是前端的产品设计环节 中，原始创新不足，正向设计能力欠缺，更多的是做“,evidence=39; page_citations=23; sources=3; domain=strong; role=moderate; bottleneck=strong,,,False,False,False,软件和信息技术服务业,工业软件与基础软件 / 基础软件/工业软件 / bottleneck / internal_quality_pool,strong,core,canonical_90_internal_manual_review,Tier A,88,64
688515,裕太微,v5_hydrated,internal_quality_pool,pending_manual_approval,pending_review,59,21,3,True,strong,moderate,core_hard_tech_evidence_supported,strong,low,moderate,strong,True,manual review of upgraded primary-source evidence before any future core-pool action,裕太微电子股份有限公司 2025 年半年度报告 27 / 210 公司主要业务包含销售芯片、销售晶圆、IP 授权、技术合作等多种不同模式。 2、 主要产品情况 目前，公司已形成网通以太网物理层芯片、网通以太网交换机芯片、网通以太网网卡芯片、 车载以太网物理层芯片、车载以太网交换芯片、车载网关芯片、车载高速视频传输芯片七条产品 线。其中网通以太网物理层芯片、网通以太网交换机芯片、网通以太网网卡芯片和车载以太网物 理层芯片均已实现规模量产。 从公司已实现规模量产的产品线业务来看，公司自主研发的以太网物理层芯片是数据通信,"裕太微电子股份有限公司 2025 年半年度报告 31 / 210 □适用 √不适用 二、 经营情况的讨论与分析 公司专注于高速有线通信芯片的研发、设计和销售，以实现通信芯片产品的高可靠性和高稳 定性为目标， 以以太网物理层芯片作为市场切入点， 逐步向上层网络处理产品拓展， 目标瞄准OSI 七层架构的物理层、数据链路层和网络层。 报告期内，公司研发投入占营业收入的 70.06%，归属于上市公司股东的净利润为-10,420.80 万元； 扣除非经常性损益后归属于上市公司股东的净利润为-11,564.40 万元。 随着半",evidence=59; page_citations=21; sources=3; domain=strong; role=moderate; bottleneck=strong,,,False,False,False,软件和信息技术服务业,半导体 / 高端传感器 / chokepoint / internal_quality_pool,strong,core,canonical_90_internal_manual_review,Tier A,88,67
688516,奥特维,v5_hydrated,latent_core_equivalent_quality_pool,pending_manual_approval,pending_review,52,23,3,True,strong,moderate,core_hard_tech_evidence_supported,strong,not_detected_in_existing_artifacts,moderate,strong,True,manual review of upgraded primary-source evidence before any future core-pool action,无锡奥特维科技股份有限公司2025 年半年度报告 12 / 228 （1）光伏设备行业近年发展情况 光伏产业是全球能源结构转型的重要发展方向，世界各国均高度重视光伏产业的发展。中国 光伏新增装机规模已连续多年位居世界首位。根据国家能源局公布数据，2025 年 1-6 月，全国光 伏新增并网 211.61GW。在装机并网增长的同时，光伏行业产能严重过剩问题尚无明显改善。 2025 年上半年，光伏产业链呈现上游减产、下游增长的分化格局。根据中国光伏行业协会 （CPIA）数据：2025 上半年光伏制造端产量增速大幅下降，,无锡奥特维科技股份有限公司2025 年半年度报告 14 / 228 □适用 √不适用 二、 经营情况的讨论与分析 公司是高端装备的供应商，公司产品的应用行业是光伏、锂电/储能、半导体封测。 根据国家能源局数据，2025 年上半年全年国内光伏发电装机达 211.61GW。尽管全球装机量 依然保持增长，由于光伏产品的价格继续大幅下滑，较多光伏企业出现经营亏损。光伏行业面临 产能严重过剩压力，技术迭代与新兴市场拓展正重塑行业格局，光伏行业长期稳定需求依然存在。 2025 年上半年，中国新型储能业务呈现出快速发展的态势，装,evidence=52; page_citations=23; sources=3; domain=strong; role=moderate; bottleneck=strong,,,False,False,False,专用设备制造业,半导体 / 半导体设备 / bottleneck / latent_core_equivalent_quality_pool,strong,core,latent_primary_source_backfill_batch1_rerun_v2,Tier B,88,67
688521,芯原股份,v5_hydrated,expansion_core_equivalent_quality_pool,pending_manual_approval,pending_review,56,20,2,True,strong,moderate,core_hard_tech_evidence_supported,strong,not_detected_in_existing_artifacts,moderate,strong,True,manual review of upgraded primary-source evidence before any future core-pool action,芯原微电子（上海）股份有限公司2025 年半年度报告 13 / 268 智慧汽车、机器人等高效率端侧计算设备，以及数据中心/服务器等高性能云侧计算设备。 为顺应大算力需求所推动的 SoC（系统级芯片）向 SiP（系统级封装）发展的趋势，芯原正 在以“IP 芯片化（IP as a Chiplet）”、“芯片平台化（Chiplet as a Platform）”和“平台生态化（Platform as an Ecosystem）”理念为行动指导方针，从接口 IP、Chiplet 芯片架构、先进封装技术、面向 AIGC 和,芯原微电子（上海）股份有限公司2025 年半年度报告 13 / 268 智慧汽车、机器人等高效率端侧计算设备，以及数据中心/服务器等高性能云侧计算设备。 为顺应大算力需求所推动的 SoC（系统级芯片）向 SiP（系统级封装）发展的趋势，芯原正 在以“IP 芯片化（IP as a Chiplet）”、“芯片平台化（Chiplet as a Platform）”和“平台生态化（Platform as an Ecosystem）”理念为行动指导方针，从接口 IP、Chiplet 芯片架构、先进封装技术、面向 AIGC 和,evidence=56; page_citations=20; sources=2; domain=strong; role=moderate; bottleneck=strong,,,False,False,False,软件和信息技术服务业,其他战略性关键环节 / 国产替代/供应链约束 / bottleneck / expansion_core_equivalent_quality_pool,sufficient,core,expansion_2025_doubler_discovered,Tier B,88,62
688522,纳睿雷达,v5_hydrated,latent_core_equivalent_quality_pool,pending_manual_approval,pending_review,47,18,3,True,strong,moderate,core_hard_tech_evidence_supported,strong,not_detected_in_existing_artifacts,moderate,strong,True,manual review of upgraded primary-source evidence before any future core-pool action,广东纳睿雷达科技股份有限公司2025 年半年度报告 12 / 194 公司是掌握全极化有源相控阵雷达关键核心技术并较早实现双极化（双偏振）有源相控阵雷 达产业化的企业，目前公司的主要产品为 X 波段双极化（双偏振）有源相控阵雷达，主要应用于 对中小尺度、快速形成、生消迅速、致灾性强的强对流天气进行探测、监视和预警，并在粤港澳 大湾区组建了国内首个超高时空分辨率的 X 波段双极化（双偏振）有源相控阵雷达天气观测网。 公司主营相控阵雷达系统研究及其应用被中国雷达行业协会鉴定为“国际先进水平”。公司自主 研发的相控阵雷达,广东纳睿雷达科技股份有限公司2025 年半年度报告 12 / 194 公司是掌握全极化有源相控阵雷达关键核心技术并较早实现双极化（双偏振）有源相控阵雷 达产业化的企业，目前公司的主要产品为 X 波段双极化（双偏振）有源相控阵雷达，主要应用于 对中小尺度、快速形成、生消迅速、致灾性强的强对流天气进行探测、监视和预警，并在粤港澳 大湾区组建了国内首个超高时空分辨率的 X 波段双极化（双偏振）有源相控阵雷达天气观测网。 公司主营相控阵雷达系统研究及其应用被中国雷达行业协会鉴定为“国际先进水平”。公司自主 研发的相控阵雷达,evidence=47; page_citations=18; sources=3; domain=strong; role=moderate; bottleneck=strong,,,False,False,False,计算机、通信和其他电子设备制造业,航空航天与军工电子 / 航空航天/军工电子 / bottleneck / latent_core_equivalent_quality_pool,sufficient,core,latent_primary_source_backfill_batch1_rerun_v2,Tier B,88,62
688525,佰维存储,v5_hydrated,expansion_core_equivalent_quality_pool,pending_manual_approval,pending_review,57,23,3,True,strong,moderate,core_hard_tech_evidence_supported,strong,not_detected_in_existing_artifacts,moderate,strong,True,manual review of upgraded primary-source evidence before any future core-pool action,深圳佰维存储科技股份有限公司 2025 年半年度报告 29 / 259 Predator GP30 PC、手机、平 板、相机、PS5 等 产品采用高速 USB3.2 Gen2x2 传输接口设计， 读写性能可高达 2000MB/s，同时支持 Type C 和 Type A 双接口传输，提供最高 8TB 容量规 格，支持 RGB 动态光效，具有广泛兼容性和 五年有限保固 接口：USB3.2 Gen2x2 Type-C 存储容量：1TB/2TB/4TB/8TB 工作温度：0℃～70℃ （6）先进封测 公司以子公司泰来科技,深圳佰维存储科技股份有限公司 2025 年半年度报告 34 / 259 eMMC 产品，并且公司持续推动新产品导入验证，构建起覆盖多场景的完整车载存储产品矩阵； 此外，公司基于自研 eMMC 主控方案提供全面的车规级国产存储解决方案，为汽车领域客户构筑 安全可靠、性能领先的存储方案。 2、 AI 端侧技术与产品布局领先，构建 AI+存储综合竞争力 在 AI 端侧应用日益广泛的背景下，公司已构建完整的产品布局，致力于满足 AI 终端对大容 量、高速度、低功耗和高集成度的严苛要求。公司通过自研主控芯片、固件算法与先进封,evidence=57; page_citations=23; sources=3; domain=strong; role=moderate; bottleneck=strong,,,False,False,False,计算机、通信和其他电子设备制造业,其他战略性关键环节 / 国产替代/供应链约束 / bottleneck / expansion_core_equivalent_quality_pool,strong,core,expansion_2025_doubler_discovered,Tier B,88,68
688531,日联科技,v5_hydrated,internal_quality_pool,pending_manual_approval,pending_review,60,24,3,True,strong,moderate,core_hard_tech_evidence_supported,strong,low,moderate,strong,True,manual review of upgraded primary-source evidence before any future core-pool action,日联科技集团股份有限公司2025 年半年度报告 11 / 225 随着应用场景持续拓展打开，下游需求的增长带动了工业 X 射线检测设备市场规模快速增长。 而受限于国内技术和制造水平不足，我国工业检测领域的高端 X 射线设备以及核心部件 X 射线源 长期依赖进口，其中开管射线源、闭管微焦点射线源、大功率小焦点射线源产品及核心技术主要 掌握在美、日、德等国外厂商手中。随着下游产业的快速发展，相关产业对工业 X 射线检测设备 及其关键核心部件射线源的需求也愈发旺盛，国产替代的重要性愈发突显。 近年来，我国工业 X 射线检,日联科技集团股份有限公司2025 年半年度报告 11 / 225 随着应用场景持续拓展打开，下游需求的增长带动了工业 X 射线检测设备市场规模快速增长。 而受限于国内技术和制造水平不足，我国工业检测领域的高端 X 射线设备以及核心部件 X 射线源 长期依赖进口，其中开管射线源、闭管微焦点射线源、大功率小焦点射线源产品及核心技术主要 掌握在美、日、德等国外厂商手中。随着下游产业的快速发展，相关产业对工业 X 射线检测设备 及其关键核心部件射线源的需求也愈发旺盛，国产替代的重要性愈发突显。 近年来，我国工业 X 射线检,evidence=60; page_citations=24; sources=3; domain=strong; role=moderate; bottleneck=strong,,,False,False,False,专用设备制造业,其他战略性关键环节 / 国产替代/供应链约束 / bottleneck / internal_quality_pool,strong,core,canonical_90_internal_manual_review,Tier A,89,69
688536,思瑞浦,v5_hydrated,expansion_core_equivalent_quality_pool,pending_manual_approval,pending_review,78,30,3,True,strong,moderate,core_hard_tech_evidence_supported,strong,not_detected_in_existing_artifacts,moderate,strong,True,manual review of upgraded primary-source evidence before any future core-pool action,思瑞浦微电子科技（苏州）股份有限公司2025 年半年度报告 14 / 209 2、公司所处的行业地位分析及其变化情况 集成电路技术最早源于欧美等发达国家，欧美日厂商经过多年发展，凭借资金、技术、客户 资源、品牌等方面的积累，形成了巨大的领先优势。近年来，随着技术的积累和政策的支持，部 分国内公司在高端产品方面取得了一定的突破，逐步打破国外厂商垄断。 公司的主营业务为模拟与数模混合集成电路产品的研发与销售，致力于发展成为平台型模拟 芯片设计公司。公司的技术水平突出，许多核心产品的综合性能已经达到了国际先进水平。凭借,思瑞浦微电子科技（苏州）股份有限公司2025 年半年度报告 14 / 209 2、公司所处的行业地位分析及其变化情况 集成电路技术最早源于欧美等发达国家，欧美日厂商经过多年发展，凭借资金、技术、客户 资源、品牌等方面的积累，形成了巨大的领先优势。近年来，随着技术的积累和政策的支持，部 分国内公司在高端产品方面取得了一定的突破，逐步打破国外厂商垄断。 公司的主营业务为模拟与数模混合集成电路产品的研发与销售，致力于发展成为平台型模拟 芯片设计公司。公司的技术水平突出，许多核心产品的综合性能已经达到了国际先进水平。凭借,evidence=78; page_citations=30; sources=3; domain=strong; role=moderate; bottleneck=strong,,,False,False,False,软件和信息技术服务业,其他战略性关键环节 / 国产替代/供应链约束 / bottleneck / expansion_core_equivalent_quality_pool,strong,core,expansion_2025_doubler_discovered,Tier B,90,77
688549,中巨芯,v5_hydrated,expansion_core_equivalent_quality_pool,pending_manual_approval,pending_review,69,23,3,True,strong,moderate,core_hard_tech_evidence_supported,strong,not_detected_in_existing_artifacts,moderate,strong,True,manual review of upgraded primary-source evidence before any future core-pool action,中巨芯科技股份有限公司2025 年半年度报告 10 / 196 公司处于电子信息与材料化工行业的交叉领域，属于典型的技术密集型行业，位于从基础化 工材料到终端电子产品生产的产业链重要中间环节，是电子信息产业自主安全发展的关键支撑， 对国内产业结构升级、国民经济发展具有重要意义，也是衡量一个国家科技进步的重要标志。公 司产品主要包括电子湿化学品、电子特种气体和前驱体材料等半导体材料，主要应用于集成电路 和显示面板制造领域。 半导体材料处于整个半导体产业链的上游环节，是半导体产业的基石，是推动集成电路技术 创新的引擎。,中巨芯科技股份有限公司2025 年半年度报告 12 / 196 公司的生产组织主要按照“以销定产、订单驱动、合理库存”的原则，围绕客户需求开展。 销售部门每月汇总客户需求后，填写产品名称、规格、数量的清单，经营销中心负责人审核后， 交由交付中心。交付中心会根据营销中心提供的客户产品需求清单，结合仓库库存情况以及车间 产能情况等制定生产计划表组织生产。 5、销售模式 公司主要采用直接面向客户的直销模式，少量通过经销商进行销售。直销模式进一步分为非 寄售模式和寄售模式，非寄售模式包括一般直销模式和代理模式，在该模式下，,evidence=69; page_citations=23; sources=3; domain=strong; role=moderate; bottleneck=strong,,,False,False,False,计算机、通信和其他电子设备制造业,工业软件与基础软件 / 基础软件/工业软件 / bottleneck / expansion_core_equivalent_quality_pool,strong,core,expansion_2025_doubler_discovered,Tier B,88,70
688550,瑞联新材,v5_hydrated,latent_core_equivalent_quality_pool,pending_manual_approval,pending_review,50,19,3,True,strong,moderate,core_hard_tech_evidence_supported,strong,not_detected_in_existing_artifacts,moderate,strong,True,manual review of upgraded primary-source evidence before any future core-pool action,西安瑞联新材料股份有限公司2025 年半年度报告 10 / 219 第三节 管理层讨论与分析 一、 报告期内公司所属行业及主营业务情况说明 报告期内，公司持续专注于研发、生产和销售专用有机新材料，业务内容涵盖显示材料、医 药产品、电子化学品等新材料。其中显示材料产品根据终端产品显示特性的不同分为 OLED 材料、 液晶材料；医药产品包括创新药中间体和原料药，电子化学品主要产品包括半导体光刻胶单体、 半导体及 OLED 封装材料和 TFT 平坦层光刻胶等。其中 OLED 材料主要为 OLED 升华前材料， 下游为 O,西安瑞联新材料股份有限公司2025 年半年度报告 10 / 219 第三节 管理层讨论与分析 一、 报告期内公司所属行业及主营业务情况说明 报告期内，公司持续专注于研发、生产和销售专用有机新材料，业务内容涵盖显示材料、医 药产品、电子化学品等新材料。其中显示材料产品根据终端产品显示特性的不同分为 OLED 材料、 液晶材料；医药产品包括创新药中间体和原料药，电子化学品主要产品包括半导体光刻胶单体、 半导体及 OLED 封装材料和 TFT 平坦层光刻胶等。其中 OLED 材料主要为 OLED 升华前材料， 下游为 O,evidence=50; page_citations=19; sources=3; domain=strong; role=moderate; bottleneck=strong,,,False,False,False,化学原料和化学制品制造业,半导体 / 半导体材料 / bottleneck / latent_core_equivalent_quality_pool,sufficient,core,latent_primary_source_backfill_batch1_rerun_v2,Tier B,88,63
688551,科威尔,v5_hydrated,false_negative_rescue_core_equivalent_quality_pool,pending_manual_approval,pending_review,48,26,3,True,strong,moderate,core_hard_tech_evidence_supported,strong,not_detected_in_existing_artifacts,moderate,strong,True,manual review of upgraded primary-source evidence before any future core-pool action,科威尔技术股份有限公司 2025 年半年度报告 12 / 191 目前公司采用“以销定产+库存式生产”相结合的生产模式。“以销定产”主要针对各类 测试系统产品，根据客户的差异化需求进行产品定制化设计及生产制造，以满足不同客户对产 品不同的技术指标和交期的需求；“库存式生产”主要针对公司目前可标准化生产制造的产品， 结合市场预判和生产计划进行预生产，达到快速响应客户需求及平衡产能的目标。 4、销售模式 公司的产品销售属于技术型销售，需要理解产品应用和特点，同时要求公司具备快速的服 务响应能力，目前公司采取以直销为主的,科威尔技术股份有限公司 2025 年半年度报告 12 / 191 目前公司采用“以销定产+库存式生产”相结合的生产模式。“以销定产”主要针对各类 测试系统产品，根据客户的差异化需求进行产品定制化设计及生产制造，以满足不同客户对产 品不同的技术指标和交期的需求；“库存式生产”主要针对公司目前可标准化生产制造的产品， 结合市场预判和生产计划进行预生产，达到快速响应客户需求及平衡产能的目标。 4、销售模式 公司的产品销售属于技术型销售，需要理解产品应用和特点，同时要求公司具备快速的服 务响应能力，目前公司采取以直销为主的,evidence=48; page_citations=26; sources=3; domain=strong; role=moderate; bottleneck=strong,,,False,False,False,专用设备制造业,高端制造装备 / 专用设备宽口径 / concept_only / false_negative_rescue_core_equivalent_quality_pool,strong,core,false_negative_rescue_backfilled,Excluded,82,68
688556,高测股份,v5_hydrated,latent_core_equivalent_quality_pool,pending_manual_approval,pending_review,49,20,3,True,strong,moderate,core_hard_tech_evidence_supported,strong,not_detected_in_existing_artifacts,moderate,strong,True,manual review of upgraded primary-source evidence before any future core-pool action,青岛高测科技股份有限公司2025 年半年度报告 10 / 186 第三节 管理层讨论与分析 一、 报告期内公司所属行业及主营业务情况说明 （一）主要业务、主要产品或服务情况 1、主要业务 公司是国内领先的高硬脆材料切割设备和切割耗材供应商，主要从事高硬脆材料切割设备和 切割耗材的研发、生产和销售，产品主要应用于光伏行业硅片制造环节，已实现切割设备、切割 耗材、硅片及切割加工服务业务全覆盖。基于公司自主研发的核心技术，公司持续研发新品，充 分发挥“切割设备+切割耗材+切割工艺”融合发展及技术闭环优势，持续推进金刚线切,青岛高测科技股份有限公司2025 年半年度报告 10 / 186 第三节 管理层讨论与分析 一、 报告期内公司所属行业及主营业务情况说明 （一）主要业务、主要产品或服务情况 1、主要业务 公司是国内领先的高硬脆材料切割设备和切割耗材供应商，主要从事高硬脆材料切割设备和 切割耗材的研发、生产和销售，产品主要应用于光伏行业硅片制造环节，已实现切割设备、切割 耗材、硅片及切割加工服务业务全覆盖。基于公司自主研发的核心技术，公司持续研发新品，充 分发挥“切割设备+切割耗材+切割工艺”融合发展及技术闭环优势，持续推进金刚线切,evidence=49; page_citations=20; sources=3; domain=strong; role=moderate; bottleneck=strong,,,False,False,False,专用设备制造业,半导体 / 半导体材料 / bottleneck / latent_core_equivalent_quality_pool,strong,core,latent_primary_source_backfill_batch1_rerun_v2,Tier B,88,64
688559,海目星,v5_hydrated,false_negative_rescue_core_equivalent_quality_pool,pending_manual_approval,pending_review,87,31,3,True,strong,moderate,core_hard_tech_evidence_supported,strong,not_detected_in_existing_artifacts,moderate,strong,True,manual review of upgraded primary-source evidence before any future core-pool action,海目星激光科技集团股份有限公司2025 年半年度报告 12 / 233 期增长约 12.5%。其中 TOPCon 电池片作为当前主流技术路线，出货占比达到 88.3%，PERC 电池片出货占比约为 11.2%，而 BC 电池片出货占比仍不足 1%。技术层面，光伏行业技术迭代 加速，头部企业围绕 N 型电池、叠层技术、组件效率提升、材料创新等方向展开激烈竞争，将推 动行业从“规模扩张”向“技术驱动”转型。在技术创新、政策引导与市场需求的协同作用下， 也将给光伏设备带来更多机遇。 ③ 3C 设备行业 3C 设备行业指为,海目星激光科技集团股份有限公司2025 年半年度报告 12 / 233 期增长约 12.5%。其中 TOPCon 电池片作为当前主流技术路线，出货占比达到 88.3%，PERC 电池片出货占比约为 11.2%，而 BC 电池片出货占比仍不足 1%。技术层面，光伏行业技术迭代 加速，头部企业围绕 N 型电池、叠层技术、组件效率提升、材料创新等方向展开激烈竞争，将推 动行业从“规模扩张”向“技术驱动”转型。在技术创新、政策引导与市场需求的协同作用下， 也将给光伏设备带来更多机遇。 ③ 3C 设备行业 3C 设备行业指为,evidence=87; page_citations=31; sources=3; domain=strong; role=moderate; bottleneck=strong,,,False,False,False,专用设备制造业,高端制造装备 / 专用设备宽口径 / concept_only / false_negative_rescue_core_equivalent_quality_pool,strong,core,false_negative_rescue_backfilled,Excluded,83,79
688589,力合微,v5_hydrated,latent_core_equivalent_quality_pool,pending_manual_approval,pending_review,39,17,3,True,strong,moderate,core_hard_tech_evidence_supported,strong,not_detected_in_existing_artifacts,moderate,strong,True,manual review of upgraded primary-source evidence before any future core-pool action,深圳市力合微电子股份有限公司2025 年半年度报告 11 / 204 模块 智能电网系列本地通 信模块 基于公司自主研发的 PLC 芯片、双模芯片，参照国网、 南网相关技术规范设计，应用于智能电网用电信息采 集，低压配网创新应用、电网光伏等应用领域 。 工业物联网系列本地 通信模块 基于公司自主研发的 PLC 芯片，可支持上千节点大网 络容量，确保在复杂的工业环境下可靠通信，面向工业 物联网智能设备可靠通信模块，应用于智能光伏及电池 智慧管理、综合能效管理等领域 。 消费物联网系列本地 通信模块 基于公司自主研发的,深圳市力合微电子股份有限公司2025 年半年度报告 11 / 204 模块 智能电网系列本地通 信模块 基于公司自主研发的 PLC 芯片、双模芯片，参照国网、 南网相关技术规范设计，应用于智能电网用电信息采 集，低压配网创新应用、电网光伏等应用领域 。 工业物联网系列本地 通信模块 基于公司自主研发的 PLC 芯片，可支持上千节点大网 络容量，确保在复杂的工业环境下可靠通信，面向工业 物联网智能设备可靠通信模块，应用于智能光伏及电池 智慧管理、综合能效管理等领域 。 消费物联网系列本地 通信模块 基于公司自主研发的,evidence=39; page_citations=17; sources=3; domain=strong; role=moderate; bottleneck=strong,,,False,False,False,软件和信息技术服务业,工业软件与基础软件 / 基础软件/工业软件 / bottleneck / latent_core_equivalent_quality_pool,sufficient,core,latent_primary_source_backfill_batch1_rerun_v2,Tier B,87,59
688596,正帆科技,v5_hydrated,data_gap_core_equivalent_quality_pool,pending_manual_approval,pending_review,75,32,3,True,strong,moderate,core_hard_tech_evidence_supported,strong,not_detected_in_existing_artifacts,moderate,strong,True,manual review of upgraded primary-source evidence before any future core-pool action,上海正帆科技股份有限公司 2025 年半年度报告 10 / 208 2025 年 1–6 月，中国生物制药市场规模约 1.25 万亿元，同比增长 15%左右，全年有望达到 2.5 万亿元，2025 年上半年，中国生物制药行业在“政策 2.0 +出海加速+技术迭代”三重共振下 保持高景气，但融资缩量、估值回调与国际化监管趋严亦带来挑战。具备 First-in-Class 管线、国 际化 BD 能力及成本控制优势的头部企业，将率先穿越资本寒冬并分享全球市场红利。相关研究 显示，在行业政策和技术突破的双轮驱动下，中国创新,上海正帆科技股份有限公司 2025 年半年度报告 10 / 208 2025 年 1–6 月，中国生物制药市场规模约 1.25 万亿元，同比增长 15%左右，全年有望达到 2.5 万亿元，2025 年上半年，中国生物制药行业在“政策 2.0 +出海加速+技术迭代”三重共振下 保持高景气，但融资缩量、估值回调与国际化监管趋严亦带来挑战。具备 First-in-Class 管线、国 际化 BD 能力及成本控制优势的头部企业，将率先穿越资本寒冬并分享全球市场红利。相关研究 显示，在行业政策和技术突破的双轮驱动下，中国创新,evidence=75; page_citations=32; sources=3; domain=strong; role=moderate; bottleneck=strong,,,False,False,False,专用设备制造业,半导体 / 半导体设备 / beneficiary / data_gap_core_equivalent_quality_pool,strong,core,doubler_data_gap_primary_source_backfilled,Tier B,83,78
688600,皖仪科技,v5_hydrated,internal_quality_pool,pending_manual_approval,pending_review,40,22,3,True,strong,moderate,core_hard_tech_evidence_supported,strong,low,moderate,strong,True,manual review of upgraded primary-source evidence before any future core-pool action,"安徽皖仪科技股份有限公司2025 年半年度报告 10 / 193 根据中国证监会《上市公司行业分类指引》，公司所属的行业属于“C40 仪器仪表制造业”。 公司研发、生产、销售的各类分析检测仪器是仪器仪表行业的重要分支。 2、行业发展阶段及基本特点 （1）发展阶段 发达国家仪器仪表行业发展历史较长，技术上发展至今已经较为成熟。我国仪器仪表工业起 步较晚，整体技术水平和产品质量与国外先进水平存在较大差距,经过多年的建设与发展，我国仪 器仪表行业已经初步形成产品门类品种比较齐全，具有一定生产规模和开发能力的产业体系，自",安徽皖仪科技股份有限公司2025 年半年度报告 12 / 193 （4）2025 年 6 月 7 日，工业和信息化部发布《关于制造业计量创新发展的意见》，意见要 求要强化计量对仪器仪表产业的基础保障作用，推动计量与仪器仪表产业互促共进。对标国外先 进水平，培育一批具有生态主导能力的高端计量器具和标准物质龙头企业。引导仪器仪表中小企 业聚焦主业，坚持专精特新方向，不断增强创新能力和核心竞争力，培育更多专精特新“小巨人” 企业。引导仪器仪表企业实施质量品牌战略，强化质量支撑、树立优质品牌形象，提升影响力和 国际竞争力。,evidence=40; page_citations=22; sources=3; domain=strong; role=moderate; bottleneck=strong,,,False,False,False,仪器仪表制造业,高端仪器仪表与科学仪器 / 科学仪器/检测 / bottleneck / internal_quality_pool,strong,core,canonical_90_internal_manual_review,Tier A,88,63
688605,先锋精科,v5_hydrated,latent_core_equivalent_quality_pool,pending_manual_approval,pending_review,48,17,3,True,strong,moderate,core_hard_tech_evidence_supported,strong,not_detected_in_existing_artifacts,moderate,strong,True,manual review of upgraded primary-source evidence before any future core-pool action,"江苏先锋精密科技股份有限公司2025 年半年度报告 11 / 195 设备严苛标准的精密零部件制造能力，产品获得主要客户高度认可。报告期内，受益于国产替代 的不断推进，公司销售收入和业绩规模稳健增长。 根据 SEMI 报告，2024 年，全球半导体制造设备出货金额达到 1,171 亿美元，创年度销售额 历史新高，相较 2023 年的 1,063 亿美元增长 10%。从区域来看，中国大陆、韩国和中国台湾仍然 是半导体设备支出的前三大市场，中国大陆继续保持最大半导体设备市场的地位。人工智能热潮 持续推动晶圆厂扩张和设备","江苏先锋精密科技股份有限公司2025 年半年度报告 11 / 195 设备严苛标准的精密零部件制造能力，产品获得主要客户高度认可。报告期内，受益于国产替代 的不断推进，公司销售收入和业绩规模稳健增长。 根据 SEMI 报告，2024 年，全球半导体制造设备出货金额达到 1,171 亿美元，创年度销售额 历史新高，相较 2023 年的 1,063 亿美元增长 10%。从区域来看，中国大陆、韩国和中国台湾仍然 是半导体设备支出的前三大市场，中国大陆继续保持最大半导体设备市场的地位。人工智能热潮 持续推动晶圆厂扩张和设备",evidence=48; page_citations=17; sources=3; domain=strong; role=moderate; bottleneck=strong,,,False,False,False,通用设备制造业,半导体 / 半导体设备 / bottleneck / latent_core_equivalent_quality_pool,sufficient,core,latent_primary_source_backfill_batch1_rerun_v2,Tier B,87,61
688607,康众医疗,v5_hydrated,false_negative_rescue_core_equivalent_quality_pool,pending_manual_approval,pending_review,65,34,3,True,strong,moderate,core_hard_tech_evidence_supported,strong,not_detected_in_existing_artifacts,moderate,strong,True,manual review of upgraded primary-source evidence before any future core-pool action,江苏康众数字医疗科技股份有限公司2025 年半年度报告 10 / 177 随着全球各国对基础建设的投入不断加大、物流和贸易等行业的市场规模持续增长，以及政 府部门对社会公共安全问题的重视程度日益增加，安防检查领域对相关检测设备的需求将不断增 长，平板探测器在安防检测领域市场前景广阔。根据 Markets&Markets 的数据统计，2021 年全球 安检设备行业的市场规模在 74 亿美元左右，其中 X 光安检设备占比为 41%；预计到 2026 年全球 安检设备的市场规模能够突破 100 亿美元。伴随着国内海关港口,江苏康众数字医疗科技股份有限公司2025 年半年度报告 10 / 177 随着全球各国对基础建设的投入不断加大、物流和贸易等行业的市场规模持续增长，以及政 府部门对社会公共安全问题的重视程度日益增加，安防检查领域对相关检测设备的需求将不断增 长，平板探测器在安防检测领域市场前景广阔。根据 Markets&Markets 的数据统计，2021 年全球 安检设备行业的市场规模在 74 亿美元左右，其中 X 光安检设备占比为 41%；预计到 2026 年全球 安检设备的市场规模能够突破 100 亿美元。伴随着国内海关港口,evidence=65; page_citations=34; sources=3; domain=strong; role=moderate; bottleneck=strong,,,False,False,False,专用设备制造业,高端制造装备 / 专用设备宽口径 / concept_only / false_negative_rescue_core_equivalent_quality_pool,strong,core,false_negative_rescue_backfilled,Excluded,83,77
688627,精智达,v5_hydrated,expansion_core_equivalent_quality_pool,pending_manual_approval,pending_review,83,39,3,True,strong,moderate,core_hard_tech_evidence_supported,strong,not_detected_in_existing_artifacts,moderate,strong,True,manual review of upgraded primary-source evidence before any future core-pool action,深圳精智达技术股份有限公司2025 年半年度报告 11 / 208 第三节 管理层讨论与分析 一、 报告期内公司所属行业及主营业务情况说明 （一）主营业务情况 公司作为专注于半导体测试检测设备及系统解决方案的创新企业，以实现关键设备自主可控 为核心目标，着力构建系统化全站点服务能力。秉持 “不断提供最优质的产品和服务、坚持技术 创新、创造价值以助力社会进步” 的企业使命，公司聚焦技术创新，持续深耕半导体行业需求。 公司 DRAM 测试设备产品线涵盖晶圆测试机（CP）、老化修复设备、FT 测试机、高速 FT 测试机等,深圳精智达技术股份有限公司2025 年半年度报告 11 / 208 第三节 管理层讨论与分析 一、 报告期内公司所属行业及主营业务情况说明 （一）主营业务情况 公司作为专注于半导体测试检测设备及系统解决方案的创新企业，以实现关键设备自主可控 为核心目标，着力构建系统化全站点服务能力。秉持 “不断提供最优质的产品和服务、坚持技术 创新、创造价值以助力社会进步” 的企业使命，公司聚焦技术创新，持续深耕半导体行业需求。 公司 DRAM 测试设备产品线涵盖晶圆测试机（CP）、老化修复设备、FT 测试机、高速 FT 测试机等,evidence=83; page_citations=39; sources=3; domain=strong; role=moderate; bottleneck=strong,,,False,False,False,专用设备制造业,其他战略性关键环节 / 国产替代/供应链约束 / bottleneck / expansion_core_equivalent_quality_pool,strong,core,expansion_2025_doubler_discovered,Tier B,91,84
688628,优利德,v5_hydrated,expansion_core_equivalent_quality_pool,pending_manual_approval,pending_review,49,25,3,True,strong,moderate,core_hard_tech_evidence_supported,strong,not_detected_in_existing_artifacts,moderate,strong,True,manual review of upgraded primary-source evidence before any future core-pool action,优利德科技（中国）股份有限公司2025 年半年度报告 10 / 236 产业集群行动计划（2021-2025 年）》等行业发展政策进一步明确了仪器仪表行业发展的鼓励扶 持方向。在“十四五”规划中，明确指出要加强高端科研仪器设备研发制造。在我国“碳达峰、 碳中和”的目标实现和持续改善环境质量的背景下，随着国家环保投入与政策支持，测试测量仪 器仪表市场迎来了良好的发展机会。 中华人民共和国第十三届全国人民代表大会常务委员会第三十二次会议修订通过了《中华人 民共和国科学技术进步法》，明确鼓励优先采购国产科学仪器，鼓励企业,优利德科技（中国）股份有限公司2025 年半年度报告 11 / 236 产品包括实验系统综合测试平台、示波器、信号发生器、频谱分析仪、电源负载和电子元器 件测试仪等产品。主要以高频电压信号为测量主体，包括电子工程研发设计、通讯领域的信号采 集、信号仿真等，应用于电子制造、通讯、高等教育及科研实验、计量检测认证机构、集成电路 设计及测试等领域。 （三）经营模式 1、盈利模式 公司主营业务为测试测量仪器仪表的研发、生产和销售，通过自主品牌业务和 ODM 相结合的方 式，向境内外客户提供测试测量仪器仪表产品，以获取利润。,evidence=49; page_citations=25; sources=3; domain=strong; role=moderate; bottleneck=strong,,,False,False,False,仪器仪表制造业,其他战略性关键环节 / 国产替代/供应链约束 / bottleneck / expansion_core_equivalent_quality_pool,strong,core,expansion_2025_doubler_discovered,Tier B,89,67
688630,芯碁微装,v5_hydrated,expansion_core_equivalent_quality_pool,pending_manual_approval,pending_review,51,23,3,True,strong,moderate,core_hard_tech_evidence_supported,strong,not_detected_in_existing_artifacts,moderate,strong,True,manual review of upgraded primary-source evidence before any future core-pool action,合肥芯碁微电子装备股份有限公司2025 年半年度报告 19 / 229 厂商格局看，Photronics、Toppan（凸版印刷）与大日本印刷（DNP）三大国际企业仍主导全 球市场，近年来中国大陆本土厂商如冠石科技、清溢光电、龙图光罩等不断推进国产化替代。此 外，政策支持、资本投入、设备技术进步等多重因素共同作用，加速了掩模版产业的本地化发展。 受益于先进制程升级、新兴终端应用增长（如 AI、汽车电子、5G）及区域供应链调整，全球掩模 版市场正朝向高技术、高门槛、高集中度与多极化并存的格局演化，未来竞争将更加聚焦于,合肥芯碁微电子装备股份有限公司2025 年半年度报告 19 / 229 厂商格局看，Photronics、Toppan（凸版印刷）与大日本印刷（DNP）三大国际企业仍主导全 球市场，近年来中国大陆本土厂商如冠石科技、清溢光电、龙图光罩等不断推进国产化替代。此 外，政策支持、资本投入、设备技术进步等多重因素共同作用，加速了掩模版产业的本地化发展。 受益于先进制程升级、新兴终端应用增长（如 AI、汽车电子、5G）及区域供应链调整，全球掩模 版市场正朝向高技术、高门槛、高集中度与多极化并存的格局演化，未来竞争将更加聚焦于,evidence=51; page_citations=23; sources=3; domain=strong; role=moderate; bottleneck=strong,,,False,False,False,专用设备制造业,其他战略性关键环节 / 国产替代/供应链约束 / bottleneck / expansion_core_equivalent_quality_pool,strong,core,expansion_2025_doubler_discovered,Tier B,88,66
688652,京仪装备,v5_hydrated,expansion_core_equivalent_quality_pool,pending_manual_approval,pending_review,55,22,3,True,strong,moderate,core_hard_tech_evidence_supported,strong,not_detected_in_existing_artifacts,moderate,strong,True,manual review of upgraded primary-source evidence before any future core-pool action,北京京仪自动化装备技术股份有限公司2025 年半年度报告 10 / 170 半导体专用设备市场的发展主要受下游半导体制造市场推动。公司的半导体专用设备为半导 体生产过程提供了必要的温度控制、工艺废气处理及晶圆传送等功能，是晶圆制造所必须配备的 专用生产设备，该类设备的需求会随着晶圆制造产线建设加快和设备投资支出的增长而增长。 当前全球半导体产业正处于产业转移期，芯片制造逐渐向新兴国家转移。近些年来，我国集 成电路产业开始进入大规模发展建设时期，行业基础设施和企业规模不断扩大，集成电路产业投 资支出增多。 在集成电路,北京京仪自动化装备技术股份有限公司2025 年半年度报告 14 / 170 二、 经营情况的讨论与分析 经过多年的深耕积累，公司在主要产品领域自主研发并掌握了相关核心技术，致力于为集成 电路制造环节提供生产效率更高的设备。截至 2025 年 6 月 30 日，公司已获专利及软件著作权等 共计 376 项，其中发明专利 107 项，公司是目前国内唯一一家实现半导体专用温控设备规模装机 应用的设备制造商，也是目前国内极少数实现半导体专用工艺废气处理设备规模装机应用的设备 制造商，公司产品技术水平国内领先、国际先进。公司,evidence=55; page_citations=22; sources=3; domain=strong; role=moderate; bottleneck=strong,,,False,False,False,专用设备制造业,其他战略性关键环节 / 国产替代/供应链约束 / bottleneck / expansion_core_equivalent_quality_pool,strong,core,expansion_2025_doubler_discovered,Tier B,88,67
688663,新风光,v5_hydrated,expansion_core_equivalent_quality_pool,pending_manual_approval,pending_review,42,21,3,True,strong,moderate,core_hard_tech_evidence_supported,strong,not_detected_in_existing_artifacts,moderate,strong,True,manual review of upgraded primary-source evidence before any future core-pool action,新风光电子科技股份有限公司 2025 年半年度报告 18 / 207 加迫切。据统计，煤矿防爆电气市场规模已经达百亿，并且在不断增长。智能化和自动化技术已 成为主要发展趋势，绿色环保技术将得到广泛应用。 新增重要非主营业务情况 □适用 √不适用 二、 经营情况的讨论与分析 报告期，公司积极应对严峻复杂的内外部形势，牢牢把握高质量发展主题，聚焦主责主业， 在研发创新、市场开拓、业务变革、产业链布局、成本管控、人才梯队建设等方面多点发力，取 得了一定的成效，为公司持续稳定发展奠定了坚实基础。 一、主要经营指标完成情况,新风光电子科技股份有限公司 2025 年半年度报告 18 / 207 加迫切。据统计，煤矿防爆电气市场规模已经达百亿，并且在不断增长。智能化和自动化技术已 成为主要发展趋势，绿色环保技术将得到广泛应用。 新增重要非主营业务情况 □适用 √不适用 二、 经营情况的讨论与分析 报告期，公司积极应对严峻复杂的内外部形势，牢牢把握高质量发展主题，聚焦主责主业， 在研发创新、市场开拓、业务变革、产业链布局、成本管控、人才梯队建设等方面多点发力，取 得了一定的成效，为公司持续稳定发展奠定了坚实基础。 一、主要经营指标完成情况,evidence=42; page_citations=21; sources=3; domain=strong; role=moderate; bottleneck=strong,,,False,False,False,电气机械和器材制造业,能源与电力电子关键环节 / 电网/能源基础设施 / bottleneck / expansion_core_equivalent_quality_pool,strong,core,expansion_2025_doubler_discovered,Tier B,88,63
688677,海泰新光,v5_hydrated,expansion_core_equivalent_quality_pool,pending_manual_approval,pending_review,34,20,2,True,strong,moderate,core_hard_tech_evidence_supported,strong,not_detected_in_existing_artifacts,moderate,strong,True,manual review of upgraded primary-source evidence before any future core-pool action,青岛海泰新光科技股份有限公司2025 年半年度报告 10 / 185 的差距不断缩小，临床医生对于国产品牌认可度提升，中国内窥镜市场成长空间可观，增长潜力 巨大。 但国内内窥镜行业的整体技术水平及产业化进程仍落后于发达国家，内窥镜行业在我国尚属 于新兴行业。目前，我国大部分医用内窥镜生产企业已经具备低端医用内窥镜产品生产与研发能 力，部分大型企业在中端医用内窥镜市场占据一定份额，少数企业在部分医用内窥镜细分领域的 高端市场实现了零的突破。总体来看，我国内窥镜行业格局呈现如下特点：行业规模逐年增大， 保持较高增速；由,青岛海泰新光科技股份有限公司2025 年半年度报告 10 / 185 的差距不断缩小，临床医生对于国产品牌认可度提升，中国内窥镜市场成长空间可观，增长潜力 巨大。 但国内内窥镜行业的整体技术水平及产业化进程仍落后于发达国家，内窥镜行业在我国尚属 于新兴行业。目前，我国大部分医用内窥镜生产企业已经具备低端医用内窥镜产品生产与研发能 力，部分大型企业在中端医用内窥镜市场占据一定份额，少数企业在部分医用内窥镜细分领域的 高端市场实现了零的突破。总体来看，我国内窥镜行业格局呈现如下特点：行业规模逐年增大， 保持较高增速；由,evidence=34; page_citations=20; sources=2; domain=strong; role=moderate; bottleneck=strong,,,False,False,False,专用设备制造业,其他战略性关键环节 / 国产替代/供应链约束 / bottleneck / expansion_core_equivalent_quality_pool,sufficient,core,expansion_2025_doubler_discovered,Tier B,88,57
688682,霍莱沃,v5_hydrated,latent_core_equivalent_quality_pool,pending_manual_approval,pending_review,32,18,3,True,strong,moderate,core_hard_tech_evidence_supported,strong,not_detected_in_existing_artifacts,moderate,strong,True,manual review of upgraded primary-source evidence before any future core-pool action,上海霍莱沃电子系统技术股份有限公司2025 年半年度报告 11 / 176 神经网络及深度学习模型代替传统电磁 CAE 软件中各仿真求解器中的部分模块或整个求解模块， 例如采用机器学习的方式加速矩阵求解、利用神经网络构建电磁仿真中的理想吸收层，乃至通过 学习大量样本直接由模型信息得出该模型的电磁特性；将已有的仿真案例及电磁仿真结果作为训 练数据供人工智能进行学习，而后针对特定问题直接以所需指标作为输入，通过训练完毕的人工 智能模型直接给出推荐的结构设计；在电磁 CAE 仿真软件中集成人工智能智能电磁逆设计内核， 针,上海霍莱沃电子系统技术股份有限公司2025 年半年度报告 12 / 176 卫星领域方面，据研究机构 BryceTech 发布的《2024 全球太空报告》，2024 年全球共进行 263 次轨道级火箭发射，其中商业提供商占发射活动的比例约 70%；中国全年发射次数为 68 次， 与美国的 158 次相比尚有较大成长空间。随着技术进步与商业模式创新，以市场需求为导向的商 业航天具备巨大市场潜力。近年来，以低轨卫星为代表的国内商业航天产业在政策支持力度、技 术进步、产业链完善等方面都取得了显著进展。低轨卫星的测量是确保,evidence=32; page_citations=18; sources=3; domain=strong; role=moderate; bottleneck=strong,,,False,False,False,软件和信息技术服务业,高端仪器仪表与科学仪器 / 科学仪器/检测 / bottleneck / latent_core_equivalent_quality_pool,sufficient,core,latent_primary_source_backfill_batch1_rerun_v2,Tier B,88,59
688686,奥普特,v5_hydrated,expansion_core_equivalent_quality_pool,pending_manual_approval,pending_review,55,30,3,True,strong,moderate,core_hard_tech_evidence_supported,strong,not_detected_in_existing_artifacts,moderate,strong,True,manual review of upgraded primary-source evidence before any future core-pool action,广东奥普特科技股份有限公司2025 年半年度报告 10 / 193 通过对行业特点的分析，结合公司自身的优势，公司计划未来建立起以向客户提供标准软硬 件产品及解决方案的业务模式。未来规划以直销为主、经销为辅，对于大行业战略大客户，公司 采用直销模式为主；对于中小型客户，公司以经销模式提供标准化产品和方案。 4.采购模式 公司的对外采购主要分为两个部分：一部分是生产所需的原辅料，包括五金塑胶件、电子电 器件、LED、光学件、PCB（A）、线材、接插件、包装材料等，用于生产自产产品。由于公司自产 产品线较多，每条产品线,广东奥普特科技股份有限公司2025 年半年度报告 17 / 193 进全球化布局，以高性价比产品服务海外市场；此外，通过标准化产品及方案优化运营效率、放 大规模效应，并加大工业 AI 等技术研发投入，保持技术创新与产品竞争力。在行业高速增长与国 产替代加速的双重机遇下，公司有望凭借深厚的技术积累、丰富的行业经验及清晰的战略路径， 持续提升市场份额，实现业绩稳健增长。 （2）智能机器人零部件战略布局 依托在工业自动化领域的技术和经验积累，公司将智能机器人确定为战略级新兴业务方向， 目标成为机器人感知层核心方案的供应商,evidence=55; page_citations=30; sources=3; domain=strong; role=moderate; bottleneck=strong,,,False,False,False,仪器仪表制造业,其他战略性关键环节 / 国产替代/供应链约束 / bottleneck / expansion_core_equivalent_quality_pool,strong,core,expansion_2025_doubler_discovered,Tier B,90,72
688692,达梦数据,v5_hydrated,latent_core_equivalent_quality_pool,pending_manual_approval,pending_review,39,19,3,True,strong,moderate,core_hard_tech_evidence_supported,strong,not_detected_in_existing_artifacts,moderate,strong,True,manual review of upgraded primary-source evidence before any future core-pool action,武汉达梦数据库股份有限公司2025 年半年度报告 14 / 197 随着用户需求的日益复杂化与多样化，逐渐催生出集中式与分布式一体化融合架构和统一管 理的协同生态。集中式与分布式一体化融合架构同时具备高效处理和降低延迟的集中式架构优势 及高并发高可用的分布式架构优势，可以实现平滑过渡能力、统一的开发和运维体验，屏蔽了架 构的差异和复杂性，让客户根据业务场景灵活选择部署方式，满足多场景多样化需求。达梦数据 库集中分布式一体化架构通过数据库内核底层最大程度融合，提供平滑过渡能力、统一的开发和 运维体验，屏蔽掉架构的差异,武汉达梦数据库股份有限公司2025 年半年度报告 17 / 197 V4，在数字中国信创赛道方面，达梦时序数据库 DMTDM 荣获华中大区赛二等奖、达梦分布式数 据库 DMDPC 摘得华北大区赛三等奖，武汉地铁轨道交通 AFC 清分中心入云项目、湖北港口集团 数据中台项目成功入选《2024 年度交通运输行业国产数据库典型应用案例集》。 公司积极推进新型数据库技术的研究，借鉴已有关系型和非关系型系列产品研发经验，从底 层进行全新设计，研发全新的分布式原生多模数据库产品，用于同时支持图、关系、键值、向量 等在内的多模数,evidence=39; page_citations=19; sources=3; domain=strong; role=moderate; bottleneck=strong,,,False,False,False,软件和信息技术服务业,工业软件与基础软件 / 基础软件/工业软件 / bottleneck / latent_core_equivalent_quality_pool,sufficient,core,latent_primary_source_backfill_batch1_rerun_v2,Tier B,88,61
688700,东威科技,v5_hydrated,expansion_core_equivalent_quality_pool,pending_manual_approval,pending_review,61,29,3,True,strong,moderate,core_hard_tech_evidence_supported,strong,not_detected_in_existing_artifacts,moderate,strong,True,manual review of upgraded primary-source evidence before any future core-pool action,"昆山东威科技股份有限公司2025 年半年度报告 10 / 178 公司于 2021 年 6 月 15 日在上海证券交易所科创板挂牌上市（股票代码：688700），是目前 国内唯一一家纯精密电镀设备及技术服务的科创板上市公司。公司总员工人数超过 1,500 人，在 江苏昆山、常熟、安徽广德、广东东莞均配有生产研发基地，此外公司还在泰国曼谷布局了生产 基地。公司曾获国家专精特新“小巨人”企业、国家高新技术企业、江苏省专精特新企业、江苏 省东威节能型环保电镀设备工程技术研究中心等多项荣誉，多次获评“首台套”设备荣誉，实现","昆山东威科技股份有限公司2025 年半年度报告 10 / 178 公司于 2021 年 6 月 15 日在上海证券交易所科创板挂牌上市（股票代码：688700），是目前 国内唯一一家纯精密电镀设备及技术服务的科创板上市公司。公司总员工人数超过 1,500 人，在 江苏昆山、常熟、安徽广德、广东东莞均配有生产研发基地，此外公司还在泰国曼谷布局了生产 基地。公司曾获国家专精特新“小巨人”企业、国家高新技术企业、江苏省专精特新企业、江苏 省东威节能型环保电镀设备工程技术研究中心等多项荣誉，多次获评“首台套”设备荣誉，实现",evidence=61; page_citations=29; sources=3; domain=strong; role=moderate; bottleneck=strong,,,False,False,False,专用设备制造业,其他战略性关键环节 / 国产替代/供应链约束 / bottleneck / expansion_core_equivalent_quality_pool,strong,core,expansion_2025_doubler_discovered,Tier B,89,73
688702,盛科通信,v5_hydrated,expansion_core_equivalent_quality_pool,pending_manual_approval,pending_review,70,24,3,True,strong,moderate,core_hard_tech_evidence_supported,strong,not_detected_in_existing_artifacts,moderate,strong,True,manual review of upgraded primary-source evidence before any future core-pool action,苏州盛科通信股份有限公司2025 年半年度报告 12 / 165 九、 存在股权激励、员工持股计划的公司可选择披露扣除股份支付影响后的净利润 □适用 √不适用 十、 非企业会计准则业绩指标说明 □适用 √不适用 第三节 管理层讨论与分析 一、 报告期内公司所属行业及主营业务情况说明 （一） 公司所属行业情况 公司的主营业务为以太网交换芯片及配套产品的研发、设计和销售。根据国家统计局发布的 《战略性新兴产业分类（2018）》，公司属于“新一代信息技术产业”之“新兴软件和新型信息 技术服务”之“新型信息技术服务”之“集,苏州盛科通信股份有限公司2025 年半年度报告 12 / 165 九、 存在股权激励、员工持股计划的公司可选择披露扣除股份支付影响后的净利润 □适用 √不适用 十、 非企业会计准则业绩指标说明 □适用 √不适用 第三节 管理层讨论与分析 一、 报告期内公司所属行业及主营业务情况说明 （一） 公司所属行业情况 公司的主营业务为以太网交换芯片及配套产品的研发、设计和销售。根据国家统计局发布的 《战略性新兴产业分类（2018）》，公司属于“新一代信息技术产业”之“新兴软件和新型信息 技术服务”之“新型信息技术服务”之“集,evidence=70; page_citations=24; sources=3; domain=strong; role=moderate; bottleneck=strong,,,False,False,False,软件和信息技术服务业,其他战略性关键环节 / 国产替代/供应链约束 / bottleneck / expansion_core_equivalent_quality_pool,strong,core,expansion_2025_doubler_discovered,Tier B,89,71
688708,佳驰科技,v5_hydrated,latent_standard_core_equivalent_quality_pool,pending_manual_approval,pending_review,32,19,3,True,strong,moderate,core_hard_tech_evidence_supported,strong,not_detected_in_existing_artifacts,moderate,strong,True,manual review of upgraded primary-source evidence before any future core-pool action,成都佳驰电子科技股份有限公司2025 年半年度报告 10 / 190 汽车工业的快速发展和激烈竞争极大地促进了各类电气、电子和信息设备在汽车上的广泛应 用，电动化、智能化和网联化已成为汽车发展的主要趋势，电子设备广泛应用于汽车发动机控制 系统、自动变速系统、制动系统、调节系统以及行驶系统中。 随着汽车的电子化发展，其内部的电子设备、无线通信设备和电控系统不断增加，其电磁兼 容问题也逐渐显现。由于汽车事故会对人员安全产生严重影响，因此该领域的电磁兼容问题已受 到重点关注。随着汽车电动化、智能化和网联化程度的持续加深，,成都佳驰电子科技股份有限公司2025 年半年度报告 10 / 190 汽车工业的快速发展和激烈竞争极大地促进了各类电气、电子和信息设备在汽车上的广泛应 用，电动化、智能化和网联化已成为汽车发展的主要趋势，电子设备广泛应用于汽车发动机控制 系统、自动变速系统、制动系统、调节系统以及行驶系统中。 随着汽车的电子化发展，其内部的电子设备、无线通信设备和电控系统不断增加，其电磁兼 容问题也逐渐显现。由于汽车事故会对人员安全产生严重影响，因此该领域的电磁兼容问题已受 到重点关注。随着汽车电动化、智能化和网联化程度的持续加深，,evidence=32; page_citations=19; sources=3; domain=strong; role=moderate; bottleneck=strong,,,False,False,False,其他制造业,工业软件与基础软件 / 基础软件/工业软件 / bottleneck / latent_standard_core_equivalent_quality_pool,sufficient,core,latent_standard_primary_source_backfilled,Tier B,88,59
688717,艾罗能源,v5_hydrated,internal_quality_pool,pending_manual_approval,pending_review,44,22,3,True,strong,moderate,core_hard_tech_evidence_supported,strong,low,moderate,strong,True,manual review of upgraded primary-source evidence before any future core-pool action,浙江艾罗网络能源技术股份有限公司2025 年半年度报告 11 / 263 公司重视研发投入，持续强化研发团队。截至 2025 年 6 月 30 日，公司设有西安、深圳、苏 州、杭州四大研发中心，共有研发人员 1016 人，占员工总人数的比例为 34.04%，其中本科及以 上学历人员 898 人，占研发人员的比例为 88.39%。公司已累计获得授权专利 338 项，包含发明专 利 68 项（含 5 项境外发明专利）。 公司产品累计取得了超过 1100 项国内外认证，销售区域覆盖全球 110 多个国家和地区，此外， 可,浙江艾罗网络能源技术股份有限公司2025 年半年度报告 15 / 263 型全球跨国企业或在特定国家具有明显行业优势的新能源产品供应商合作，为该类客户提供储能 电池及逆变器产品及技术支撑，并借助合作方销售渠道及终端客户服务优势，迅速进入当地市场。 4、研发模式 公司采用独立自主研发为主导的研发模式，以市场发展趋势和客户需求为导向实施研发项目， 结合自身发展战略规划，积极推动新技术研发及产业化。积极将行业内前沿技术应用于产品开发， 不论是在器件选型、电路设计方面，还是在算法优化、软件迭代方面，持续投入研发力量，持续,evidence=44; page_citations=22; sources=3; domain=strong; role=moderate; bottleneck=strong,,,False,False,False,电气机械和器材制造业,能源与电力电子关键环节 / 电网/能源基础设施 / bottleneck / internal_quality_pool,strong,core,canonical_90_internal_manual_review,Tier A,88,64
688720,艾森股份,v5_hydrated,expansion_core_equivalent_quality_pool,pending_manual_approval,pending_review,52,23,3,True,strong,moderate,core_hard_tech_evidence_supported,strong,not_detected_in_existing_artifacts,moderate,strong,True,manual review of upgraded primary-source evidence before any future core-pool action,江苏艾森半导体材料股份有限公司2025 年半年度报告 10 / 183 公司所处半导体材料行业属于技术密集及研发驱动行业，处于整个半导体产业链的上游环节， 对半导体产业发展起着重要支撑作用。电镀液及配套试剂、光刻胶及配套试剂为复配型产品，系 通过混配工艺生产的功能性材料，产品种类繁多，产品组分复杂，技术专业跨度大，涉及材料学、 物理学、化学、界面力学、材料失效与保护学、腐蚀与防护学等专业学科。公司需在众多化学材 料中筛选出数十种原材料进行复配，确定各组分、添加剂的合适配比，并充分考虑功能、稳定性、 工艺适配等因素以,江苏艾森半导体材料股份有限公司2025 年半年度报告 10 / 183 公司所处半导体材料行业属于技术密集及研发驱动行业，处于整个半导体产业链的上游环节， 对半导体产业发展起着重要支撑作用。电镀液及配套试剂、光刻胶及配套试剂为复配型产品，系 通过混配工艺生产的功能性材料，产品种类繁多，产品组分复杂，技术专业跨度大，涉及材料学、 物理学、化学、界面力学、材料失效与保护学、腐蚀与防护学等专业学科。公司需在众多化学材 料中筛选出数十种原材料进行复配，确定各组分、添加剂的合适配比，并充分考虑功能、稳定性、 工艺适配等因素以,evidence=52; page_citations=23; sources=3; domain=strong; role=moderate; bottleneck=strong,,,False,False,False,计算机、通信和其他电子设备制造业,半导体 / 半导体材料 / bottleneck / expansion_core_equivalent_quality_pool,strong,core,expansion_2025_doubler_discovered,Tier B,88,67
688777,中控技术,v5_hydrated,expansion_core_equivalent_quality_pool,pending_manual_approval,pending_review,49,28,3,True,strong,moderate,core_hard_tech_evidence_supported,strong,not_detected_in_existing_artifacts,moderate,strong,True,manual review of upgraded primary-source evidence before any future core-pool action,中控技术股份有限公司2025 年半年度报告 11 / 239 景应用、提升智能算力供给能力到强化要素支撑，全方位协同推进人工智能技术在产业的应用与 发展，提升我国在全球人工智能领域的竞争力，助力国家数字经济与创新型国家建设。工信部发 布的《推动工业领域设备更新实施方案》进一步细化政策要求，明确推动工业设备智能化、数字 化改造，加强工业 AI 技术研发与应用，以此提升生产效率和产品质量。借助工业 AI 技术，可实 现对设备运行的实时监测与智能优化，降低能耗，延长设备使用寿命。全国工业和信息化工作会 议强调实施的“人工,中控技术股份有限公司2025 年半年度报告 11 / 239 景应用、提升智能算力供给能力到强化要素支撑，全方位协同推进人工智能技术在产业的应用与 发展，提升我国在全球人工智能领域的竞争力，助力国家数字经济与创新型国家建设。工信部发 布的《推动工业领域设备更新实施方案》进一步细化政策要求，明确推动工业设备智能化、数字 化改造，加强工业 AI 技术研发与应用，以此提升生产效率和产品质量。借助工业 AI 技术，可实 现对设备运行的实时监测与智能优化，降低能耗，延长设备使用寿命。全国工业和信息化工作会 议强调实施的“人工,evidence=49; page_citations=28; sources=3; domain=strong; role=moderate; bottleneck=strong,,,False,False,False,软件和信息技术服务业,其他战略性关键环节 / 国产替代/供应链约束 / bottleneck / expansion_core_equivalent_quality_pool,strong,core,expansion_2025_doubler_discovered,Tier B,89,70
002028,思源电气,v5_targeted_hydrated,,pending_manual_approval,pending_review,13,13,1,True,strong,evidence_required,evidence_required,strong,low,missing_announcement|missing_financial_trace|missing_route_around,needs_manual_review,True,"manual approver should review remaining route-around, value-capture, or disconfirmation gaps before approval","| 项 目 | 本 发生额 期 | 本 发生额 期 | 上 发生额 期 | 上 发生额 期 | |---------------------------|-------------------|-------------------|------------------|------------------| | | 收入 | 本 成 | 收入 | 本 成 | | 主营业务 | 12,390,64 | 8,729,024, | 10,4",，大 料 、 、 求关 货币等因素 宗原材 价 半导体 国际物流 动 烈 受到供 系和 影响 格 器件价格 费用等波 剧 本 较大 力。 公司 承 部分产品成 受 压 采 本 ，力 ， ： 大 ， 公 续 各项 增效 施 降低上述 包括 不 加 发 通过改进 艺 司将持 取 降 措 争 风险 断 研 投入 工 、 本 ； 料 长 ， 料 流程 开展 措施实现 要原 应商建立 期 关系 保证 供应及 各项改善 降 增效 与主 材 供 合作,evidence=13; page_citations=13; sources=1; domain=strong; role=evidence_required; bottleneck=strong,,,False,False,False,电气机械和器材制造业,其他战略性关键环节 / 国产替代/供应链约束 / bottleneck,moderate,core,v5_targeted_hydrated,Tier A,79,44
002121,科陆电子,v5_targeted_hydrated,,pending_manual_approval,pending_review,13,13,1,True,strong,evidence_required,evidence_required,strong,low,missing_announcement|missing_route_around,needs_manual_review,True,"manual approver should review remaining route-around, value-capture, or disconfirmation gaps before approval",对公司根据 《公开发行证券的公司信息披露解释性公告第 1 号 --非经常性损益》 定义界定的非经常性损益项目， 以及把 《公 开发行证券的公司信息披露解释性公告第 1 号 --非经常性损益》中列举的非经常性损益项目界定为经常性损益的项目，应 说明原因 - □ 适用 √ 不适用 公司报告期不存在将根据《公开发行证券的公司信息披露解释性公告第 1 号 --非经常性损益》定义、列举的非经常性损益 项目界定为经常性损益的项目的情形。 ## 第三,公司将执行严格的技术保密制度，与关键技术人员签订《保密协议》、《竞业限制协议》。公司将持续为技术人才提供 良好的工作平台和发展空间，营造宽松的创新机制，结合期权激励计划等激励措施，使核心技术人才能共享公司发展成果， 降低技术失密和人才流失风险。 ## 4 、流动性风险 公司资产负债率较高，若业务开拓不达预期，或国家宏观经济形势、信贷政策和资本市场发生重大变化或调整，可能导 致公司的融资受到限制或公司的融资成本上升，使公司面临一定的资金周,evidence=13; page_citations=13; sources=1; domain=strong; role=evidence_required; bottleneck=strong,,,False,False,False,仪器仪表制造业,能源与电力电子关键环节 / 电网/能源基础设施 / bottleneck,moderate,core,v5_targeted_hydrated,Tier A,79,44
002185,华天科技,v5_targeted_hydrated,,pending_manual_approval,pending_review,13,13,1,True,strong,evidence_required,evidence_required,strong,low,missing_announcement|missing_route_around,needs_manual_review,True,"manual approver should review remaining route-around, value-capture, or disconfirmation gaps before approval","| 除同公司正常经营业务相关的有效套期保值业务外， 持有交易 性金融资产、衍生金融资产、交易性金融负债、衍生金融负债 产生的公允价值变动损益，以及处置交易性金融资产、衍生金 融资产、交易性金融负债、衍生金融负债和其他债权投资取得 的投资收益 | -345,845.29 | | |--------------------------------------------------------------------------------",## 十、公司面临的风险和应对措施 ## ①受半导体行业景气状况影响的风险 公司所处行业受半导体行业的景气状况影响较大，公司经营状况与半导体行业的景气状况紧密相关， 半导体行业发展过程中的波动将使公司面临一定的行业经营风险。另外，随着集成电路封装测试行业的竞 争越来越激烈，也将加大公司的经营难度。 ## ②产品生产成本上升的风险 公司产品主要原材料价格的波动会导致公司经营业绩出现一定的波动。同时，随着近几年人力成本的 持续上升，给公司的,evidence=13; page_citations=13; sources=1; domain=strong; role=evidence_required; bottleneck=strong,,,False,False,False,计算机、通信和其他电子设备制造业,其他战略性关键环节 / 国产替代/供应链约束 / bottleneck,moderate,core,v5_targeted_hydrated,Tier A,79,44
002324,普利特,v5_targeted_hydrated,,pending_manual_approval,pending_review,13,13,1,True,strong,evidence_required,evidence_required,strong,low,missing_announcement|missing_route_around,needs_manual_review,True,"manual approver should review remaining route-around, value-capture, or disconfirmation gaps before approval",对公司根据《公开发行证券的公司信息披露解释性公告第1号--非经常性损益》定义界定的非经常性损 益项目，以及把《公开发行证券的公司信息披露解释性公告第1号--非经常性损益》中列举的非经常性 损益项目界定为经常性损益的项目，应说明原因 ## □ 适用 √ 不适用 公司报告期不存在将根据《公开发行证券的公司信息披露解释性公告第1号--非经常性损益》定义、列 举的非经常性损益项目界定为经常性损益的项目的情形。 ## 第三节 管理层讨论与分析 #,"| | 149,787,451.92 | 149,787,451.92 | 应收票据 | |--------------|------------------|------------------|--------| | | 1,230,564,608.27 | 1,230,564,608.27 | 应收账款 | | 应收款项融资 | 207,348,051.52 | 207,348,051.52 | | | 预付款项 | 39,932",evidence=13; page_citations=13; sources=1; domain=strong; role=evidence_required; bottleneck=strong,,,False,False,False,橡胶和塑料制品业,其他战略性关键环节 / 国产替代/供应链约束 / bottleneck,moderate,core,v5_targeted_hydrated,Tier A,79,44
002885,京泉华,v5_targeted_hydrated,,pending_manual_approval,pending_review,10,10,1,True,strong,evidence_required,evidence_required,strong,low,missing_annual_report|missing_announcement|missing_named_customer|missing_architecture_shift|missing_route_around,needs_manual_review,True,"manual approver should review remaining route-around, value-capture, or disconfirmation gaps before approval","| 报告期末普通股股东总数 | 报告期末普通股股东总数 | 28,500 | 报告期末表决权恢复的优先股股东总数（如有） | 报告期末表决权恢复的优先股股东总数（如有） | 报告期末表决权恢复的优先股股东总数（如有） | 0 | | |------------------------------------|------------------------------------|----------------------------","| 项目 | 本报告期 | 上年同期 | 同比增减 变动原因 | |----------------------|----------------|---------------|--------------------------------------------| | 税金及附加 | 13,435,303.54 | 9,760,880.07 | 37.64%主要系本期增值税附加税增加所致。 | | 其他收益 | 17,677,33",evidence=10; page_citations=10; sources=1; domain=strong; role=evidence_required; bottleneck=strong,,,False,False,False,计算机、通信和其他电子设备制造业,能源与电力电子关键环节 / 电网/能源基础设施 / bottleneck,moderate,core,v5_targeted_hydrated,Tier B,85,71
002979,雷赛智能,v5_targeted_hydrated,,pending_manual_approval,pending_review,13,13,1,True,strong,evidence_required,evidence_required,strong,low,missing_announcement|missing_route_around,needs_manual_review,True,"manual approver should review remaining route-around, value-capture, or disconfirmation gaps before approval","| 项目 | 金额 | 说明 | |------------------------------------------------|--------------|------| | 非流动资产处置损益（包括已计提资产减值准备的冲销部 分） | -17,640.04 | | | 计入当期损益的政府补助（与企业业务密切相关，按照国家 统一标准定额或定量享受的政府补助除外） | 8,442,777.13 | | | 委托他人投资或管理资产的",继续涉入所转移金融资产的程度，是指该金融资产价值变动使企业面临的风险水平。 - ③继续确认所转移的金融资产 仍保留与所转移金融资产所有权上几乎所有的风险和报酬的，应当继续确认所转移金融资产整体，并将收到的对价确认 为一项金融负债。 该金融资产与确认的相关金融负债不得相互抵销。在随后的会计期间，企业应当继续确认该金融资产产生的收入（或利 得）和该金融负债产生的费用（或损失）。 ## （7）金融工具的抵销 金融资产和金融负债应当在资产负债表,evidence=13; page_citations=13; sources=1; domain=strong; role=evidence_required; bottleneck=strong,,,False,False,False,仪器仪表制造业,工业软件与基础软件 / 基础软件/工业软件 / chokepoint,moderate,core,v5_targeted_hydrated,Tier A,79,44
003026,中晶科技,v5_targeted_hydrated,,pending_manual_approval,pending_review,13,13,1,True,strong,evidence_required,evidence_required,strong,low,missing_announcement|missing_route_around,needs_manual_review,True,"manual approver should review remaining route-around, value-capture, or disconfirmation gaps before approval",随着全球信息技术迅猛发展和数字经济时代加速到来，半导体产业逐渐成为支撑现代经济社会发展和保障国家安 全的重要战略性、基础性和先导性产业，各国在半导体领域的投入和竞争力度逐渐加大。半导体材料作为半导体产业链 上游，是国家重点鼓励、扶持的战略性新兴行业，符合产业政策和国家经济发展战略。《工业和信息化部等六部门关于 推动能源电子产业发展的指导意见》《国务院关于印发'十四五'数字经济发展规划的通知》《'十四五'原材料工业 发展规划》等产业政策均,随着全球信息技术迅猛发展和数字经济时代加速到来，半导体产业逐渐成为支撑现代经济社会发展和保障国家安 全的重要战略性、基础性和先导性产业，各国在半导体领域的投入和竞争力度逐渐加大。半导体材料作为半导体产业链 上游，是国家重点鼓励、扶持的战略性新兴行业，符合产业政策和国家经济发展战略。《工业和信息化部等六部门关于 推动能源电子产业发展的指导意见》《国务院关于印发'十四五'数字经济发展规划的通知》《'十四五'原材料工业 发展规划》等产业政策均,evidence=13; page_citations=13; sources=1; domain=strong; role=evidence_required; bottleneck=strong,,,False,False,False,计算机、通信和其他电子设备制造业,半导体 / 半导体材料 / chokepoint,moderate,core,v5_targeted_hydrated,Tier A,79,44
300035,中科电气,v5_targeted_hydrated,,pending_manual_approval,pending_review,13,13,1,True,strong,evidence_required,evidence_required,strong,low,missing_announcement|missing_route_around,needs_manual_review,True,"manual approver should review remaining route-around, value-capture, or disconfirmation gaps before approval",公司协同发展优势体现在两方面：一为技术协同优势，由于公司磁电装备业务在磁力分选技术、电气自动化控制、工程 化应用方面具备较强的技术和人才储备，能为锂电负极业务的杂质分选、材料提纯需求以及生产设备的自动化、智能化提供 强有力的支持。因此，公司磁电装备业务与锂电负极业务可协同开发出适用于锂电生产过程中的自动化电气控制设备、磁分 选设备等锂电专用设备，在提高公司锂电负极自动化、智能化生产的同时，扩展公司磁电装备业务的应用领域，切入锂电装 备行,"本报告期，公司磁电装备板块实现营业收入 12,214.52 万元，同比增长 38.74% ；获得实用新型专利 8 项，另有 34 项正在申 请并获得受理的专利（其中含 22 项发明专利、 1 项国际专利）。 ## 二、核心竞争力分析 ## 1 、技术优势 公司锂电负极业务积累了丰富经验，具有较强的研发实力及工程化应用能力：石墨粉体加工技术、热处理工艺和石墨复 合技术业内领先；新型负极材料从材料、工艺到性能评估不断提升与完善；自行设计建造",evidence=13; page_citations=13; sources=1; domain=strong; role=evidence_required; bottleneck=strong,,,False,False,False,计算机、通信和其他电子设备制造业,能源与电力电子关键环节 / 电网/能源基础设施 / bottleneck,moderate,core,v5_targeted_hydrated,Tier A,79,44
300036,超图软件,v5_targeted_hydrated,,pending_manual_approval,pending_review,13,13,1,True,strong,evidence_required,evidence_required,strong,low,missing_announcement|missing_route_around,needs_manual_review,True,"manual approver should review remaining route-around, value-capture, or disconfirmation gaps before approval",## 二、核心竞争力分析 ## 1 ## 、领先的产品技术优势 公司坚持立足用户需求，紧跟 IT 发展趋势，自主创新，保证了自身技术体系的先进性和 创造性，在 GIS 技术发展中，公司的组件式 GIS 技术、服务式 GIS 技术都走在业界的前列， 跨平台 GIS 技术方面公司更是开了 GIS 基础软件的先河，并建立起了长久的差异化优势，基 于此，公司现在在跨平台 GIS 技术、二三维一体化 GIS 技术、云端一体化 GIS 技术和大数据,## 二、核心竞争力分析 ## 1 ## 、领先的产品技术优势 公司坚持立足用户需求，紧跟 IT 发展趋势，自主创新，保证了自身技术体系的先进性和 创造性，在 GIS 技术发展中，公司的组件式 GIS 技术、服务式 GIS 技术都走在业界的前列， 跨平台 GIS 技术方面公司更是开了 GIS 基础软件的先河，并建立起了长久的差异化优势，基 于此，公司现在在跨平台 GIS 技术、二三维一体化 GIS 技术、云端一体化 GIS 技术和大数据,evidence=13; page_citations=13; sources=1; domain=strong; role=evidence_required; bottleneck=strong,,,False,False,False,软件和信息技术服务业,工业软件与基础软件 / 基础软件/工业软件 / bottleneck,moderate,core,v5_targeted_hydrated,Tier A,79,44
300045,华力创通,v5_targeted_hydrated,,pending_manual_approval,pending_review,13,13,1,True,strong,evidence_required,evidence_required,strong,low,missing_announcement|missing_route_around,needs_manual_review,True,"manual approver should review remaining route-around, value-capture, or disconfirmation gaps before approval","对公司根据 《公开发行证券的公司信息披露解释性公告第 1 号--非经常性损益》 定义界定的非经常性损益项目， 以及把 《公 开发行证券的公司信息披露解释性公告第 1 号--非经常性损益》中列举的非经常性损益项目界定为经常性损益的项目，应 说明原因 ## √ 适用 □ 不适用 | 项目 | 涉及金额（元） | 原因 | |---------|--------------|---------| | 增值税即征即退 | 3,350,071.0",□ 适用 √ 不适用 主要控股参股公司情况说明 ## 九、公司控制的结构化主体情况 □ 适用 √ 不适用 ## 十、公司面临的风险和应对措施 ## 1、经营管控风险 为了适应市场需求及公司战略发展的需要，公司通过对外投资、新设子公司、收购等方 式推进公司战略规划的落地。随着经营主体和业务板块的增加，对公司现有的制度体系、组 织架构、运营模式、内部控制、财务管理等方面带来了较大的挑战。同时，增加了公司在分 子公司业绩实现、业务体系、组织机,evidence=13; page_citations=13; sources=1; domain=strong; role=evidence_required; bottleneck=strong,,,False,False,False,计算机、通信和其他电子设备制造业,半导体 / 半导体设备 / bottleneck,moderate,core,v5_targeted_hydrated,Tier A,79,44
300054,鼎龙股份,v5_targeted_hydrated,,pending_manual_approval,pending_review,13,13,1,True,strong,evidence_required,evidence_required,strong,low,missing_announcement|missing_route_around,needs_manual_review,True,"manual approver should review remaining route-around, value-capture, or disconfirmation gaps before approval",报告期内，公司在各业务领域都获得行业的广泛认可：鼎汇微电子 ' 集成电路用 12 英寸晶圆 CMP 氧化物用抛光垫 ' 项目荣 获第四届 'IC 创新奖 ' 技术创新奖；柔显科技 OLED 基板材料 YPI 荣获' 2021 世界显示产业大会创新产品'称号；旗捷科技被 认定为国家规划布局内重点集成电路设计企业；鼎龙股份、珠海名图、超俊科技、鼎龙汇杰均获 2021 中国打印复印耗材产品 企业 20 强奖项；北海绩迅登榜广西最具竞争力民营企,报告期内，公司在各业务领域都获得行业的广泛认可：鼎汇微电子 ' 集成电路用 12 英寸晶圆 CMP 氧化物用抛光垫 ' 项目荣 获第四届 'IC 创新奖 ' 技术创新奖；柔显科技 OLED 基板材料 YPI 荣获' 2021 世界显示产业大会创新产品'称号；旗捷科技被 认定为国家规划布局内重点集成电路设计企业；鼎龙股份、珠海名图、超俊科技、鼎龙汇杰均获 2021 中国打印复印耗材产品 企业 20 强奖项；北海绩迅登榜广西最具竞争力民营企,evidence=13; page_citations=13; sources=1; domain=strong; role=evidence_required; bottleneck=strong,,,False,False,False,计算机、通信和其他电子设备制造业,半导体 / 半导体材料 / chokepoint,moderate,core,v5_targeted_hydrated,Tier A,79,44
300322,硕贝德,v5_targeted_hydrated,,pending_manual_approval,pending_review,13,13,1,True,strong,evidence_required,evidence_required,strong,low,missing_announcement|missing_route_around,needs_manual_review,True,"manual approver should review remaining route-around, value-capture, or disconfirmation gaps before approval","| 项目 | 金额 | 说明 | |------------------------------------------------|---------------|------| | 非流动资产处置损益（包括已计提资产减值准备的冲销部分） | -2,800,172.42 | | | 计入当期损益的政府补助（与企业业务密切相关，按照国家统 一标准定额或定量享受的政府补助除外） | 5,457,804.18 | | | 单独进行减值测试的",- 一、技术更新风险。公司产品具有技术更新较快、研发周期相对较长、市场需求多变的特点，公司需对行业、市场发展 趋势作出正确的判断，并及时将研发成果推向市场。若公司不能及时把握技术、市场和行业的发展趋势，不能及时将技术研 发成果与客户需求相结合，可能会面临技术升级迭代的风险。公司将进一步加大研发、市场调研力度，关注未来市场变化， 加快新产品的开发和量产速度，不断提高综合竞争实力、提升公司行业地位。 - 二、核心人员流失风险。公司所处行业具,evidence=13; page_citations=13; sources=1; domain=strong; role=evidence_required; bottleneck=strong,,,False,False,False,计算机、通信和其他电子设备制造业,光电与通信 / 光互联/光芯片 / bottleneck,moderate,core,v5_targeted_hydrated,Tier A,79,44
300373,扬杰科技,v5_targeted_hydrated,,pending_manual_approval,pending_review,13,13,1,True,strong,evidence_required,evidence_required,strong,low,missing_announcement|missing_route_around,needs_manual_review,True,"manual approver should review remaining route-around, value-capture, or disconfirmation gaps before approval",对公司根据 《公开发行证券的公司信息披露解释性公告第 1 号 --非经常性损益》 定义界定的非经常性损益项目， 以及把 《公 开发行证券的公司信息披露解释性公告第 1 号 --非经常性损益》中列举的非经常性损益项目界定为经常性损益的项目，应 说明原因 - □ 适用 √ 不适用 公司报告期不存在将根据《公开发行证券的公司信息披露解释性公告第 1 号 --非经常性损益》定义、列举的非经常性损益 项目界定为经常性损益的项目的情形。 ## 第三,| | 本报告期末 | 本报告期末 | 上年末 | 上年末 | 比重增减 | | |---------|-------------------|---------|----------------|---------|--------|------------------------------------------------------------------------------------------| | | 金额 | 占,evidence=13; page_citations=13; sources=1; domain=strong; role=evidence_required; bottleneck=strong,,,False,False,False,计算机、通信和其他电子设备制造业,半导体 / 功率器件/IGBT/SiC/GaN / bottleneck,moderate,core,v5_targeted_hydrated,Tier A,79,44
300489,光智科技,v5_targeted_hydrated,,pending_manual_approval,pending_review,12,12,1,True,strong,evidence_required,evidence_required,strong,low,missing_announcement|missing_named_customer|missing_architecture_shift|missing_route_around,needs_manual_review,True,"manual approver should review remaining route-around, value-capture, or disconfirmation gaps before approval",2023 年上半年，在公司战略的指引下，公司上下全力以赴，积极作为，紧抓红外行业发展机遇，一方面纵向延伸红 外产业链下游产品，另一方面横向扩大成熟材料产品市场份额稳固领先地位。公司持续推进红外光学材料、红外镜头、 激光器、探测器等红外上下游产品研发；产品供应能力及数量加快升级，生产经营保持良好态势。以红外锗材料、硒化 锌、硫化锌、硫系玻璃等为代表的红外材料产品继续发挥稳定的基石产品作用，产销同步增长，红外材料市场占有率保 持一贯高位，整,"| 应收账款 | 19,429,729.76 | 23,676,313.87 | |-------------|-----------------|-----------------| | 应收款项融资 | 1,049,549.98 | 404,379.00 | | 预付款项 | 2,818,484.64 | 7,406,669.56 | | 其他应收款 | 633,864.16 | 250,581.45 | | 其中：应收利息 | |",evidence=12; page_citations=12; sources=1; domain=strong; role=evidence_required; bottleneck=strong,,,False,False,False,计算机、通信和其他电子设备制造业,半导体 / 高端传感器 / chokepoint,moderate,core,v5_targeted_hydrated,Tier A,79,43
300666,江丰电子,v5_targeted_hydrated,,pending_manual_approval,pending_review,13,13,1,True,strong,evidence_required,evidence_required,strong,low,missing_announcement|missing_route_around,needs_manual_review,True,"manual approver should review remaining route-around, value-capture, or disconfirmation gaps before approval",## 2 、同时按照境外会计准则与按照中国会计准则披露的财务报告中净利润和净资产差异情况 □ 适用 √ 不适用 公司报告期不存在按照境外会计准则与按照中国会计准则披露的财务报告中净利润和净资产差异情况。 ## 六、非经常性损益项目及金额 √ 适用 □ 不适用 单位：元 | 项目 | 金额 | 说明 | |--------------------------------------------------------|----------,## （ 2 ）领先的市场份额 公司具备较强的技术与产品创新能力，已经成为国内高纯溅射靶材产业的领先者，并在全球范围内与 美国、日本跨国公司展开市场竞争。面对市场空间更为广阔的液晶显示器、太阳能电池等应用领域，公司 已经制定了相应的产品研发和市场拓展计划，在继续巩固半导体芯片应用领域领先地位的同时，还可以利 用在半导体芯片市场积累的技术、品牌和客户资源，迅速向新的应用领域渗透，从而实现快速稳定的增长。 ## 三、主营业务分析 ## 概述,evidence=13; page_citations=13; sources=1; domain=strong; role=evidence_required; bottleneck=strong,,,False,False,False,计算机、通信和其他电子设备制造业,其他战略性关键环节 / 国产替代/供应链约束 / bottleneck,moderate,core,v5_targeted_hydrated,Tier A,79,44
300838,浙江力诺,v5_targeted_hydrated,,pending_manual_approval,pending_review,11,11,1,True,strong,evidence_required,evidence_required,strong,low,missing_annual_report|missing_announcement|missing_named_customer|missing_architecture_shift|missing_route_around,needs_manual_review,True,"manual approver should review remaining route-around, value-capture, or disconfirmation gaps before approval",| 股东名称 | 持有无限售条件股份数量 | 股份种类 | 股份种类 | |---------------------------------------------|----------------------------------------------------------------------------------------------------------------------------------------,"| 项目 | 2021 年 9 月 30 日 | 2020 年 12 月 31 日 | |-------------|-------------------|--------------------| | 流动资产： | | | | 货币资金 | 50,581,951.38 | 121,314,622.03 | | 结算备付金 | | | | 拆出资金 | | | | 交易性金融资产 | | | | 衍生金融资产 | | | | 应收票",evidence=11; page_citations=11; sources=1; domain=strong; role=evidence_required; bottleneck=strong,,,False,False,False,通用设备制造业,能源与电力电子关键环节 / 电网/能源基础设施 / bottleneck,moderate,core,v5_targeted_hydrated,Tier B,92,85
300916,朗特智能,v5_targeted_hydrated,,pending_manual_approval,pending_review,13,13,1,True,strong,evidence_required,evidence_required,strong,low,missing_announcement|missing_route_around,needs_manual_review,True,"manual approver should review remaining route-around, value-capture, or disconfirmation gaps before approval",对公司根据 《公开发行证券的公司信息披露解释性公告第 1 号 --非经常性损益》 定义界定的非经常性损益项目， 以及把 《公 开发行证券的公司信息披露解释性公告第 1 号 --非经常性损益》中列举的非经常性损益项目界定为经常性损益的项目，应 说明原因 □ 适用 √ 不适用 公司报告期不存在将根据《公开发行证券的公司信息披露解释性公告第 1 号 --非经常性损益》定义、列举的非经常性损益 项目界定为经常性损益的项目的情形。 ## 第三节,报告期内取得和处置子公司的情况 □ 适用 √ 不适用 主要控股参股公司情况说明 ## 九、公司控制的结构化主体情况 □ 适用 √ 不适用 ## 十、公司面临的风险和应对措施 ## 1 、外销收入占比较高的风险 公司外销占比较高，产品主要销往亚洲、非洲、北美等市场。近年来，随着国际市场竞争日趋激烈，发达国家利用安全 标准、质量标准、环境标准、关税等壁垒，压制包括中国在内的发展中国家相关产业，同时全球经济复苏缓慢使贸易保护主 义有所抬头。未,evidence=13; page_citations=13; sources=1; domain=strong; role=evidence_required; bottleneck=strong,,,False,False,False,计算机、通信和其他电子设备制造业,高端制造装备 / 机器人核心零部件 / chokepoint,moderate,core,v5_targeted_hydrated,Tier A,79,44
301095,广立微,v5_targeted_hydrated,,pending_manual_approval,pending_review,13,13,1,True,strong,evidence_required,evidence_required,strong,low,missing_announcement|missing_route_around,needs_manual_review,True,"manual approver should review remaining route-around, value-capture, or disconfirmation gaps before approval",短缺转为供应过剩，使中国大陆的建厂节奏有所放缓，但是中长期受到基于提高芯片自给率的强劲需求，晶圆厂的扩产节 奏将会逐步恢复。 在国内集成电路快速发展的窗口期，各类宏观环境因素给国内 EDA 及设备企业更多产品试错和优化迭代的机会，打造 出具备国内产业特点的一系列软硬件产品，而且在先进工艺开发上，上下游的协同力量前所未有地提升，这将会带动上下 游多环节技术共同进步。公司将抓住产业发展的机会，发挥公司在成品率提升领域软硬件的全流程优势，助力,广立微是领先的集成电路成品率提升解决方案供应商，是国内外极少数能够提供软、硬件以及技术服务相结合的全流 程产品与服务的企业，在上述成品率提升需求场景中，能够提供相应的产品和方案去评估不同工艺方案的优劣与风险，优 化产品设计与工艺的适配性，以快速突破先进制程或新产品设计方案中的工艺难点。特别是国产替代的浪潮下，产线设 备、材料的变更将会造成成品率不可预期的波动，公司的成品率解决方案将会发挥更有价值的作用。公司自 2022 年开始进 行量产,evidence=13; page_citations=13; sources=1; domain=strong; role=evidence_required; bottleneck=strong,,,False,False,False,软件和信息技术服务业,其他战略性关键环节 / 国产替代/供应链约束 / bottleneck,moderate,core,v5_targeted_hydrated,Tier A,79,44
600206,有研新材,v5_targeted_hydrated,,pending_manual_approval,pending_review,13,13,1,True,strong,evidence_required,evidence_required,strong,low,missing_announcement|missing_architecture_shift|missing_route_around,needs_manual_review,True,"manual approver should review remaining route-around, value-capture, or disconfirmation gaps before approval",其他说明： 无。 ## (4). 使用企业集团资产和清偿企业集团债务的重大限制 □适用 √不适用 ## (5). 向纳入合并财务报表范围的结构化主体提供的财务支持或其他支持 □适用 √不适用 其他说明： □适用 √不适用 ## 2、 在子公司的所有者权益份额发生变化且仍控制子公司的交易 □适用 √不适用 - 3、 在合营企业或联营企业中的权益 □适用 √不适用 ## 4、 ## 重要的共同经营 □适用 √不适用 ## 5、 在未纳入合并,## 2、原材料供应及价格波动的风险 公司主要原材料为各种有色金属，其中部分为大宗商品，原料价格的反复波动会大幅影响公 司生产成本，降低产品毛利。而原料价格的快速下跌可能对公司存量资产带来跌价损失，对公司 经营业绩的影响存有不确定性。 应对措施：公司与上游供应商建立战略合作关系、开发多家供应商、产品与主要原料实行价 格联动、原材料库存/生产/销售的高效协调管理等措施，有效化解原材料价格波动带来的影响； 公司将继续立足成本管理，通过技术创,evidence=13; page_citations=13; sources=1; domain=strong; role=evidence_required; bottleneck=strong,,,False,False,False,有色金属冶炼和压延加工业,半导体 / 高端传感器 / chokepoint,moderate,core,v5_targeted_hydrated,Tier A,79,44
600312,平高电气,v5_targeted_hydrated,,pending_manual_approval,pending_review,13,13,1,True,strong,evidence_required,evidence_required,strong,low,missing_announcement|missing_route_around,needs_manual_review,True,"manual approver should review remaining route-around, value-capture, or disconfirmation gaps before approval",| 主要财务指标 | 本报告期 （ 1 － 6 月） | 上年同期 | 本报告期比上年同 期增减 (%) | |---------------------------|-------------------|--------|--------------------| | 基本每股收益（元／股） | 0.3932 | 0.2458 | 59.97 | | 稀释每股收益（元／股） | 0.3932 | 0.2458 | 59.97 | |,4.开关产业优势。作为我国开关行业领军企业，公司二十多年来年坚持开关主营业务，始终'专注 开关基础理论和前沿技术研究、 专注开关核心制造技术和工艺技术研究、 专注开关产品研发和自主创新、 专注开关产业高质量发展'，已经具备'交直流、全系列、全电压等级的开关系列产品自主研发、试验 和制造、运维服务'能力，具有强大的核心竞争力。以'统筹、协调、创新、共享'为指导，依托平顶 山、天津、上海等产业基地，明确各单位业务定位，优化整合产业资源，充分,evidence=13; page_citations=13; sources=1; domain=strong; role=evidence_required; bottleneck=strong,,,False,False,False,电气机械和器材制造业,其他战略性关键环节 / 国产替代/供应链约束 / bottleneck,moderate,core,v5_targeted_hydrated,Tier A,79,44
603067,振华股份,v5_targeted_hydrated,,pending_manual_approval,pending_review,13,13,1,True,strong,evidence_required,evidence_required,strong,low,missing_announcement|missing_named_customer|missing_route_around,needs_manual_review,True,"manual approver should review remaining route-around, value-capture, or disconfirmation gaps before approval",| 交易 | 股 东、 实际 控制 人蔡 再华 先生 | 于确有必要且无法回避的关联交易，按照公平、公允和等价有偿的原则进行， 并将按照有关法律、法规、振华股份《公司章程》等有关规定履行信息披露 义务和办理有关报批事宜，保证不通过关联交易损害振华股份及其他股东的 合法权益； 2 、本人保证严格按照有关法律法规、中国证券监督管理委员会颁 布的规章和规范性文件、上海证券交易所颁布的业务规则及振华股份《公司 章程》等制度的规定，依法行使股东权,"| 项目 | 附注 | 2024 年 6 月 30 日 | 2023 年 12 月 31 日 | |-------------|-------|-------------------|--------------------| | 流动资产： | | | | | 货币资金 | 七、 1 | 239,823,591.00 | 267,512,840.44 | | 结算备付金 | | | | | 拆出资金 | | | | | 交易性金融资产",evidence=13; page_citations=13; sources=1; domain=strong; role=evidence_required; bottleneck=strong,,,False,False,False,化学原料和化学制品制造业,航空航天与军工电子 / 航空航天/军工电子 / bottleneck,moderate,core,v5_targeted_hydrated,Tier A,79,44
603312,西典新能,v5_targeted_hydrated,,pending_manual_approval,pending_review,13,13,1,True,strong,evidence_required,evidence_required,strong,low,missing_annual_report|missing_announcement|missing_route_around,needs_manual_review,True,"manual approver should review remaining route-around, value-capture, or disconfirmation gaps before approval",苏州高新区人力资源开发有限公司持有《劳务派遣经营许可证》 ，具有劳务 派遣业务的资质，不存在违法违规情形。发行人及控股股东实际控制人及其关联 方与劳务派遣公司不存在关联关系或者其他利益安排。 ## 2 、劳务外包情况 报告期内，公司业务发展迅速，相应用工需求快速增加，劳务外包公司作为 专业劳务服务机构，能快速补充公司用工缺口，有效保障公司生产进度，公司采 取劳务外包作为劳动用工的一种补充方式。 报告期各期公司劳务外包费用占营业 成本比例,公司自设立以来一直专注于电连接产品开展业务， 依托在复合母排领域的技 术积累，成功把握锂电池行业发展机遇，实现业务规模快速发展。业务规模快速 发展，对公司的产能布局、研发实力、运营资金等方面提出了更高的要求，本次 募集资金将投向是公司主营业务范围内的电池连接系统产能扩充、 研发中心建设、 补充流动资金等方面， 项目的实施预计能够增强公司的主营业务规模和市场竞争 力。 '年产 800 万件动力电池连接系统扩建项目' 、 '成都电池连接系统,evidence=13; page_citations=13; sources=1; domain=strong; role=evidence_required; bottleneck=strong,,,False,False,False,电气机械和器材制造业,能源与电力电子关键环节 / 电网/能源基础设施 / bottleneck,moderate,core,v5_targeted_hydrated,Tier A,79,44
603678,火炬电子,v5_targeted_hydrated,,pending_manual_approval,pending_review,13,13,1,True,strong,evidence_required,evidence_required,strong,low,missing_announcement|missing_route_around,needs_manual_review,True,"manual approver should review remaining route-around, value-capture, or disconfirmation gaps before approval",## 2、陶瓷新材料行业 新一代技术发展中材料扮演着至关重要的角色，其性能提升、创新应用将深刻影响技术进步 和产业升级。作为我国新一代武器装备基础支撑，新材料的发展多依赖于科研院所多年的技术预 研攻关，跟随新型号研发后具有较高的排他性，具有较大的技术壁垒，对提升我国新一代武器装 备基础支撑，突破产业发展瓶颈具有重大的战略意义。公司特种高性能新材料具有耐高温、密度 低、优异的高温抗氧化性能等突出优势，可作为基体制造陶瓷基复合材料，其在航天,□适用 √不适用 ## 五、其他披露事项 ## (一) 可能面对的风险 √适用 □不适用 ## 1、下游市场需求变动风险 公司主营业务收入主要来源于以电容器为主的生产和销售业务。电容器作为基础电子元件， 在消费电子、工业控制设备、医疗电子设备、安防等民用领域以及航空航天、武器装备等领域均 有较大规模的应用，且电容器市场需求规模及变动，与下游各产业领域的市场规模及变动具有一 定的相关性。报告期内，受宏观经济、行业周期性波动等影响，下游市场,evidence=13; page_citations=13; sources=1; domain=strong; role=evidence_required; bottleneck=strong,,,False,False,False,计算机、通信和其他电子设备制造业,航空航天与军工电子 / 航空航天/军工电子 / bottleneck,moderate,core,v5_targeted_hydrated,Tier A,79,44
603738,泰晶科技,v5_targeted_hydrated,,pending_manual_approval,pending_review,13,13,1,True,strong,evidence_required,evidence_required,strong,low,missing_announcement|missing_route_around,needs_manual_review,True,"manual approver should review remaining route-around, value-capture, or disconfirmation gaps before approval",## 十、 其他 □适用 √不适用 ## 第三节 ## 管理层讨论与分析 ## 一、 报告期内公司所属行业及主营业务情况说明 ## （一）公司所属行业情况 公司主要从事石英晶体谐振器、晶体振荡器等频控器件（以下简称'石英晶振'）的研发、 生产和销售业务，属于电子元器件行业中的石英晶体元器件子行业。 ## 1 、石英晶振作用原理及应用 石英晶振是利用石英本身所具有的压电效应、高稳定性、高品质因数、低损耗的物理特性， 提供标准频率源和时钟脉,## （ 4 ）以品质强化稳定内需，拓展市场 公司顺应市场发展，通过品质强化，稳定内需，以技术优势、人才优势和服务优势，满足终 端客户高质量产品需求，借助于 16 年来自主开拓市场的积累，客户资源丰富，获得国内多家主流 通讯厂商的验证认可，在国产替代进程之路上，为公司未来抢抓市场机遇，实现跨越式发展创造 更多先机。 2021 年，公司在原有方案商平台认证基础上，进一步加大优质客户导入与产品市场渗透。截 止目前，公司超 40 款片式产品通,evidence=13; page_citations=13; sources=1; domain=strong; role=evidence_required; bottleneck=strong,,,False,False,False,计算机、通信和其他电子设备制造业,半导体 / 功率器件/IGBT/SiC/GaN / bottleneck,moderate,core,v5_targeted_hydrated,Tier A,79,44
603757,大元泵业,v5_targeted_hydrated,,pending_manual_approval,pending_review,13,13,1,True,strong,evidence_required,evidence_required,strong,low,missing_announcement|missing_named_customer|missing_route_around,needs_manual_review,True,"manual approver should review remaining route-around, value-capture, or disconfirmation gaps before approval",将《公开发行证券的公司信息披露解释性公告第1号--非经常性损益》中列举的非经常性损益 项目界定为经常性损益项目的情况说明 □适用 √不适用 ## 十、 其他 □适用 √不适用 ## 第三节 管理层讨论与分析 ## 一、 报告期内公司所属行业及主营业务情况说明 ## （一）主要业务 公司主要从事各类泵的研发、生产、销售及提供相关服务，是拥有数十年品牌历史的全球知 名品牌民用水泵提供商，同时也是国内屏蔽泵行业的高新技术企业及领军企业。报告期,| | | 高级管理人员或核心技术人员。（4）未来如有在股 份公司经营范围内相关业务的商业机会， 本人将介绍 给股份公司； 对股份公司已进行建设或拟投资兴建的 项目， 本人将在投资方向与项目选择上避免与股份公 司相同或相似；（5）如未来本人所控制的企业拟进 行与股份公司相同或相似的经营业务， 本人将行使否 决权，避免与股份公司相同或相似，不与股份公司发 生同业竞争，以维护股份公司的利益。（6）本人在 作为股份公司股东期间或任职期间及辞去,evidence=13; page_citations=13; sources=1; domain=strong; role=evidence_required; bottleneck=strong,,,False,False,False,通用设备制造业,新材料 / AI服务器PCB/HBM材料 / bottleneck,moderate,core,v5_targeted_hydrated,Tier A,79,44
605358,立昂微,v5_targeted_hydrated,,pending_manual_approval,pending_review,13,13,1,True,strong,evidence_required,evidence_required,strong,low,missing_announcement|missing_route_around,needs_manual_review,True,"manual approver should review remaining route-around, value-capture, or disconfirmation gaps before approval",公司的基本组织架构：根据国家法律法规和公司章程的规定，建立了由股东大会、董事会、 监事会及经营管理层组成的规范的多层次治理结构；董事会下设战略委员会、薪酬与考核委员 会、提名委员会、审计委员会和ESG委员会(ESG委员会由2022年3月9日经公司第四届董事会 第七次会议批准新设成立)等五个专门委员会和总经理办公室。公司设行政人事部、财务部、信 息中心、证券法务部、动力保障部、EHS管理部、PED工厂、研发部、产品技术部、生产计划 部、质,- （2）缩短了新产品开发和市场推广的周期。公司上游产品直接供给下游生产使用，特别是 新开发的产品可以在最短的时间内得到认证、使用，从而大大缩短上游新产品的开发、市场推广 的时间；公司下游新产品的研制开发可对材料环节直接提出新的要求、进行技术改进，也可以大 大缩短下游新产品的开发时间。这种优势在技术更新迅速的半导体产业中具有突出价值。 - （3）有利于提高公司抗风险能力。通过产业链的合理延伸，可以实现公司主要产品所需主 要原材料的供给内,evidence=13; page_citations=13; sources=1; domain=strong; role=evidence_required; bottleneck=strong,,,False,False,False,计算机、通信和其他电子设备制造业,半导体 / 半导体材料 / bottleneck,moderate,core,v5_targeted_hydrated,Tier A,79,44
605389,长龄液压,v5_targeted_hydrated,,pending_manual_approval,pending_review,13,13,1,True,strong,evidence_required,evidence_required,strong,low,missing_announcement|missing_route_around,needs_manual_review,True,"manual approver should review remaining route-around, value-capture, or disconfirmation gaps before approval",## 十、 其他 □适用 √不适用 ## 第三节 管理层讨论与分析 ## 一、报告期内公司所属行业及主营业务情况说明 （一）、主要业务 公司主要从事液压元件及零部件的研发、生产和销售，目前主要产品为中央回转接头、张紧 装置等。 中央回转接头、张紧装置主要应用于挖掘机等各类工程机械设备中。以液压挖掘机为例，其 总体结构分为工作装置、上部转台和行走机构三部分，液压系统把液压能分配到各执行元件，由 各执行元件再把液压能转化为机械能，实现工作装,优质的客户资源是公司健康稳定发展并保持持续竞争力的前提条件。 在全球采购的大背景下， 主机厂商往往会与液压元件行业中具有较强研发实力、较高生产技术、较好的质量控制体系等的 企业保持密切合作，并与之保持长期稳定合作关系。 众多的优质客户群为公司建立了明显的先发优势，对后来潜在竞争者构成较强进入壁垒，充 分地保障了公司未来在国内行业市场份额的稳定增长潜力和盈利能力的连续性。 ## 3 、技术积淀深厚，产品研发领先 公司始终将技术创新作为其核,evidence=13; page_citations=13; sources=1; domain=strong; role=evidence_required; bottleneck=strong,,,False,False,False,通用设备制造业,高端制造装备 / 机器人核心零部件 / chokepoint,moderate,core,v5_targeted_hydrated,Tier A,79,44
688017,绿的谐波,v5_targeted_hydrated,,pending_manual_approval,pending_review,13,13,1,True,strong,evidence_required,evidence_required,strong,low,missing_announcement|missing_named_customer|missing_route_around,needs_manual_review,True,"manual approver should review remaining route-around, value-capture, or disconfirmation gaps before approval","| 少数股东权益影响额 | -95,438.74 | | |-------------|---------------|----| | 所得税影响额 | -3,454,159.05 | | | | 19,237,591.79 | 合计 | ## 九、 非企业会计准则业绩指标说明 □适用 √不适用 ## 第三节 管理层讨论与分析 ## 一、 报告期内公司所属行业及主营业务情况说明 ## 1. 主要业务情况 公司是一家专业从事精密传动装置研",对于合同现金流量特征与基本借贷安排相一致，且公司管理此类金融资产的业务模式为既以 收取合同现金流量为目标又以出售为目标的应收票据及应收账款，本公司将其分类为应收款项融 资，以公允价值计量且其变动计入其他综合收益。应收款项融资采用实际利率法确认的利息收 入、减值损失及汇兑差额确认为当期损益，其余公允价值变动计入其他综合收益。终止确认时， 之前计入其他综合收益的累计利得或损失从其他综合收益转出，计入当期损益。 ## 14. 其他应收款 ##,evidence=13; page_citations=13; sources=1; domain=strong; role=evidence_required; bottleneck=strong,,,False,False,False,通用设备制造业,高端制造装备 / 工业母机/机器人核心部件 / chokepoint,moderate,core,v5_targeted_hydrated,Tier A,79,44
688181,八亿时空,v5_targeted_hydrated,,pending_manual_approval,pending_review,13,13,1,True,strong,evidence_required,evidence_required,strong,low,missing_announcement|missing_route_around,needs_manual_review,True,"manual approver should review remaining route-around, value-capture, or disconfirmation gaps before approval",公司主营业务为液晶显示材料的研发、生产和销售，主要产品为高性能薄膜晶体管 TFT （ Thin Film Transistor ）等多种混合液晶材料，广泛应用于高清电视、智能手机、电脑、车载显示、智能 仪表等终端显示器领域。 ## ( 二 ) 主要经营模式 公司根据液晶面板厂商对液晶材料的具体需求，定制研发客户所需的混合液晶产品，在通过 客户测试认证后，采购基础化工原料、中间体和粗单晶等主要原材料，为具体客户定制生产具体 液晶材料产品，,"公司建立了科学系统的人员激励和培养机制，组建了具有较强研发实力的团队，鼓励研发人 员技术创新，培养年轻员工快速成长。同时，公司制定了具有行业竞争力的核心技术人员激励机 制， 高精尖型研发人员人均薪酬较高于同行业可比公司人均薪酬， 有助于吸引和留住高素质人才。 - （ 3 ）持续增加的研发投入是公司保持持续的科技创新能力的重要保障。 公司研发投入逐年大幅增长， 2022 年上半年公司研发投入 3,207.30 万元，比去年同期增长 49.",evidence=13; page_citations=13; sources=1; domain=strong; role=evidence_required; bottleneck=strong,,,False,False,False,计算机、通信和其他电子设备制造业,其他战略性关键环节 / 国产替代/供应链约束 / bottleneck,moderate,core,v5_targeted_hydrated,Tier A,79,44
000682,东方电子,v7_proposal_new,latent_manual_review_batch1_core_equivalent_proposal,hold_for_review,pending_review,19,19,3,True,supported,supported,supported,supported,not_detected_in_chunk,needs_manual_review,needs_manual_review,False,proceed to latent manual review equivalence gate; no automatic quality-pool action,,,evidence=19; page_citations=19; sources=3; domain=supported; role=supported; bottleneck=supported,,,False,False,False,软件和信息技术服务业,其他战略性关键环节 / 国产替代/供应链约束 / bottleneck,sufficient,core,latent_manual_review_batch1_primary_source_backfilled,Tier A,87,56
000777,中核科技,v7_proposal_new,latent_manual_review_standard_core_equivalent_proposal,pending,pending_review,18,18,3,True,supported,supported,supported,supported,not_detected_in_chunk,needs_manual_review,needs_manual_review,False,proceed to latent manual review standard equivalence gate; no automatic quality-pool action,,,evidence=18; page_citations=18; sources=3; domain=supported; role=supported; bottleneck=supported,,,False,False,False,通用设备制造业,其他战略性关键环节 / 国产替代/供应链约束 / bottleneck,sufficient,core,latent_manual_review_standard_primary_source_backfilled,Tier B,87,56
000977,浪潮信息,v7_proposal_new,latent_manual_review_standard_core_equivalent_proposal,pending,pending_review,19,19,3,True,supported,supported,supported,supported,not_detected_in_chunk,needs_manual_review,needs_manual_review,False,proceed to latent manual review standard equivalence gate; no automatic quality-pool action,,,evidence=19; page_citations=19; sources=3; domain=supported; role=supported; bottleneck=supported,,,False,False,False,计算机、通信和其他电子设备制造业,其他战略性关键环节 / 国产替代/供应链约束 / bottleneck,sufficient,core,latent_manual_review_standard_primary_source_backfilled,Tier B,87,56
000997,新 大 陆,v7_proposal_new,latent_manual_review_standard_core_equivalent_proposal,pending,pending_review,19,19,3,True,supported,supported,supported,supported,not_detected_in_chunk,needs_manual_review,needs_manual_review,False,proceed to latent manual review standard equivalence gate; no automatic quality-pool action,,,evidence=19; page_citations=19; sources=3; domain=supported; role=supported; bottleneck=supported,,,False,False,False,软件和信息技术服务业,其他战略性关键环节 / 国产替代/供应链约束 / bottleneck,sufficient,core,latent_manual_review_standard_primary_source_backfilled,Tier B,87,56
002006,精工科技,v7_proposal_new,latent_manual_review_standard_core_equivalent_proposal,pending,pending_review,24,24,3,True,supported,supported,supported,supported,not_detected_in_chunk,needs_manual_review,needs_manual_review,False,proceed to latent manual review standard equivalence gate; no automatic quality-pool action,,,evidence=24; page_citations=24; sources=3; domain=supported; role=supported; bottleneck=supported,,,False,False,False,专用设备制造业,其他战略性关键环节 / 国产替代/供应链约束 / bottleneck,strong,core,latent_manual_review_standard_primary_source_backfilled,Tier B,88,61
002025,航天电器,v7_proposal_new,latent_manual_review_batch1_core_equivalent_proposal,hold_for_review,pending_review,29,29,3,True,supported,supported,supported,supported,not_detected_in_chunk,needs_manual_review,needs_manual_review,False,proceed to latent manual review equivalence gate; no automatic quality-pool action,,,evidence=29; page_citations=29; sources=3; domain=supported; role=supported; bottleneck=supported,,,False,False,False,计算机、通信和其他电子设备制造业,其他战略性关键环节 / 国产替代/供应链约束 / bottleneck,strong,core,latent_manual_review_batch1_primary_source_backfilled,Tier B,88,66
002074,国轩高科,v7_proposal_new,latent_manual_review_batch1_core_equivalent_proposal,hold_for_review,pending_review,19,19,3,True,supported,supported,supported,supported,not_detected_in_chunk,needs_manual_review,needs_manual_review,False,proceed to latent manual review equivalence gate; no automatic quality-pool action,,,evidence=19; page_citations=19; sources=3; domain=supported; role=supported; bottleneck=supported,,,False,False,False,电气机械和器材制造业,其他战略性关键环节 / 国产替代/供应链约束 / bottleneck,sufficient,core,latent_manual_review_batch1_primary_source_backfilled,Tier A,87,56
002153,石基信息,v7_proposal_new,latent_manual_review_standard_core_equivalent_proposal,pending,pending_review,27,27,3,True,supported,supported,supported,supported,not_detected_in_chunk,needs_manual_review,needs_manual_review,False,proceed to latent manual review standard equivalence gate; no automatic quality-pool action,,,evidence=27; page_citations=27; sources=3; domain=supported; role=supported; bottleneck=supported,,,False,False,False,软件和信息技术服务业,其他战略性关键环节 / 国产替代/供应链约束 / bottleneck,strong,core,latent_manual_review_standard_primary_source_backfilled,Tier B,88,64
002179,中航光电,v7_proposal_new,latent_manual_review_batch1_core_equivalent_proposal,hold_for_review,pending_review,24,24,3,True,supported,supported,supported,supported,not_detected_in_chunk,needs_manual_review,needs_manual_review,False,proceed to latent manual review equivalence gate; no automatic quality-pool action,,,evidence=24; page_citations=24; sources=3; domain=supported; role=supported; bottleneck=supported,,,False,False,False,计算机、通信和其他电子设备制造业,其他战略性关键环节 / 国产替代/供应链约束 / bottleneck,strong,core,latent_manual_review_batch1_primary_source_backfilled,Tier B,88,61
002230,科大讯飞,v7_proposal_new,latent_manual_review_standard_core_equivalent_proposal,pending,pending_review,21,21,3,True,supported,supported,supported,supported,risk_or_counter_evidence_present,needs_manual_review,needs_manual_review,True,proceed to latent manual review standard equivalence gate; no automatic quality-pool action,,,evidence=21; page_citations=21; sources=3; domain=supported; role=supported; bottleneck=supported,,,False,False,False,软件和信息技术服务业,其他战略性关键环节 / 国产替代/供应链约束 / bottleneck,strong,core,latent_manual_review_standard_primary_source_backfilled,Tier B,85,58
002322,理工能科,v7_proposal_new,latent_manual_review_standard_core_equivalent_proposal,pending,pending_review,18,18,3,True,supported,supported,supported,supported,not_detected_in_chunk,needs_manual_review,needs_manual_review,False,proceed to latent manual review standard equivalence gate; no automatic quality-pool action,,,evidence=18; page_citations=18; sources=3; domain=supported; role=supported; bottleneck=supported,,,False,False,False,软件和信息技术服务业,其他战略性关键环节 / 国产替代/供应链约束 / bottleneck,sufficient,core,latent_manual_review_standard_primary_source_backfilled,Tier B,87,56
002335,科华数据,v7_proposal_new,latent_manual_review_standard_core_equivalent_proposal,pending,pending_review,26,26,3,True,supported,supported,supported,supported,not_detected_in_chunk,needs_manual_review,needs_manual_review,False,proceed to latent manual review standard equivalence gate; no automatic quality-pool action,,,evidence=26; page_citations=26; sources=3; domain=supported; role=supported; bottleneck=supported,,,False,False,False,电气机械和器材制造业,其他战略性关键环节 / 国产替代/供应链约束 / bottleneck,strong,core,latent_manual_review_standard_primary_source_backfilled,Tier B,88,63
002465,海格通信,v7_proposal_new,latent_manual_review_batch1_core_equivalent_proposal,hold_for_review,pending_review,20,20,3,True,supported,supported,supported,supported,not_detected_in_chunk,needs_manual_review,needs_manual_review,False,proceed to latent manual review equivalence gate; no automatic quality-pool action,,,evidence=20; page_citations=20; sources=3; domain=supported; role=supported; bottleneck=supported,,,False,False,False,计算机、通信和其他电子设备制造业,其他战略性关键环节 / 国产替代/供应链约束 / bottleneck,strong,core,latent_manual_review_batch1_primary_source_backfilled,Tier B,87,57
002876,三利谱,v7_proposal_new,latent_manual_review_standard_core_equivalent_proposal,pending,pending_review,22,22,3,True,supported,supported,supported,supported,risk_or_counter_evidence_present,needs_manual_review,needs_manual_review,True,proceed to latent manual review standard equivalence gate; no automatic quality-pool action,,,evidence=22; page_citations=22; sources=3; domain=supported; role=supported; bottleneck=supported,,,False,False,False,计算机、通信和其他电子设备制造业,其他战略性关键环节 / 国产替代/供应链约束 / bottleneck,strong,core,latent_manual_review_standard_primary_source_backfilled,Tier B,85,59
002920,德赛西威,v7_proposal_new,latent_manual_review_standard_core_equivalent_proposal,pending,pending_review,26,26,3,True,supported,supported,supported,supported,not_detected_in_chunk,needs_manual_review,needs_manual_review,False,proceed to latent manual review standard equivalence gate; no automatic quality-pool action,,,evidence=26; page_citations=26; sources=3; domain=supported; role=supported; bottleneck=supported,,,False,False,False,计算机、通信和其他电子设备制造业,其他战略性关键环节 / 国产替代/供应链约束 / bottleneck,strong,core,latent_manual_review_standard_primary_source_backfilled,Tier B,88,63
002967,广电计量,v7_proposal_new,latent_manual_review_standard_core_equivalent_proposal,pending,pending_review,19,19,3,True,supported,supported,supported,supported,not_detected_in_chunk,needs_manual_review,needs_manual_review,False,proceed to latent manual review standard equivalence gate; no automatic quality-pool action,,,evidence=19; page_citations=19; sources=3; domain=supported; role=supported; bottleneck=supported,,,False,False,False,专业技术服务业,其他战略性关键环节 / 国产替代/供应链约束 / bottleneck,sufficient,core,latent_manual_review_standard_primary_source_backfilled,Tier B,87,56
300014,亿纬锂能,v7_proposal_new,latent_manual_review_batch1_core_equivalent_proposal,hold_for_review,pending_review,27,27,3,True,supported,supported,supported,supported,not_detected_in_chunk,needs_manual_review,needs_manual_review,False,proceed to latent manual review equivalence gate; no automatic quality-pool action,,,evidence=27; page_citations=27; sources=3; domain=supported; role=supported; bottleneck=supported,,,False,False,False,电气机械和器材制造业,其他战略性关键环节 / 国产替代/供应链约束 / bottleneck,strong,core,latent_manual_review_batch1_primary_source_backfilled,Tier A,88,64
300073,当升科技,v7_proposal_new,latent_manual_review_batch1_core_equivalent_proposal,hold_for_review,pending_review,19,19,3,True,supported,supported,supported,supported,not_detected_in_chunk,needs_manual_review,needs_manual_review,False,proceed to latent manual review equivalence gate; no automatic quality-pool action,,,evidence=19; page_citations=19; sources=3; domain=supported; role=supported; bottleneck=supported,,,False,False,False,计算机、通信和其他电子设备制造业,其他战略性关键环节 / 国产替代/供应链约束 / bottleneck,sufficient,core,latent_manual_review_batch1_primary_source_backfilled,Tier A,87,56
300203,聚光科技,v7_proposal_new,latent_manual_review_standard_core_equivalent_proposal,pending,pending_review,24,24,3,True,supported,supported,supported,supported,risk_or_counter_evidence_present,needs_manual_review,needs_manual_review,True,proceed to latent manual review standard equivalence gate; no automatic quality-pool action,,,evidence=24; page_citations=24; sources=3; domain=supported; role=supported; bottleneck=supported,,,False,False,False,仪器仪表制造业,其他战略性关键环节 / 国产替代/供应链约束 / bottleneck,strong,core,latent_manual_review_standard_primary_source_backfilled,Tier B,86,61
300378,鼎捷数智,v7_proposal_new,latent_manual_review_standard_core_equivalent_proposal,pending,pending_review,24,24,3,True,supported,supported,supported,supported,risk_or_counter_evidence_present,needs_manual_review,needs_manual_review,True,proceed to latent manual review standard equivalence gate; no automatic quality-pool action,,,evidence=24; page_citations=24; sources=3; domain=supported; role=supported; bottleneck=supported,,,False,False,False,软件和信息技术服务业,其他战略性关键环节 / 国产替代/供应链约束 / bottleneck,strong,core,latent_manual_review_standard_primary_source_backfilled,Tier B,86,61
300442,润泽科技,v7_proposal_new,latent_manual_review_standard_core_equivalent_proposal,pending,pending_review,23,23,3,True,supported,supported,supported,supported,risk_or_counter_evidence_present,needs_manual_review,needs_manual_review,True,proceed to latent manual review standard equivalence gate; no automatic quality-pool action,,,evidence=23; page_citations=23; sources=3; domain=supported; role=supported; bottleneck=supported,,,False,False,False,软件和信息技术服务业,其他战略性关键环节 / 国产替代/供应链约束 / bottleneck,strong,core,latent_manual_review_standard_primary_source_backfilled,Tier B,85,60
300566,激智科技,v7_proposal_new,latent_manual_review_batch1_core_equivalent_proposal,hold_for_review,pending_review,18,18,3,True,supported,supported,supported,supported,not_detected_in_chunk,needs_manual_review,needs_manual_review,False,proceed to latent manual review equivalence gate; no automatic quality-pool action,,,evidence=18; page_citations=18; sources=3; domain=supported; role=supported; bottleneck=supported,,,False,False,False,计算机、通信和其他电子设备制造业,其他战略性关键环节 / 国产替代/供应链约束 / bottleneck,sufficient,core,latent_manual_review_batch1_primary_source_backfilled,Tier A,87,56
300607,拓斯达,v7_proposal_new,latent_manual_review_standard_core_equivalent_proposal,pending,pending_review,24,24,3,True,supported,supported,supported,supported,not_detected_in_chunk,needs_manual_review,needs_manual_review,False,proceed to latent manual review standard equivalence gate; no automatic quality-pool action,,,evidence=24; page_citations=24; sources=3; domain=supported; role=supported; bottleneck=supported,,,False,False,False,通用设备制造业,其他战略性关键环节 / 国产替代/供应链约束 / bottleneck,strong,core,latent_manual_review_standard_primary_source_backfilled,Tier B,88,61
300687,赛意信息,v7_proposal_new,latent_manual_review_standard_core_equivalent_proposal,pending,pending_review,18,18,3,True,supported,supported,supported,supported,not_detected_in_chunk,needs_manual_review,needs_manual_review,False,proceed to latent manual review standard equivalence gate; no automatic quality-pool action,,,evidence=18; page_citations=18; sources=3; domain=supported; role=supported; bottleneck=supported,,,False,False,False,软件和信息技术服务业,其他战略性关键环节 / 国产替代/供应链约束 / bottleneck,sufficient,core,latent_manual_review_standard_primary_source_backfilled,Tier B,87,56
300699,光威复材,v7_proposal_new,latent_manual_review_standard_core_equivalent_proposal,pending,pending_review,21,21,3,True,supported,supported,supported,supported,not_detected_in_chunk,needs_manual_review,needs_manual_review,False,proceed to latent manual review standard equivalence gate; no automatic quality-pool action,,,evidence=21; page_citations=21; sources=3; domain=supported; role=supported; bottleneck=supported,,,False,False,False,化学纤维制造业,其他战略性关键环节 / 国产替代/供应链约束 / bottleneck,strong,core,latent_manual_review_standard_primary_source_backfilled,Tier B,87,58
300724,捷佳伟创,v7_proposal_new,latent_manual_review_standard_core_equivalent_proposal,pending,pending_review,25,25,3,True,supported,supported,supported,supported,not_detected_in_chunk,needs_manual_review,needs_manual_review,False,proceed to latent manual review standard equivalence gate; no automatic quality-pool action,,,evidence=25; page_citations=25; sources=3; domain=supported; role=supported; bottleneck=supported,,,False,False,False,专用设备制造业,其他战略性关键环节 / 国产替代/供应链约束 / bottleneck,strong,core,latent_manual_review_standard_primary_source_backfilled,Tier B,88,62
300750,宁德时代,v7_proposal_new,latent_manual_review_batch1_core_equivalent_proposal,hold_for_review,pending_review,20,20,3,True,supported,supported,supported,supported,not_detected_in_chunk,needs_manual_review,needs_manual_review,False,proceed to latent manual review equivalence gate; no automatic quality-pool action,,,evidence=20; page_citations=20; sources=3; domain=supported; role=supported; bottleneck=supported,,,False,False,False,电气机械和器材制造业,其他战略性关键环节 / 国产替代/供应链约束 / bottleneck,strong,core,latent_manual_review_batch1_primary_source_backfilled,Tier A,87,57
300782,卓胜微,v7_proposal_new,latent_manual_review_standard_core_equivalent_proposal,pending,pending_review,19,19,3,True,supported,supported,supported,supported,risk_or_counter_evidence_present,needs_manual_review,needs_manual_review,True,proceed to latent manual review standard equivalence gate; no automatic quality-pool action,,,evidence=19; page_citations=19; sources=3; domain=supported; role=supported; bottleneck=supported,,,False,False,False,计算机、通信和其他电子设备制造业,其他战略性关键环节 / 国产替代/供应链约束 / bottleneck,sufficient,core,latent_manual_review_standard_primary_source_backfilled,Tier B,85,56
300797,钢研纳克,v7_proposal_new,latent_manual_review_standard_core_equivalent_proposal,pending,pending_review,17,17,3,True,supported,supported,supported,supported,not_detected_in_chunk,needs_manual_review,needs_manual_review,False,proceed to latent manual review standard equivalence gate; no automatic quality-pool action,,,evidence=17; page_citations=17; sources=3; domain=supported; role=supported; bottleneck=supported,,,False,False,False,专业技术服务业,其他战略性关键环节 / 国产替代/供应链约束 / bottleneck,sufficient,core,latent_manual_review_standard_primary_source_backfilled,Tier B,86,55
300809,华辰装备,v7_proposal_new,latent_manual_review_standard_core_equivalent_proposal,pending,pending_review,20,20,3,True,supported,supported,supported,supported,not_detected_in_chunk,needs_manual_review,needs_manual_review,False,proceed to latent manual review standard equivalence gate; no automatic quality-pool action,,,evidence=20; page_citations=20; sources=3; domain=supported; role=supported; bottleneck=supported,,,False,False,False,通用设备制造业,其他战略性关键环节 / 国产替代/供应链约束 / bottleneck,strong,core,latent_manual_review_standard_primary_source_backfilled,Tier B,87,57
300810,中科海讯,v7_proposal_new,latent_manual_review_standard_core_equivalent_proposal,pending,pending_review,29,29,3,True,supported,supported,supported,supported,risk_or_counter_evidence_present,needs_manual_review,needs_manual_review,True,proceed to latent manual review standard equivalence gate; no automatic quality-pool action,,,evidence=29; page_citations=29; sources=3; domain=supported; role=supported; bottleneck=supported,,,False,False,False,软件和信息技术服务业,其他战略性关键环节 / 国产替代/供应链约束 / bottleneck,strong,core,latent_manual_review_standard_primary_source_backfilled,Tier B,86,66
300820,英杰电气,v7_proposal_new,latent_manual_review_batch1_core_equivalent_proposal,hold_for_review,pending_review,20,20,3,True,supported,supported,supported,supported,not_detected_in_chunk,needs_manual_review,needs_manual_review,False,proceed to latent manual review equivalence gate; no automatic quality-pool action,,,evidence=20; page_citations=20; sources=3; domain=supported; role=supported; bottleneck=supported,,,False,False,False,电气机械和器材制造业,其他战略性关键环节 / 国产替代/供应链约束 / bottleneck,strong,core,latent_manual_review_batch1_primary_source_backfilled,Tier B,87,57
300832,新产业,v7_proposal_new,latent_manual_review_standard_core_equivalent_proposal,pending,pending_review,18,18,3,True,supported,supported,supported,supported,risk_or_counter_evidence_present,needs_manual_review,needs_manual_review,True,proceed to latent manual review standard equivalence gate; no automatic quality-pool action,,,evidence=18; page_citations=18; sources=3; domain=supported; role=supported; bottleneck=supported,,,False,False,False,医药制造业,其他战略性关键环节 / 国产替代/供应链约束 / bottleneck,sufficient,core,latent_manual_review_standard_primary_source_backfilled,Tier B,85,56
300910,瑞丰新材,v7_proposal_new,latent_manual_review_standard_core_equivalent_proposal,pending,pending_review,25,25,3,True,supported,supported,supported,supported,not_detected_in_chunk,needs_manual_review,needs_manual_review,False,proceed to latent manual review standard equivalence gate; no automatic quality-pool action,,,evidence=25; page_citations=25; sources=3; domain=supported; role=supported; bottleneck=supported,,,False,False,False,化学原料和化学制品制造业,其他战略性关键环节 / 国产替代/供应链约束 / bottleneck,strong,core,latent_manual_review_standard_primary_source_backfilled,Tier B,88,62
301155,海力风电,v7_proposal_new,latent_manual_review_standard_core_equivalent_proposal,pending,pending_review,20,20,3,True,supported,supported,supported,supported,not_detected_in_chunk,needs_manual_review,needs_manual_review,False,proceed to latent manual review standard equivalence gate; no automatic quality-pool action,,,evidence=20; page_citations=20; sources=3; domain=supported; role=supported; bottleneck=supported,,,False,False,False,电气机械和器材制造业,其他战略性关键环节 / 国产替代/供应链约束 / bottleneck,strong,core,latent_manual_review_standard_primary_source_backfilled,Tier B,87,57
301165,锐捷网络,v7_proposal_new,latent_manual_review_standard_core_equivalent_proposal,pending,pending_review,20,20,3,True,supported,supported,supported,supported,not_detected_in_chunk,needs_manual_review,needs_manual_review,False,proceed to latent manual review standard equivalence gate; no automatic quality-pool action,,,evidence=20; page_citations=20; sources=3; domain=supported; role=supported; bottleneck=supported,,,False,False,False,计算机、通信和其他电子设备制造业,其他战略性关键环节 / 国产替代/供应链约束 / bottleneck,strong,core,latent_manual_review_standard_primary_source_backfilled,Tier B,87,57
301191,菲菱科思,v7_proposal_new,latent_manual_review_standard_core_equivalent_proposal,pending,pending_review,25,25,3,True,supported,supported,supported,supported,risk_or_counter_evidence_present,needs_manual_review,needs_manual_review,True,proceed to latent manual review standard equivalence gate; no automatic quality-pool action,,,evidence=25; page_citations=25; sources=3; domain=supported; role=supported; bottleneck=supported,,,False,False,False,计算机、通信和其他电子设备制造业,其他战略性关键环节 / 国产替代/供应链约束 / bottleneck,strong,core,latent_manual_review_standard_primary_source_backfilled,Tier B,86,62
301269,华大九天,v7_proposal_new,latent_manual_review_batch1_core_equivalent_proposal,hold_for_review,pending_review,18,18,3,True,supported,supported,supported,supported,not_detected_in_chunk,needs_manual_review,needs_manual_review,False,proceed to latent manual review equivalence gate; no automatic quality-pool action,,,evidence=18; page_citations=18; sources=3; domain=supported; role=supported; bottleneck=supported,,,False,False,False,软件和信息技术服务业,其他战略性关键环节 / 国产替代/供应链约束 / bottleneck,sufficient,core,latent_manual_review_batch1_primary_source_backfilled,Tier B,87,56
301272,英华特,v7_proposal_new,latent_manual_review_standard_core_equivalent_proposal,pending,pending_review,19,19,3,True,supported,supported,supported,supported,not_detected_in_chunk,needs_manual_review,needs_manual_review,False,proceed to latent manual review standard equivalence gate; no automatic quality-pool action,,,evidence=19; page_citations=19; sources=3; domain=supported; role=supported; bottleneck=supported,,,False,False,False,通用设备制造业,其他战略性关键环节 / 国产替代/供应链约束 / bottleneck,sufficient,core,latent_manual_review_standard_primary_source_backfilled,Tier B,87,56
301328,维峰电子,v7_proposal_new,latent_manual_review_standard_core_equivalent_proposal,pending,pending_review,21,21,3,True,supported,supported,supported,supported,risk_or_counter_evidence_present,needs_manual_review,needs_manual_review,True,proceed to latent manual review standard equivalence gate; no automatic quality-pool action,,,evidence=21; page_citations=21; sources=3; domain=supported; role=supported; bottleneck=supported,,,False,False,False,计算机、通信和其他电子设备制造业,其他战略性关键环节 / 国产替代/供应链约束 / bottleneck,strong,core,latent_manual_review_standard_primary_source_backfilled,Tier B,85,58
301413,安培龙,v7_proposal_new,latent_manual_review_standard_core_equivalent_proposal,pending,pending_review,19,19,3,True,supported,supported,supported,supported,not_detected_in_chunk,needs_manual_review,needs_manual_review,False,proceed to latent manual review standard equivalence gate; no automatic quality-pool action,,,evidence=19; page_citations=19; sources=3; domain=supported; role=supported; bottleneck=supported,,,False,False,False,计算机、通信和其他电子设备制造业,其他战略性关键环节 / 国产替代/供应链约束 / bottleneck,sufficient,core,latent_manual_review_standard_primary_source_backfilled,Tier B,87,56
301608,博实结,v7_proposal_new,latent_manual_review_standard_core_equivalent_proposal,pending,pending_review,23,23,3,True,supported,supported,supported,supported,not_detected_in_chunk,needs_manual_review,needs_manual_review,False,proceed to latent manual review standard equivalence gate; no automatic quality-pool action,,,evidence=23; page_citations=23; sources=3; domain=supported; role=supported; bottleneck=supported,,,False,False,False,计算机、通信和其他电子设备制造业,其他战略性关键环节 / 国产替代/供应链约束 / bottleneck,strong,core,latent_manual_review_standard_primary_source_backfilled,Tier B,87,60
600089,特变电工,v7_proposal_new,latent_manual_review_standard_core_equivalent_proposal,pending,pending_review,17,17,3,True,supported,supported,supported,supported,not_detected_in_chunk,needs_manual_review,needs_manual_review,False,proceed to latent manual review standard equivalence gate; no automatic quality-pool action,,,evidence=17; page_citations=17; sources=3; domain=supported; role=supported; bottleneck=supported,,,False,False,False,电气机械和器材制造业,其他战略性关键环节 / 国产替代/供应链约束 / bottleneck,sufficient,core,latent_manual_review_standard_primary_source_backfilled,Tier B,86,55
600699,XD均胜电,v7_proposal_new,latent_manual_review_standard_core_equivalent_proposal,pending,pending_review,19,19,3,True,supported,supported,supported,supported,not_detected_in_chunk,needs_manual_review,needs_manual_review,False,proceed to latent manual review standard equivalence gate; no automatic quality-pool action,,,evidence=19; page_citations=19; sources=3; domain=supported; role=supported; bottleneck=supported,,,False,False,False,计算机、通信和其他电子设备制造业,其他战略性关键环节 / 国产替代/供应链约束 / bottleneck,sufficient,core,latent_manual_review_standard_primary_source_backfilled,Tier B,87,56
600761,XD安徽合,v7_proposal_new,latent_manual_review_standard_core_equivalent_proposal,pending,pending_review,18,18,3,True,supported,supported,supported,supported,not_detected_in_chunk,needs_manual_review,needs_manual_review,False,proceed to latent manual review standard equivalence gate; no automatic quality-pool action,,,evidence=18; page_citations=18; sources=3; domain=supported; role=supported; bottleneck=supported,,,False,False,False,通用设备制造业,其他战略性关键环节 / 国产替代/供应链约束 / bottleneck,sufficient,core,latent_manual_review_standard_primary_source_backfilled,Tier B,87,56
600764,中国海防,v7_proposal_new,latent_manual_review_batch1_core_equivalent_proposal,hold_for_review,pending_review,24,24,3,True,supported,supported,supported,supported,not_detected_in_chunk,needs_manual_review,needs_manual_review,False,proceed to latent manual review equivalence gate; no automatic quality-pool action,,,evidence=24; page_citations=24; sources=3; domain=supported; role=supported; bottleneck=supported,,,False,False,False,计算机、通信和其他电子设备制造业,其他战略性关键环节 / 国产替代/供应链约束 / bottleneck,strong,core,latent_manual_review_batch1_primary_source_backfilled,Tier B,88,61
601012,隆基绿能,v7_proposal_new,latent_manual_review_standard_core_equivalent_proposal,pending,pending_review,19,19,3,True,supported,supported,supported,supported,risk_or_counter_evidence_present,needs_manual_review,needs_manual_review,True,proceed to latent manual review standard equivalence gate; no automatic quality-pool action,,,evidence=19; page_citations=19; sources=3; domain=supported; role=supported; bottleneck=supported,,,False,False,False,电气机械和器材制造业,其他战略性关键环节 / 国产替代/供应链约束 / bottleneck,sufficient,core,latent_manual_review_standard_primary_source_backfilled,Tier B,85,56
603019,中科曙光,v7_proposal_new,latent_manual_review_batch1_core_equivalent_proposal,hold_for_review,pending_review,22,22,3,True,supported,supported,supported,supported,risk_or_counter_evidence_present,needs_manual_review,needs_manual_review,True,proceed to latent manual review equivalence gate; no automatic quality-pool action,,,evidence=22; page_citations=22; sources=3; domain=supported; role=supported; bottleneck=supported,,,False,False,False,计算机、通信和其他电子设备制造业,其他战略性关键环节 / 国产替代/供应链约束 / bottleneck,strong,core,latent_manual_review_batch1_primary_source_backfilled,Tier B,85,59
603100,川仪股份,v7_proposal_new,latent_manual_review_batch1_core_equivalent_proposal,hold_for_review,pending_review,18,18,3,True,supported,supported,supported,supported,not_detected_in_chunk,needs_manual_review,needs_manual_review,False,proceed to latent manual review equivalence gate; no automatic quality-pool action,,,evidence=18; page_citations=18; sources=3; domain=supported; role=supported; bottleneck=supported,,,False,False,False,仪器仪表制造业,其他战略性关键环节 / 国产替代/供应链约束 / bottleneck,sufficient,core,latent_manual_review_batch1_primary_source_backfilled,Tier B,87,56
603297,永新光学,v7_proposal_new,latent_manual_review_batch1_core_equivalent_proposal,hold_for_review,pending_review,17,17,3,True,supported,supported,supported,supported,not_detected_in_chunk,needs_manual_review,needs_manual_review,False,proceed to latent manual review equivalence gate; no automatic quality-pool action,,,evidence=17; page_citations=17; sources=3; domain=supported; role=supported; bottleneck=supported,,,False,False,False,仪器仪表制造业,其他战略性关键环节 / 国产替代/供应链约束 / bottleneck,sufficient,core,latent_manual_review_batch1_primary_source_backfilled,Tier B,86,55
603606,东方电缆,v7_proposal_new,latent_manual_review_standard_core_equivalent_proposal,pending,pending_review,18,18,3,True,supported,supported,supported,supported,risk_or_counter_evidence_present,needs_manual_review,needs_manual_review,True,proceed to latent manual review standard equivalence gate; no automatic quality-pool action,,,evidence=18; page_citations=18; sources=3; domain=supported; role=supported; bottleneck=supported,,,False,False,False,电气机械和器材制造业,其他战略性关键环节 / 国产替代/供应链约束 / bottleneck,sufficient,core,latent_manual_review_standard_primary_source_backfilled,Tier B,85,56
603859,能科科技,v7_proposal_new,latent_manual_review_standard_core_equivalent_proposal,pending,pending_review,17,17,3,True,supported,supported,supported,supported,not_detected_in_chunk,needs_manual_review,needs_manual_review,False,proceed to latent manual review standard equivalence gate; no automatic quality-pool action,,,evidence=17; page_citations=17; sources=3; domain=supported; role=supported; bottleneck=supported,,,False,False,False,软件和信息技术服务业,其他战略性关键环节 / 国产替代/供应链约束 / bottleneck,sufficient,core,latent_manual_review_standard_primary_source_backfilled,Tier B,86,55
603890,春秋电子,v7_proposal_new,latent_manual_review_standard_core_equivalent_proposal,pending,pending_review,19,19,3,True,supported,supported,supported,supported,not_detected_in_chunk,needs_manual_review,needs_manual_review,False,proceed to latent manual review standard equivalence gate; no automatic quality-pool action,,,evidence=19; page_citations=19; sources=3; domain=supported; role=supported; bottleneck=supported,,,False,False,False,计算机、通信和其他电子设备制造业,其他战略性关键环节 / 国产替代/供应链约束 / bottleneck,sufficient,core,latent_manual_review_standard_primary_source_backfilled,Tier B,87,56
688007,光峰科技,v7_proposal_new,latent_manual_review_batch1_core_equivalent_proposal,hold_for_review,pending_review,24,24,3,True,supported,supported,supported,supported,risk_or_counter_evidence_present,needs_manual_review,needs_manual_review,True,proceed to latent manual review equivalence gate; no automatic quality-pool action,,,evidence=24; page_citations=24; sources=3; domain=supported; role=supported; bottleneck=supported,,,False,False,False,计算机、通信和其他电子设备制造业,其他战略性关键环节 / 国产替代/供应链约束 / bottleneck,strong,core,latent_manual_review_batch1_primary_source_backfilled,Tier B,86,61
688023,安恒信息,v7_proposal_new,latent_manual_review_standard_core_equivalent_proposal,pending,pending_review,29,29,3,True,supported,supported,supported,supported,risk_or_counter_evidence_present,needs_manual_review,needs_manual_review,True,proceed to latent manual review standard equivalence gate; no automatic quality-pool action,,,evidence=29; page_citations=29; sources=3; domain=supported; role=supported; bottleneck=supported,,,False,False,False,软件和信息技术服务业,其他战略性关键环节 / 国产替代/供应链约束 / bottleneck,strong,core,latent_manual_review_standard_primary_source_backfilled,Tier B,86,66
688056,莱伯泰科,v7_proposal_new,latent_manual_review_batch1_core_equivalent_proposal,hold_for_review,pending_review,21,21,3,True,supported,supported,supported,supported,not_detected_in_chunk,needs_manual_review,needs_manual_review,False,proceed to latent manual review equivalence gate; no automatic quality-pool action,,,evidence=21; page_citations=21; sources=3; domain=supported; role=supported; bottleneck=supported,,,False,False,False,仪器仪表制造业,其他战略性关键环节 / 国产替代/供应链约束 / bottleneck,strong,core,latent_manual_review_batch1_primary_source_backfilled,Tier B,87,58
688088,虹软科技,v7_proposal_new,latent_manual_review_standard_core_equivalent_proposal,pending,pending_review,17,17,3,True,supported,supported,supported,supported,not_detected_in_chunk,needs_manual_review,needs_manual_review,False,proceed to latent manual review standard equivalence gate; no automatic quality-pool action,,,evidence=17; page_citations=17; sources=3; domain=supported; role=supported; bottleneck=supported,,,False,False,False,软件和信息技术服务业,其他战略性关键环节 / 国产替代/供应链约束 / bottleneck,sufficient,core,latent_manual_review_standard_primary_source_backfilled,Tier B,86,55
688138,清溢光电,v7_proposal_new,latent_manual_review_batch1_core_equivalent_proposal,hold_for_review,pending_review,18,18,3,True,supported,supported,supported,supported,not_detected_in_chunk,needs_manual_review,needs_manual_review,False,proceed to latent manual review equivalence gate; no automatic quality-pool action,,,evidence=18; page_citations=18; sources=3; domain=supported; role=supported; bottleneck=supported,,,False,False,False,计算机、通信和其他电子设备制造业,其他战略性关键环节 / 国产替代/供应链约束 / bottleneck,sufficient,core,latent_manual_review_batch1_primary_source_backfilled,Tier B,87,56
688188,柏楚电子,v7_proposal_new,latent_manual_review_standard_core_equivalent_proposal,pending,pending_review,19,19,3,True,supported,supported,supported,supported,not_detected_in_chunk,needs_manual_review,needs_manual_review,False,proceed to latent manual review standard equivalence gate; no automatic quality-pool action,,,evidence=19; page_citations=19; sources=3; domain=supported; role=supported; bottleneck=supported,,,False,False,False,软件和信息技术服务业,其他战略性关键环节 / 国产替代/供应链约束 / bottleneck,sufficient,core,latent_manual_review_standard_primary_source_backfilled,Tier B,87,56
688208,道通科技,v7_proposal_new,latent_manual_review_standard_core_equivalent_proposal,pending,pending_review,17,17,3,True,supported,supported,supported,supported,risk_or_counter_evidence_present,needs_manual_review,needs_manual_review,True,proceed to latent manual review standard equivalence gate; no automatic quality-pool action,,,evidence=17; page_citations=17; sources=3; domain=supported; role=supported; bottleneck=supported,,,False,False,False,计算机、通信和其他电子设备制造业,其他战略性关键环节 / 国产替代/供应链约束 / bottleneck,sufficient,core,latent_manual_review_standard_primary_source_backfilled,Tier B,84,55
688213,思特威,v7_proposal_new,latent_manual_review_standard_core_equivalent_proposal,pending,pending_review,24,24,3,True,supported,supported,supported,supported,not_detected_in_chunk,needs_manual_review,needs_manual_review,False,proceed to latent manual review standard equivalence gate; no automatic quality-pool action,,,evidence=24; page_citations=24; sources=3; domain=supported; role=supported; bottleneck=supported,,,False,False,False,软件和信息技术服务业,其他战略性关键环节 / 国产替代/供应链约束 / bottleneck,strong,core,latent_manual_review_standard_primary_source_backfilled,Tier B,88,61
688262,国芯科技,v7_proposal_new,latent_manual_review_batch1_core_equivalent_proposal,hold_for_review,pending_review,18,18,3,True,supported,supported,supported,supported,not_detected_in_chunk,needs_manual_review,needs_manual_review,False,proceed to latent manual review equivalence gate; no automatic quality-pool action,,,evidence=18; page_citations=18; sources=3; domain=supported; role=supported; bottleneck=supported,,,False,False,False,软件和信息技术服务业,其他战略性关键环节 / 国产替代/供应链约束 / bottleneck,sufficient,core,latent_manual_review_batch1_primary_source_backfilled,Tier B,87,56
688279,峰岹科技,v7_proposal_new,latent_manual_review_batch1_core_equivalent_proposal,hold_for_review,pending_review,19,19,2,True,supported,supported,supported,supported,risk_or_counter_evidence_present,needs_manual_review,needs_manual_review,True,proceed to latent manual review equivalence gate; no automatic quality-pool action,,,evidence=19; page_citations=19; sources=2; domain=supported; role=supported; bottleneck=supported,,,False,False,False,软件和信息技术服务业,其他战略性关键环节 / 国产替代/供应链约束 / bottleneck,sufficient,core,latent_manual_review_batch1_primary_source_backfilled,Tier A,85,53
688301,奕瑞科技,v7_proposal_new,latent_manual_review_batch1_core_equivalent_proposal,hold_for_review,pending_review,24,24,3,True,supported,supported,supported,supported,not_detected_in_chunk,needs_manual_review,needs_manual_review,False,proceed to latent manual review equivalence gate; no automatic quality-pool action,,,evidence=24; page_citations=24; sources=3; domain=supported; role=supported; bottleneck=supported,,,False,False,False,专用设备制造业,其他战略性关键环节 / 国产替代/供应链约束 / bottleneck,strong,core,latent_manual_review_batch1_primary_source_backfilled,Tier A,88,61
688311,盟升电子,v7_proposal_new,latent_manual_review_standard_core_equivalent_proposal,pending,pending_review,21,21,3,True,supported,supported,supported,supported,risk_or_counter_evidence_present,needs_manual_review,needs_manual_review,True,proceed to latent manual review standard equivalence gate; no automatic quality-pool action,,,evidence=21; page_citations=21; sources=3; domain=supported; role=supported; bottleneck=supported,,,False,False,False,计算机、通信和其他电子设备制造业,其他战略性关键环节 / 国产替代/供应链约束 / bottleneck,strong,core,latent_manual_review_standard_primary_source_backfilled,Tier B,85,58
688337,普源精电,v7_proposal_new,latent_manual_review_batch1_core_equivalent_proposal,hold_for_review,pending_review,25,25,3,True,supported,supported,supported,supported,not_detected_in_chunk,needs_manual_review,needs_manual_review,False,proceed to latent manual review equivalence gate; no automatic quality-pool action,,,evidence=25; page_citations=25; sources=3; domain=supported; role=supported; bottleneck=supported,,,False,False,False,仪器仪表制造业,其他战略性关键环节 / 国产替代/供应链约束 / bottleneck,strong,core,latent_manual_review_batch1_primary_source_backfilled,Tier B,88,62
688469,芯联集成,v7_proposal_new,latent_manual_review_batch1_core_equivalent_proposal,hold_for_review,pending_review,18,18,3,True,supported,supported,supported,supported,not_detected_in_chunk,needs_manual_review,needs_manual_review,False,proceed to latent manual review equivalence gate; no automatic quality-pool action,,,evidence=18; page_citations=18; sources=3; domain=supported; role=supported; bottleneck=supported,,,False,False,False,计算机、通信和其他电子设备制造业,其他战略性关键环节 / 国产替代/供应链约束 / bottleneck,sufficient,core,latent_manual_review_batch1_primary_source_backfilled,Tier B,87,56
688489,三未信安,v7_proposal_new,latent_manual_review_standard_core_equivalent_proposal,pending,pending_review,20,20,3,True,supported,supported,supported,supported,not_detected_in_chunk,needs_manual_review,needs_manual_review,False,proceed to latent manual review standard equivalence gate; no automatic quality-pool action,,,evidence=20; page_citations=20; sources=3; domain=supported; role=supported; bottleneck=supported,,,False,False,False,计算机、通信和其他电子设备制造业,其他战略性关键环节 / 国产替代/供应链约束 / bottleneck,strong,core,latent_manual_review_standard_primary_source_backfilled,Tier B,87,57
688506,百利天恒,v7_proposal_new,latent_manual_review_standard_core_equivalent_proposal,pending,pending_review,17,17,3,True,supported,supported,supported,supported,not_detected_in_chunk,needs_manual_review,needs_manual_review,False,proceed to latent manual review standard equivalence gate; no automatic quality-pool action,,,evidence=17; page_citations=17; sources=3; domain=supported; role=supported; bottleneck=supported,,,False,False,False,医药制造业,其他战略性关键环节 / 国产替代/供应链约束 / bottleneck,sufficient,core,latent_manual_review_standard_primary_source_backfilled,Tier B,86,55
688543,国科军工,v7_proposal_new,latent_manual_review_batch1_core_equivalent_proposal,hold_for_review,pending_review,17,17,3,True,supported,supported,supported,supported,not_detected_in_chunk,needs_manual_review,needs_manual_review,False,proceed to latent manual review equivalence gate; no automatic quality-pool action,,,evidence=17; page_citations=17; sources=3; domain=supported; role=supported; bottleneck=supported,,,False,False,False,铁路、船舶、航空航天和其他运输设备制造业,其他战略性关键环节 / 国产替代/供应链约束 / bottleneck,sufficient,core,latent_manual_review_batch1_primary_source_backfilled,Tier B,86,55
688575,亚辉龙,v7_proposal_new,latent_manual_review_standard_core_equivalent_proposal,pending,pending_review,18,18,3,True,supported,supported,supported,supported,not_detected_in_chunk,needs_manual_review,needs_manual_review,False,proceed to latent manual review standard equivalence gate; no automatic quality-pool action,,,evidence=18; page_citations=18; sources=3; domain=supported; role=supported; bottleneck=supported,,,False,False,False,医药制造业,其他战略性关键环节 / 国产替代/供应链约束 / bottleneck,sufficient,core,latent_manual_review_standard_primary_source_backfilled,Tier B,87,56
688591,泰凌微,v7_proposal_new,latent_manual_review_standard_core_equivalent_proposal,pending,pending_review,24,24,3,True,supported,supported,supported,supported,not_detected_in_chunk,needs_manual_review,needs_manual_review,False,proceed to latent manual review standard equivalence gate; no automatic quality-pool action,,,evidence=24; page_citations=24; sources=3; domain=supported; role=supported; bottleneck=supported,,,False,False,False,计算机、通信和其他电子设备制造业,其他战略性关键环节 / 国产替代/供应链约束 / bottleneck,strong,core,latent_manual_review_standard_primary_source_backfilled,Tier B,88,61
688696,极米科技,v7_proposal_new,latent_manual_review_standard_core_equivalent_proposal,pending,pending_review,24,24,3,True,supported,supported,supported,supported,risk_or_counter_evidence_present,needs_manual_review,needs_manual_review,True,proceed to latent manual review standard equivalence gate; no automatic quality-pool action,,,evidence=24; page_citations=24; sources=3; domain=supported; role=supported; bottleneck=supported,,,False,False,False,计算机、通信和其他电子设备制造业,其他战略性关键环节 / 国产替代/供应链约束 / bottleneck,strong,core,latent_manual_review_standard_primary_source_backfilled,Tier B,86,61
688698,伟创电气,v7_proposal_new,latent_manual_review_batch1_core_equivalent_proposal,hold_for_review,pending_review,21,21,3,True,supported,supported,supported,supported,risk_or_counter_evidence_present,needs_manual_review,needs_manual_review,True,proceed to latent manual review equivalence gate; no automatic quality-pool action,,,evidence=21; page_citations=21; sources=3; domain=supported; role=supported; bottleneck=supported,,,False,False,False,仪器仪表制造业,其他战略性关键环节 / 国产替代/供应链约束 / bottleneck,strong,core,latent_manual_review_batch1_primary_source_backfilled,Tier B,85,58
688758,赛分科技,v7_proposal_new,latent_manual_review_standard_core_equivalent_proposal,pending,pending_review,26,26,3,True,supported,supported,supported,supported,risk_or_counter_evidence_present,needs_manual_review,needs_manual_review,True,proceed to latent manual review standard equivalence gate; no automatic quality-pool action,,,evidence=26; page_citations=26; sources=3; domain=supported; role=supported; bottleneck=supported,,,False,False,False,化学原料和化学制品制造业,其他战略性关键环节 / 国产替代/供应链约束 / bottleneck,strong,core,latent_manual_review_standard_primary_source_backfilled,Tier B,86,63
688772,珠海冠宇,v7_proposal_new,latent_manual_review_standard_core_equivalent_proposal,pending,pending_review,19,19,3,True,supported,supported,supported,supported,not_detected_in_chunk,needs_manual_review,needs_manual_review,False,proceed to latent manual review standard equivalence gate; no automatic quality-pool action,,,evidence=19; page_citations=19; sources=3; domain=supported; role=supported; bottleneck=supported,,,False,False,False,电气机械和器材制造业,其他战略性关键环节 / 国产替代/供应链约束 / bottleneck,sufficient,core,latent_manual_review_standard_primary_source_backfilled,Tier B,87,56
688798,艾为电子,v7_proposal_new,latent_manual_review_standard_core_equivalent_proposal,pending,pending_review,21,21,3,True,supported,supported,supported,supported,not_detected_in_chunk,needs_manual_review,needs_manual_review,False,proceed to latent manual review standard equivalence gate; no automatic quality-pool action,,,evidence=21; page_citations=21; sources=3; domain=supported; role=supported; bottleneck=supported,,,False,False,False,计算机、通信和其他电子设备制造业,其他战略性关键环节 / 国产替代/供应链约束 / bottleneck,strong,core,latent_manual_review_standard_primary_source_backfilled,Tier B,87,58
688981,中芯国际,v7_proposal_new,latent_manual_review_batch1_core_equivalent_proposal,hold_for_review,pending_review,11,11,2,True,supported,supported,supported,supported,not_detected_in_chunk,needs_manual_review,needs_manual_review,False,proceed to latent manual review equivalence gate; no automatic quality-pool action,,,evidence=11; page_citations=11; sources=2; domain=supported; role=supported; bottleneck=supported,,,False,False,False,计算机、通信和其他电子设备制造业,其他战略性关键环节 / 国产替代/供应链约束 / bottleneck,sufficient,core,latent_manual_review_batch1_primary_source_backfilled,Tier B,85,46
