dataset,asset_id,start_date,end_date,expected_rows,actual_rows,reason
core.asset_status_daily,CN:BJ:900901,2026-07-21,2026-07-21,1,0,missing_cutoff_status
core.asset_status_daily,CN:BJ:900902,2026-07-21,2026-07-21,1,0,missing_cutoff_status
core.asset_status_daily,CN:BJ:900903,2026-07-21,2026-07-21,1,0,missing_cutoff_status
core.asset_status_daily,CN:BJ:900904,2026-07-21,2026-07-21,1,0,missing_cutoff_status
core.asset_status_daily,CN:BJ:900905,2026-07-21,2026-07-21,1,0,missing_cutoff_status
core.asset_status_daily,CN:BJ:900906,2026-07-21,2026-07-21,1,0,missing_cutoff_status
core.asset_status_daily,CN:BJ:900908,2026-07-21,2026-07-21,1,0,missing_cutoff_status
core.asset_status_daily,CN:BJ:900909,2026-07-21,2026-07-21,1,0,missing_cutoff_status
core.asset_status_daily,CN:BJ:900910,2026-07-21,2026-07-21,1,0,missing_cutoff_status
core.asset_status_daily,CN:BJ:900911,2026-07-21,2026-07-21,1,0,missing_cutoff_status
core.asset_status_daily,CN:BJ:900912,2026-07-21,2026-07-21,1,0,missing_cutoff_status
core.asset_status_daily,CN:BJ:900913,2026-07-21,2026-07-21,1,0,missing_cutoff_status
core.asset_status_daily,CN:BJ:900914,2026-07-21,2026-07-21,1,0,missing_cutoff_status
core.asset_status_daily,CN:BJ:900915,2026-07-21,2026-07-21,1,0,missing_cutoff_status
core.asset_status_daily,CN:BJ:900916,2026-07-21,2026-07-21,1,0,missing_cutoff_status
core.asset_status_daily,CN:BJ:900917,2026-07-21,2026-07-21,1,0,missing_cutoff_status
core.asset_status_daily,CN:BJ:900918,2026-07-21,2026-07-21,1,0,missing_cutoff_status
core.asset_status_daily,CN:BJ:900920,2026-07-21,2026-07-21,1,0,missing_cutoff_status
core.asset_status_daily,CN:BJ:900921,2026-07-21,2026-07-21,1,0,missing_cutoff_status
core.asset_status_daily,CN:BJ:900922,2026-07-21,2026-07-21,1,0,missing_cutoff_status
core.asset_status_daily,CN:BJ:900923,2026-07-21,2026-07-21,1,0,missing_cutoff_status
core.asset_status_daily,CN:BJ:900924,2026-07-21,2026-07-21,1,0,missing_cutoff_status
core.asset_status_daily,CN:BJ:900925,2026-07-21,2026-07-21,1,0,missing_cutoff_status
core.asset_status_daily,CN:BJ:900926,2026-07-21,2026-07-21,1,0,missing_cutoff_status
core.asset_status_daily,CN:BJ:900927,2026-07-21,2026-07-21,1,0,missing_cutoff_status
core.asset_status_daily,CN:BJ:900928,2026-07-21,2026-07-21,1,0,missing_cutoff_status
core.asset_status_daily,CN:BJ:900929,2026-07-21,2026-07-21,1,0,missing_cutoff_status
core.asset_status_daily,CN:BJ:900932,2026-07-21,2026-07-21,1,0,missing_cutoff_status
core.asset_status_daily,CN:BJ:900934,2026-07-21,2026-07-21,1,0,missing_cutoff_status
core.asset_status_daily,CN:BJ:900936,2026-07-21,2026-07-21,1,0,missing_cutoff_status
core.asset_status_daily,CN:BJ:900937,2026-07-21,2026-07-21,1,0,missing_cutoff_status
core.asset_status_daily,CN:BJ:900938,2026-07-21,2026-07-21,1,0,missing_cutoff_status
core.asset_status_daily,CN:BJ:900939,2026-07-21,2026-07-21,1,0,missing_cutoff_status
core.asset_status_daily,CN:BJ:900940,2026-07-21,2026-07-21,1,0,missing_cutoff_status
core.asset_status_daily,CN:BJ:900941,2026-07-21,2026-07-21,1,0,missing_cutoff_status
core.asset_status_daily,CN:BJ:900942,2026-07-21,2026-07-21,1,0,missing_cutoff_status
core.asset_status_daily,CN:BJ:900943,2026-07-21,2026-07-21,1,0,missing_cutoff_status
core.asset_status_daily,CN:BJ:900945,2026-07-21,2026-07-21,1,0,missing_cutoff_status
core.asset_status_daily,CN:BJ:900946,2026-07-21,2026-07-21,1,0,missing_cutoff_status
core.asset_status_daily,CN:BJ:900947,2026-07-21,2026-07-21,1,0,missing_cutoff_status
core.asset_status_daily,CN:BJ:900948,2026-07-21,2026-07-21,1,0,missing_cutoff_status
core.asset_status_daily,CN:BJ:920001,2026-07-21,2026-07-21,1,0,missing_cutoff_status
core.asset_status_daily,CN:BJ:920003,2026-07-21,2026-07-21,1,0,missing_cutoff_status
core.asset_status_daily,CN:BJ:920005,2026-07-21,2026-07-21,1,0,missing_cutoff_status
core.asset_status_daily,CN:BJ:920006,2026-07-21,2026-07-21,1,0,missing_cutoff_status
core.asset_status_daily,CN:BJ:920007,2026-07-21,2026-07-21,1,0,missing_cutoff_status
core.asset_status_daily,CN:BJ:920008,2026-07-21,2026-07-21,1,0,missing_cutoff_status
core.asset_status_daily,CN:BJ:920009,2026-07-21,2026-07-21,1,0,missing_cutoff_status
core.asset_status_daily,CN:BJ:920010,2026-07-21,2026-07-21,1,0,missing_cutoff_status
core.asset_status_daily,CN:BJ:920011,2026-07-21,2026-07-21,1,0,missing_cutoff_status
core.asset_status_daily,CN:BJ:920012,2026-07-21,2026-07-21,1,0,missing_cutoff_status
core.asset_status_daily,CN:BJ:920014,2026-07-21,2026-07-21,1,0,missing_cutoff_status
core.asset_status_daily,CN:BJ:920015,2026-07-21,2026-07-21,1,0,missing_cutoff_status
core.asset_status_daily,CN:BJ:920016,2026-07-21,2026-07-21,1,0,missing_cutoff_status
core.asset_status_daily,CN:BJ:920017,2026-07-21,2026-07-21,1,0,missing_cutoff_status
core.asset_status_daily,CN:BJ:920018,2026-07-21,2026-07-21,1,0,missing_cutoff_status
core.asset_status_daily,CN:BJ:920019,2026-07-21,2026-07-21,1,0,missing_cutoff_status
core.asset_status_daily,CN:BJ:920020,2026-07-21,2026-07-21,1,0,missing_cutoff_status
core.asset_status_daily,CN:BJ:920021,2026-07-21,2026-07-21,1,0,missing_cutoff_status
core.asset_status_daily,CN:BJ:920022,2026-07-21,2026-07-21,1,0,missing_cutoff_status
core.asset_status_daily,CN:BJ:920023,2026-07-21,2026-07-21,1,0,missing_cutoff_status
core.asset_status_daily,CN:BJ:920026,2026-07-21,2026-07-21,1,0,missing_cutoff_status
core.asset_status_daily,CN:BJ:920027,2026-07-21,2026-07-21,1,0,missing_cutoff_status
core.asset_status_daily,CN:BJ:920028,2026-07-21,2026-07-21,1,0,missing_cutoff_status
core.asset_status_daily,CN:BJ:920029,2026-07-21,2026-07-21,1,0,missing_cutoff_status
core.asset_status_daily,CN:BJ:920030,2026-07-21,2026-07-21,1,0,missing_cutoff_status
core.asset_status_daily,CN:BJ:920033,2026-07-21,2026-07-21,1,0,missing_cutoff_status
core.asset_status_daily,CN:BJ:920035,2026-07-21,2026-07-21,1,0,missing_cutoff_status
core.asset_status_daily,CN:BJ:920036,2026-07-21,2026-07-21,1,0,missing_cutoff_status
core.asset_status_daily,CN:BJ:920037,2026-07-21,2026-07-21,1,0,missing_cutoff_status
core.asset_status_daily,CN:BJ:920039,2026-07-21,2026-07-21,1,0,missing_cutoff_status
core.asset_status_daily,CN:BJ:920045,2026-07-21,2026-07-21,1,0,missing_cutoff_status
core.asset_status_daily,CN:BJ:920047,2026-07-21,2026-07-21,1,0,missing_cutoff_status
core.asset_status_daily,CN:BJ:920050,2026-07-21,2026-07-21,1,0,missing_cutoff_status
core.asset_status_daily,CN:BJ:920055,2026-07-21,2026-07-21,1,0,missing_cutoff_status
core.asset_status_daily,CN:BJ:920056,2026-07-21,2026-07-21,1,0,missing_cutoff_status
core.asset_status_daily,CN:BJ:920057,2026-07-21,2026-07-21,1,0,missing_cutoff_status
core.asset_status_daily,CN:BJ:920058,2026-07-21,2026-07-21,1,0,missing_cutoff_status
core.asset_status_daily,CN:BJ:920060,2026-07-21,2026-07-21,1,0,missing_cutoff_status
core.asset_status_daily,CN:BJ:920061,2026-07-21,2026-07-21,1,0,missing_cutoff_status
core.asset_status_daily,CN:BJ:920062,2026-07-21,2026-07-21,1,0,missing_cutoff_status
core.asset_status_daily,CN:BJ:920066,2026-07-21,2026-07-21,1,0,missing_cutoff_status
core.asset_status_daily,CN:BJ:920068,2026-07-21,2026-07-21,1,0,missing_cutoff_status
core.asset_status_daily,CN:BJ:920069,2026-07-21,2026-07-21,1,0,missing_cutoff_status
core.asset_status_daily,CN:BJ:920072,2026-07-21,2026-07-21,1,0,missing_cutoff_status
core.asset_status_daily,CN:BJ:920075,2026-07-21,2026-07-21,1,0,missing_cutoff_status
core.asset_status_daily,CN:BJ:920076,2026-07-21,2026-07-21,1,0,missing_cutoff_status
core.asset_status_daily,CN:BJ:920077,2026-07-21,2026-07-21,1,0,missing_cutoff_status
core.asset_status_daily,CN:BJ:920078,2026-07-21,2026-07-21,1,0,missing_cutoff_status
core.asset_status_daily,CN:BJ:920079,2026-07-21,2026-07-21,1,0,missing_cutoff_status
core.asset_status_daily,CN:BJ:920080,2026-07-21,2026-07-21,1,0,missing_cutoff_status
core.asset_status_daily,CN:BJ:920082,2026-07-21,2026-07-21,1,0,missing_cutoff_status
core.asset_status_daily,CN:BJ:920083,2026-07-21,2026-07-21,1,0,missing_cutoff_status
core.asset_status_daily,CN:BJ:920086,2026-07-21,2026-07-21,1,0,missing_cutoff_status
core.asset_status_daily,CN:BJ:920087,2026-07-21,2026-07-21,1,0,missing_cutoff_status
core.asset_status_daily,CN:BJ:920088,2026-07-21,2026-07-21,1,0,missing_cutoff_status
core.asset_status_daily,CN:BJ:920089,2026-07-21,2026-07-21,1,0,missing_cutoff_status
core.asset_status_daily,CN:BJ:920090,2026-07-21,2026-07-21,1,0,missing_cutoff_status
core.asset_status_daily,CN:BJ:920091,2026-07-21,2026-07-21,1,0,missing_cutoff_status
core.asset_status_daily,CN:BJ:920092,2026-07-21,2026-07-21,1,0,missing_cutoff_status
core.asset_status_daily,CN:BJ:920096,2026-07-21,2026-07-21,1,0,missing_cutoff_status
core.asset_status_daily,CN:BJ:920098,2026-07-21,2026-07-21,1,0,missing_cutoff_status
core.asset_status_daily,CN:BJ:920099,2026-07-21,2026-07-21,1,0,missing_cutoff_status
core.asset_status_daily,CN:BJ:920100,2026-07-21,2026-07-21,1,0,missing_cutoff_status
core.asset_status_daily,CN:BJ:920101,2026-07-21,2026-07-21,1,0,missing_cutoff_status
core.asset_status_daily,CN:BJ:920106,2026-07-21,2026-07-21,1,0,missing_cutoff_status
core.asset_status_daily,CN:BJ:920110,2026-07-21,2026-07-21,1,0,missing_cutoff_status
core.asset_status_daily,CN:BJ:920111,2026-07-21,2026-07-21,1,0,missing_cutoff_status
core.asset_status_daily,CN:BJ:920112,2026-07-21,2026-07-21,1,0,missing_cutoff_status
core.asset_status_daily,CN:BJ:920116,2026-07-21,2026-07-21,1,0,missing_cutoff_status
core.asset_status_daily,CN:BJ:920117,2026-07-21,2026-07-21,1,0,missing_cutoff_status
core.asset_status_daily,CN:BJ:920118,2026-07-21,2026-07-21,1,0,missing_cutoff_status
core.asset_status_daily,CN:BJ:920119,2026-07-21,2026-07-21,1,0,missing_cutoff_status
core.asset_status_daily,CN:BJ:920121,2026-07-21,2026-07-21,1,0,missing_cutoff_status
core.asset_status_daily,CN:BJ:920122,2026-07-21,2026-07-21,1,0,missing_cutoff_status
core.asset_status_daily,CN:BJ:920123,2026-07-21,2026-07-21,1,0,missing_cutoff_status
core.asset_status_daily,CN:BJ:920124,2026-07-21,2026-07-21,1,0,missing_cutoff_status
core.asset_status_daily,CN:BJ:920125,2026-07-21,2026-07-21,1,0,missing_cutoff_status
core.asset_status_daily,CN:BJ:920126,2026-07-21,2026-07-21,1,0,missing_cutoff_status
core.asset_status_daily,CN:BJ:920128,2026-07-21,2026-07-21,1,0,missing_cutoff_status
core.asset_status_daily,CN:BJ:920130,2026-07-21,2026-07-21,1,0,missing_cutoff_status
core.asset_status_daily,CN:BJ:920132,2026-07-21,2026-07-21,1,0,missing_cutoff_status
core.asset_status_daily,CN:BJ:920136,2026-07-21,2026-07-21,1,0,missing_cutoff_status
core.asset_status_daily,CN:BJ:920139,2026-07-21,2026-07-21,1,0,missing_cutoff_status
core.asset_status_daily,CN:BJ:920145,2026-07-21,2026-07-21,1,0,missing_cutoff_status
core.asset_status_daily,CN:BJ:920146,2026-07-21,2026-07-21,1,0,missing_cutoff_status
core.asset_status_daily,CN:BJ:920149,2026-07-21,2026-07-21,1,0,missing_cutoff_status
core.asset_status_daily,CN:BJ:920152,2026-07-21,2026-07-21,1,0,missing_cutoff_status
core.asset_status_daily,CN:BJ:920156,2026-07-21,2026-07-21,1,0,missing_cutoff_status
core.asset_status_daily,CN:BJ:920158,2026-07-21,2026-07-21,1,0,missing_cutoff_status
core.asset_status_daily,CN:BJ:920159,2026-07-21,2026-07-21,1,0,missing_cutoff_status
core.asset_status_daily,CN:BJ:920160,2026-07-21,2026-07-21,1,0,missing_cutoff_status
core.asset_status_daily,CN:BJ:920161,2026-07-21,2026-07-21,1,0,missing_cutoff_status
core.asset_status_daily,CN:BJ:920163,2026-07-21,2026-07-21,1,0,missing_cutoff_status
core.asset_status_daily,CN:BJ:920166,2026-07-21,2026-07-21,1,0,missing_cutoff_status
core.asset_status_daily,CN:BJ:920167,2026-07-21,2026-07-21,1,0,missing_cutoff_status
core.asset_status_daily,CN:BJ:920168,2026-07-21,2026-07-21,1,0,missing_cutoff_status
core.asset_status_daily,CN:BJ:920169,2026-07-21,2026-07-21,1,0,missing_cutoff_status
core.asset_status_daily,CN:BJ:920171,2026-07-21,2026-07-21,1,0,missing_cutoff_status
core.asset_status_daily,CN:BJ:920174,2026-07-21,2026-07-21,1,0,missing_cutoff_status
core.asset_status_daily,CN:BJ:920175,2026-07-21,2026-07-21,1,0,missing_cutoff_status
core.asset_status_daily,CN:BJ:920177,2026-07-21,2026-07-21,1,0,missing_cutoff_status
core.asset_status_daily,CN:BJ:920178,2026-07-21,2026-07-21,1,0,missing_cutoff_status
core.asset_status_daily,CN:BJ:920179,2026-07-21,2026-07-21,1,0,missing_cutoff_status
core.asset_status_daily,CN:BJ:920180,2026-07-21,2026-07-21,1,0,missing_cutoff_status
core.asset_status_daily,CN:BJ:920181,2026-07-21,2026-07-21,1,0,missing_cutoff_status
core.asset_status_daily,CN:BJ:920183,2026-07-21,2026-07-21,1,0,missing_cutoff_status
core.asset_status_daily,CN:BJ:920184,2026-07-21,2026-07-21,1,0,missing_cutoff_status
core.asset_status_daily,CN:BJ:920185,2026-07-21,2026-07-21,1,0,missing_cutoff_status
core.asset_status_daily,CN:BJ:920186,2026-07-21,2026-07-21,1,0,missing_cutoff_status
core.asset_status_daily,CN:BJ:920187,2026-07-21,2026-07-21,1,0,missing_cutoff_status
core.asset_status_daily,CN:BJ:920188,2026-07-21,2026-07-21,1,0,missing_cutoff_status
core.asset_status_daily,CN:BJ:920189,2026-07-21,2026-07-21,1,0,missing_cutoff_status
core.asset_status_daily,CN:BJ:920190,2026-07-21,2026-07-21,1,0,missing_cutoff_status
core.asset_status_daily,CN:BJ:920191,2026-07-21,2026-07-21,1,0,missing_cutoff_status
core.asset_status_daily,CN:BJ:920193,2026-07-21,2026-07-21,1,0,missing_cutoff_status
core.asset_status_daily,CN:BJ:920195,2026-07-21,2026-07-21,1,0,missing_cutoff_status
core.asset_status_daily,CN:BJ:920198,2026-07-21,2026-07-21,1,0,missing_cutoff_status
core.asset_status_daily,CN:BJ:920199,2026-07-21,2026-07-21,1,0,missing_cutoff_status
core.asset_status_daily,CN:BJ:920200,2026-07-21,2026-07-21,1,0,missing_cutoff_status
core.asset_status_daily,CN:BJ:920204,2026-07-21,2026-07-21,1,0,missing_cutoff_status
core.asset_status_daily,CN:BJ:920206,2026-07-21,2026-07-21,1,0,missing_cutoff_status
core.asset_status_daily,CN:BJ:920207,2026-07-21,2026-07-21,1,0,missing_cutoff_status
core.asset_status_daily,CN:BJ:920208,2026-07-21,2026-07-21,1,0,missing_cutoff_status
core.asset_status_daily,CN:BJ:920211,2026-07-21,2026-07-21,1,0,missing_cutoff_status
core.asset_status_daily,CN:BJ:920212,2026-07-21,2026-07-21,1,0,missing_cutoff_status
core.asset_status_daily,CN:BJ:920218,2026-07-21,2026-07-21,1,0,missing_cutoff_status
core.asset_status_daily,CN:BJ:920220,2026-07-21,2026-07-21,1,0,missing_cutoff_status
core.asset_status_daily,CN:BJ:920221,2026-07-21,2026-07-21,1,0,missing_cutoff_status
core.asset_status_daily,CN:BJ:920222,2026-07-21,2026-07-21,1,0,missing_cutoff_status
core.asset_status_daily,CN:BJ:920223,2026-07-21,2026-07-21,1,0,missing_cutoff_status
core.asset_status_daily,CN:BJ:920225,2026-07-21,2026-07-21,1,0,missing_cutoff_status
core.asset_status_daily,CN:BJ:920227,2026-07-21,2026-07-21,1,0,missing_cutoff_status
core.asset_status_daily,CN:BJ:920230,2026-07-21,2026-07-21,1,0,missing_cutoff_status
core.asset_status_daily,CN:BJ:920237,2026-07-21,2026-07-21,1,0,missing_cutoff_status
core.asset_status_daily,CN:BJ:920239,2026-07-21,2026-07-21,1,0,missing_cutoff_status
core.asset_status_daily,CN:BJ:920242,2026-07-21,2026-07-21,1,0,missing_cutoff_status
core.asset_status_daily,CN:BJ:920245,2026-07-21,2026-07-21,1,0,missing_cutoff_status
core.asset_status_daily,CN:BJ:920247,2026-07-21,2026-07-21,1,0,missing_cutoff_status
core.asset_status_daily,CN:BJ:920249,2026-07-21,2026-07-21,1,0,missing_cutoff_status
core.asset_status_daily,CN:BJ:920252,2026-07-21,2026-07-21,1,0,missing_cutoff_status
core.asset_status_daily,CN:BJ:920260,2026-07-21,2026-07-21,1,0,missing_cutoff_status
core.asset_status_daily,CN:BJ:920261,2026-07-21,2026-07-21,1,0,missing_cutoff_status
core.asset_status_daily,CN:BJ:920262,2026-07-21,2026-07-21,1,0,missing_cutoff_status
core.asset_status_daily,CN:BJ:920263,2026-07-21,2026-07-21,1,0,missing_cutoff_status
core.asset_status_daily,CN:BJ:920266,2026-07-21,2026-07-21,1,0,missing_cutoff_status
core.asset_status_daily,CN:BJ:920267,2026-07-21,2026-07-21,1,0,missing_cutoff_status
core.asset_status_daily,CN:BJ:920271,2026-07-21,2026-07-21,1,0,missing_cutoff_status
core.asset_status_daily,CN:BJ:920273,2026-07-21,2026-07-21,1,0,missing_cutoff_status
core.asset_status_daily,CN:BJ:920274,2026-07-21,2026-07-21,1,0,missing_cutoff_status
core.asset_status_daily,CN:BJ:920275,2026-07-21,2026-07-21,1,0,missing_cutoff_status
core.asset_status_daily,CN:BJ:920278,2026-07-21,2026-07-21,1,0,missing_cutoff_status
core.asset_status_daily,CN:BJ:920284,2026-07-21,2026-07-21,1,0,missing_cutoff_status
core.asset_status_daily,CN:BJ:920299,2026-07-21,2026-07-21,1,0,missing_cutoff_status
core.asset_status_daily,CN:BJ:920300,2026-07-21,2026-07-21,1,0,missing_cutoff_status
core.asset_status_daily,CN:BJ:920305,2026-07-21,2026-07-21,1,0,missing_cutoff_status
core.asset_status_daily,CN:BJ:920339,2026-07-21,2026-07-21,1,0,missing_cutoff_status
core.asset_status_daily,CN:BJ:920344,2026-07-21,2026-07-21,1,0,missing_cutoff_status
core.asset_status_daily,CN:BJ:920346,2026-07-21,2026-07-21,1,0,missing_cutoff_status
core.asset_status_daily,CN:BJ:920351,2026-07-21,2026-07-21,1,0,missing_cutoff_status
core.asset_status_daily,CN:BJ:920357,2026-07-21,2026-07-21,1,0,missing_cutoff_status
core.asset_status_daily,CN:BJ:920363,2026-07-21,2026-07-21,1,0,missing_cutoff_status
core.asset_status_daily,CN:BJ:920367,2026-07-21,2026-07-21,1,0,missing_cutoff_status
core.asset_status_daily,CN:BJ:920368,2026-07-21,2026-07-21,1,0,missing_cutoff_status
core.asset_status_daily,CN:BJ:920370,2026-07-21,2026-07-21,1,0,missing_cutoff_status
core.asset_status_daily,CN:BJ:920374,2026-07-21,2026-07-21,1,0,missing_cutoff_status
core.asset_status_daily,CN:BJ:920375,2026-07-21,2026-07-21,1,0,missing_cutoff_status
core.asset_status_daily,CN:BJ:920378,2026-07-21,2026-07-21,1,0,missing_cutoff_status
core.asset_status_daily,CN:BJ:920392,2026-07-21,2026-07-21,1,0,missing_cutoff_status
core.asset_status_daily,CN:BJ:920394,2026-07-21,2026-07-21,1,0,missing_cutoff_status
core.asset_status_daily,CN:BJ:920395,2026-07-21,2026-07-21,1,0,missing_cutoff_status
core.asset_status_daily,CN:BJ:920396,2026-07-21,2026-07-21,1,0,missing_cutoff_status
core.asset_status_daily,CN:BJ:920402,2026-07-21,2026-07-21,1,0,missing_cutoff_status
core.asset_status_daily,CN:BJ:920403,2026-07-21,2026-07-21,1,0,missing_cutoff_status
core.asset_status_daily,CN:BJ:920405,2026-07-21,2026-07-21,1,0,missing_cutoff_status
core.asset_status_daily,CN:BJ:920407,2026-07-21,2026-07-21,1,0,missing_cutoff_status
core.asset_status_daily,CN:BJ:920414,2026-07-21,2026-07-21,1,0,missing_cutoff_status
core.asset_status_daily,CN:BJ:920415,2026-07-21,2026-07-21,1,0,missing_cutoff_status
core.asset_status_daily,CN:BJ:920418,2026-07-21,2026-07-21,1,0,missing_cutoff_status
core.asset_status_daily,CN:BJ:920419,2026-07-21,2026-07-21,1,0,missing_cutoff_status
core.asset_status_daily,CN:BJ:920422,2026-07-21,2026-07-21,1,0,missing_cutoff_status
core.asset_status_daily,CN:BJ:920425,2026-07-21,2026-07-21,1,0,missing_cutoff_status
core.asset_status_daily,CN:BJ:920427,2026-07-21,2026-07-21,1,0,missing_cutoff_status
core.asset_status_daily,CN:BJ:920429,2026-07-21,2026-07-21,1,0,missing_cutoff_status
core.asset_status_daily,CN:BJ:920433,2026-07-21,2026-07-21,1,0,missing_cutoff_status
core.asset_status_daily,CN:BJ:920438,2026-07-21,2026-07-21,1,0,missing_cutoff_status
core.asset_status_daily,CN:BJ:920445,2026-07-21,2026-07-21,1,0,missing_cutoff_status
core.asset_status_daily,CN:BJ:920454,2026-07-21,2026-07-21,1,0,missing_cutoff_status
core.asset_status_daily,CN:BJ:920469,2026-07-21,2026-07-21,1,0,missing_cutoff_status
core.asset_status_daily,CN:BJ:920471,2026-07-21,2026-07-21,1,0,missing_cutoff_status
core.asset_status_daily,CN:BJ:920475,2026-07-21,2026-07-21,1,0,missing_cutoff_status
core.asset_status_daily,CN:BJ:920476,2026-07-21,2026-07-21,1,0,missing_cutoff_status
core.asset_status_daily,CN:BJ:920478,2026-07-21,2026-07-21,1,0,missing_cutoff_status
core.asset_status_daily,CN:BJ:920489,2026-07-21,2026-07-21,1,0,missing_cutoff_status
core.asset_status_daily,CN:BJ:920491,2026-07-21,2026-07-21,1,0,missing_cutoff_status
core.asset_status_daily,CN:BJ:920493,2026-07-21,2026-07-21,1,0,missing_cutoff_status
core.asset_status_daily,CN:BJ:920496,2026-07-21,2026-07-21,1,0,missing_cutoff_status
core.asset_status_daily,CN:BJ:920504,2026-07-21,2026-07-21,1,0,missing_cutoff_status
core.asset_status_daily,CN:BJ:920505,2026-07-21,2026-07-21,1,0,missing_cutoff_status
core.asset_status_daily,CN:BJ:920508,2026-07-21,2026-07-21,1,0,missing_cutoff_status
core.asset_status_daily,CN:BJ:920509,2026-07-21,2026-07-21,1,0,missing_cutoff_status
core.asset_status_daily,CN:BJ:920510,2026-07-21,2026-07-21,1,0,missing_cutoff_status
core.asset_status_daily,CN:BJ:920519,2026-07-21,2026-07-21,1,0,missing_cutoff_status
core.asset_status_daily,CN:BJ:920522,2026-07-21,2026-07-21,1,0,missing_cutoff_status
core.asset_status_daily,CN:BJ:920523,2026-07-21,2026-07-21,1,0,missing_cutoff_status
core.asset_status_daily,CN:BJ:920526,2026-07-21,2026-07-21,1,0,missing_cutoff_status
core.asset_status_daily,CN:BJ:920527,2026-07-21,2026-07-21,1,0,missing_cutoff_status
core.asset_status_daily,CN:BJ:920533,2026-07-21,2026-07-21,1,0,missing_cutoff_status
core.asset_status_daily,CN:BJ:920541,2026-07-21,2026-07-21,1,0,missing_cutoff_status
core.asset_status_daily,CN:BJ:920547,2026-07-21,2026-07-21,1,0,missing_cutoff_status
core.asset_status_daily,CN:BJ:920553,2026-07-21,2026-07-21,1,0,missing_cutoff_status
core.asset_status_daily,CN:BJ:920556,2026-07-21,2026-07-21,1,0,missing_cutoff_status
core.asset_status_daily,CN:BJ:920564,2026-07-21,2026-07-21,1,0,missing_cutoff_status
core.asset_status_daily,CN:BJ:920566,2026-07-21,2026-07-21,1,0,missing_cutoff_status
core.asset_status_daily,CN:BJ:920570,2026-07-21,2026-07-21,1,0,missing_cutoff_status
core.asset_status_daily,CN:BJ:920571,2026-07-21,2026-07-21,1,0,missing_cutoff_status
core.asset_status_daily,CN:BJ:920575,2026-07-21,2026-07-21,1,0,missing_cutoff_status
core.asset_status_daily,CN:BJ:920576,2026-07-21,2026-07-21,1,0,missing_cutoff_status
core.asset_status_daily,CN:BJ:920578,2026-07-21,2026-07-21,1,0,missing_cutoff_status
core.asset_status_daily,CN:BJ:920579,2026-07-21,2026-07-21,1,0,missing_cutoff_status
core.asset_status_daily,CN:BJ:920580,2026-07-21,2026-07-21,1,0,missing_cutoff_status
core.asset_status_daily,CN:BJ:920592,2026-07-21,2026-07-21,1,0,missing_cutoff_status
core.asset_status_daily,CN:BJ:920593,2026-07-21,2026-07-21,1,0,missing_cutoff_status
core.asset_status_daily,CN:BJ:920599,2026-07-21,2026-07-21,1,0,missing_cutoff_status
core.asset_status_daily,CN:BJ:920608,2026-07-21,2026-07-21,1,0,missing_cutoff_status
core.asset_status_daily,CN:BJ:920627,2026-07-21,2026-07-21,1,0,missing_cutoff_status
core.asset_status_daily,CN:BJ:920640,2026-07-21,2026-07-21,1,0,missing_cutoff_status
core.asset_status_daily,CN:BJ:920641,2026-07-21,2026-07-21,1,0,missing_cutoff_status
core.asset_status_daily,CN:BJ:920642,2026-07-21,2026-07-21,1,0,missing_cutoff_status
core.asset_status_daily,CN:BJ:920651,2026-07-21,2026-07-21,1,0,missing_cutoff_status
core.asset_status_daily,CN:BJ:920656,2026-07-21,2026-07-21,1,0,missing_cutoff_status
core.asset_status_daily,CN:BJ:920662,2026-07-21,2026-07-21,1,0,missing_cutoff_status
core.asset_status_daily,CN:BJ:920663,2026-07-21,2026-07-21,1,0,missing_cutoff_status
core.asset_status_daily,CN:BJ:920665,2026-07-21,2026-07-21,1,0,missing_cutoff_status
core.asset_status_daily,CN:BJ:920670,2026-07-21,2026-07-21,1,0,missing_cutoff_status
core.asset_status_daily,CN:BJ:920675,2026-07-21,2026-07-21,1,0,missing_cutoff_status
core.asset_status_daily,CN:BJ:920679,2026-07-21,2026-07-21,1,0,missing_cutoff_status
core.asset_status_daily,CN:BJ:920682,2026-07-21,2026-07-21,1,0,missing_cutoff_status
core.asset_status_daily,CN:BJ:920685,2026-07-21,2026-07-21,1,0,missing_cutoff_status
core.asset_status_daily,CN:BJ:920689,2026-07-21,2026-07-21,1,0,missing_cutoff_status
core.asset_status_daily,CN:BJ:920690,2026-07-21,2026-07-21,1,0,missing_cutoff_status
core.asset_status_daily,CN:BJ:920693,2026-07-21,2026-07-21,1,0,missing_cutoff_status
core.asset_status_daily,CN:BJ:920694,2026-07-21,2026-07-21,1,0,missing_cutoff_status
core.asset_status_daily,CN:BJ:920699,2026-07-21,2026-07-21,1,0,missing_cutoff_status
core.asset_status_daily,CN:BJ:920701,2026-07-21,2026-07-21,1,0,missing_cutoff_status
core.asset_status_daily,CN:BJ:920703,2026-07-21,2026-07-21,1,0,missing_cutoff_status
core.asset_status_daily,CN:BJ:920706,2026-07-21,2026-07-21,1,0,missing_cutoff_status
core.asset_status_daily,CN:BJ:920717,2026-07-21,2026-07-21,1,0,missing_cutoff_status
core.asset_status_daily,CN:BJ:920719,2026-07-21,2026-07-21,1,0,missing_cutoff_status
core.asset_status_daily,CN:BJ:920720,2026-07-21,2026-07-21,1,0,missing_cutoff_status
core.asset_status_daily,CN:BJ:920725,2026-07-21,2026-07-21,1,0,missing_cutoff_status
core.asset_status_daily,CN:BJ:920726,2026-07-21,2026-07-21,1,0,missing_cutoff_status
core.asset_status_daily,CN:BJ:920729,2026-07-21,2026-07-21,1,0,missing_cutoff_status
core.asset_status_daily,CN:BJ:920735,2026-07-21,2026-07-21,1,0,missing_cutoff_status
core.asset_status_daily,CN:BJ:920748,2026-07-21,2026-07-21,1,0,missing_cutoff_status
core.asset_status_daily,CN:BJ:920751,2026-07-21,2026-07-21,1,0,missing_cutoff_status
core.asset_status_daily,CN:BJ:920768,2026-07-21,2026-07-21,1,0,missing_cutoff_status
core.asset_status_daily,CN:BJ:920770,2026-07-21,2026-07-21,1,0,missing_cutoff_status
core.asset_status_daily,CN:BJ:920779,2026-07-21,2026-07-21,1,0,missing_cutoff_status
core.asset_status_daily,CN:BJ:920781,2026-07-21,2026-07-21,1,0,missing_cutoff_status
core.asset_status_daily,CN:BJ:920786,2026-07-21,2026-07-21,1,0,missing_cutoff_status
core.asset_status_daily,CN:BJ:920790,2026-07-21,2026-07-21,1,0,missing_cutoff_status
core.asset_status_daily,CN:BJ:920799,2026-07-21,2026-07-21,1,0,missing_cutoff_status
core.asset_status_daily,CN:BJ:920806,2026-07-21,2026-07-21,1,0,missing_cutoff_status
core.asset_status_daily,CN:BJ:920807,2026-07-21,2026-07-21,1,0,missing_cutoff_status
core.asset_status_daily,CN:BJ:920808,2026-07-21,2026-07-21,1,0,missing_cutoff_status
core.asset_status_daily,CN:BJ:920809,2026-07-21,2026-07-21,1,0,missing_cutoff_status
core.asset_status_daily,CN:BJ:920819,2026-07-21,2026-07-21,1,0,missing_cutoff_status
core.asset_status_daily,CN:BJ:920821,2026-07-21,2026-07-21,1,0,missing_cutoff_status
core.asset_status_daily,CN:BJ:920826,2026-07-21,2026-07-21,1,0,missing_cutoff_status
core.asset_status_daily,CN:BJ:920832,2026-07-21,2026-07-21,1,0,missing_cutoff_status
core.asset_status_daily,CN:BJ:920839,2026-07-21,2026-07-21,1,0,missing_cutoff_status
core.asset_status_daily,CN:BJ:920855,2026-07-21,2026-07-21,1,0,missing_cutoff_status
core.asset_status_daily,CN:BJ:920856,2026-07-21,2026-07-21,1,0,missing_cutoff_status
core.asset_status_daily,CN:BJ:920857,2026-07-21,2026-07-21,1,0,missing_cutoff_status
core.asset_status_daily,CN:BJ:920866,2026-07-21,2026-07-21,1,0,missing_cutoff_status
core.asset_status_daily,CN:BJ:920870,2026-07-21,2026-07-21,1,0,missing_cutoff_status
core.asset_status_daily,CN:BJ:920871,2026-07-21,2026-07-21,1,0,missing_cutoff_status
core.asset_status_daily,CN:BJ:920873,2026-07-21,2026-07-21,1,0,missing_cutoff_status
core.asset_status_daily,CN:BJ:920876,2026-07-21,2026-07-21,1,0,missing_cutoff_status
core.asset_status_daily,CN:BJ:920879,2026-07-21,2026-07-21,1,0,missing_cutoff_status
core.asset_status_daily,CN:BJ:920885,2026-07-21,2026-07-21,1,0,missing_cutoff_status
core.asset_status_daily,CN:BJ:920892,2026-07-21,2026-07-21,1,0,missing_cutoff_status
core.asset_status_daily,CN:BJ:920895,2026-07-21,2026-07-21,1,0,missing_cutoff_status
core.asset_status_daily,CN:BJ:920906,2026-07-21,2026-07-21,1,0,missing_cutoff_status
core.asset_status_daily,CN:BJ:920914,2026-07-21,2026-07-21,1,0,missing_cutoff_status
core.asset_status_daily,CN:BJ:920924,2026-07-21,2026-07-21,1,0,missing_cutoff_status
core.asset_status_daily,CN:BJ:920925,2026-07-21,2026-07-21,1,0,missing_cutoff_status
core.asset_status_daily,CN:BJ:920926,2026-07-21,2026-07-21,1,0,missing_cutoff_status
core.asset_status_daily,CN:BJ:920931,2026-07-21,2026-07-21,1,0,missing_cutoff_status
core.asset_status_daily,CN:BJ:920932,2026-07-21,2026-07-21,1,0,missing_cutoff_status
core.asset_status_daily,CN:BJ:920942,2026-07-21,2026-07-21,1,0,missing_cutoff_status
core.asset_status_daily,CN:BJ:920943,2026-07-21,2026-07-21,1,0,missing_cutoff_status
core.asset_status_daily,CN:BJ:920946,2026-07-21,2026-07-21,1,0,missing_cutoff_status
core.asset_status_daily,CN:BJ:920953,2026-07-21,2026-07-21,1,0,missing_cutoff_status
core.asset_status_daily,CN:BJ:920961,2026-07-21,2026-07-21,1,0,missing_cutoff_status
core.asset_status_daily,CN:BJ:920964,2026-07-21,2026-07-21,1,0,missing_cutoff_status
core.asset_status_daily,CN:BJ:920970,2026-07-21,2026-07-21,1,0,missing_cutoff_status
core.asset_status_daily,CN:BJ:920971,2026-07-21,2026-07-21,1,0,missing_cutoff_status
core.asset_status_daily,CN:BJ:920974,2026-07-21,2026-07-21,1,0,missing_cutoff_status
core.asset_status_daily,CN:BJ:920976,2026-07-21,2026-07-21,1,0,missing_cutoff_status
core.asset_status_daily,CN:BJ:920978,2026-07-21,2026-07-21,1,0,missing_cutoff_status
core.asset_status_daily,CN:BJ:920981,2026-07-21,2026-07-21,1,0,missing_cutoff_status
core.asset_status_daily,CN:BJ:920982,2026-07-21,2026-07-21,1,0,missing_cutoff_status
core.asset_status_daily,CN:BJ:920985,2026-07-21,2026-07-21,1,0,missing_cutoff_status
core.asset_status_daily,CN:BJ:920992,2026-07-21,2026-07-21,1,0,missing_cutoff_status
core.asset_status_daily,CN:SH:600001,2026-07-21,2026-07-21,1,0,missing_cutoff_status
core.asset_status_daily,CN:SH:600002,2026-07-21,2026-07-21,1,0,missing_cutoff_status
core.asset_status_daily,CN:SH:600003,2026-07-21,2026-07-21,1,0,missing_cutoff_status
core.asset_status_daily,CN:SH:600005,2026-07-21,2026-07-21,1,0,missing_cutoff_status
core.asset_status_daily,CN:SH:600065,2026-07-21,2026-07-21,1,0,missing_cutoff_status
core.asset_status_daily,CN:SH:600068,2026-07-21,2026-07-21,1,0,missing_cutoff_status
core.asset_status_daily,CN:SH:600069,2026-07-21,2026-07-21,1,0,missing_cutoff_status
core.asset_status_daily,CN:SH:600070,2026-07-21,2026-07-21,1,0,missing_cutoff_status
core.asset_status_daily,CN:SH:600074,2026-07-21,2026-07-21,1,0,missing_cutoff_status
core.asset_status_daily,CN:SH:600077,2026-07-21,2026-07-21,1,0,missing_cutoff_status
core.asset_status_daily,CN:SH:600083,2026-07-21,2026-07-21,1,0,missing_cutoff_status
core.asset_status_daily,CN:SH:600086,2026-07-21,2026-07-21,1,0,missing_cutoff_status
core.asset_status_daily,CN:SH:600087,2026-07-21,2026-07-21,1,0,missing_cutoff_status
core.asset_status_daily,CN:SH:600090,2026-07-21,2026-07-21,1,0,missing_cutoff_status
core.asset_status_daily,CN:SH:600091,2026-07-21,2026-07-21,1,0,missing_cutoff_status
core.asset_status_daily,CN:SH:600092,2026-07-21,2026-07-21,1,0,missing_cutoff_status
core.asset_status_daily,CN:SH:600093,2026-07-21,2026-07-21,1,0,missing_cutoff_status
core.asset_status_daily,CN:SH:600102,2026-07-21,2026-07-21,1,0,missing_cutoff_status
core.asset_status_daily,CN:SH:600112,2026-07-21,2026-07-21,1,0,missing_cutoff_status
core.asset_status_daily,CN:SH:600122,2026-07-21,2026-07-21,1,0,missing_cutoff_status
core.asset_status_daily,CN:SH:600139,2026-07-21,2026-07-21,1,0,missing_cutoff_status
core.asset_status_daily,CN:SH:600145,2026-07-21,2026-07-21,1,0,missing_cutoff_status
core.asset_status_daily,CN:SH:600146,2026-07-21,2026-07-21,1,0,missing_cutoff_status
core.asset_status_daily,CN:SH:600175,2026-07-21,2026-07-21,1,0,missing_cutoff_status
core.asset_status_daily,CN:SH:600181,2026-07-21,2026-07-21,1,0,missing_cutoff_status
core.asset_status_daily,CN:SH:600190,2026-07-21,2026-07-21,1,0,missing_cutoff_status
core.asset_status_daily,CN:SH:600193,2026-07-21,2026-07-21,1,0,missing_cutoff_status
core.asset_status_daily,CN:SH:600200,2026-07-21,2026-07-21,1,0,missing_cutoff_status
core.asset_status_daily,CN:SH:600205,2026-07-21,2026-07-21,1,0,missing_cutoff_status
core.asset_status_daily,CN:SH:600209,2026-07-21,2026-07-21,1,0,missing_cutoff_status
core.asset_status_daily,CN:SH:600213,2026-07-21,2026-07-21,1,0,missing_cutoff_status
core.asset_status_daily,CN:SH:600220,2026-07-21,2026-07-21,1,0,missing_cutoff_status
core.asset_status_daily,CN:SH:600225,2026-07-21,2026-07-21,1,0,missing_cutoff_status
core.asset_status_daily,CN:SH:600240,2026-07-21,2026-07-21,1,0,missing_cutoff_status
core.asset_status_daily,CN:SH:600242,2026-07-21,2026-07-21,1,0,missing_cutoff_status
core.asset_status_daily,CN:SH:600247,2026-07-21,2026-07-21,1,0,missing_cutoff_status
core.asset_status_daily,CN:SH:600253,2026-07-21,2026-07-21,1,0,missing_cutoff_status
core.asset_status_daily,CN:SH:600260,2026-07-21,2026-07-21,1,0,missing_cutoff_status
core.asset_status_daily,CN:SH:600263,2026-07-21,2026-07-21,1,0,missing_cutoff_status
core.asset_status_daily,CN:SH:600270,2026-07-21,2026-07-21,1,0,missing_cutoff_status
core.asset_status_daily,CN:SH:600275,2026-07-21,2026-07-21,1,0,missing_cutoff_status
core.asset_status_daily,CN:SH:600277,2026-07-21,2026-07-21,1,0,missing_cutoff_status
core.asset_status_daily,CN:SH:600286,2026-07-21,2026-07-21,1,0,missing_cutoff_status
core.asset_status_daily,CN:SH:600290,2026-07-21,2026-07-21,1,0,missing_cutoff_status
core.asset_status_daily,CN:SH:600291,2026-07-21,2026-07-21,1,0,missing_cutoff_status
core.asset_status_daily,CN:SH:600296,2026-07-21,2026-07-21,1,0,missing_cutoff_status
core.asset_status_daily,CN:SH:600297,2026-07-21,2026-07-21,1,0,missing_cutoff_status
core.asset_status_daily,CN:SH:600306,2026-07-21,2026-07-21,1,0,missing_cutoff_status
core.asset_status_daily,CN:SH:600311,2026-07-21,2026-07-21,1,0,missing_cutoff_status
core.asset_status_daily,CN:SH:600317,2026-07-21,2026-07-21,1,0,missing_cutoff_status
core.asset_status_daily,CN:SH:600321,2026-07-21,2026-07-21,1,0,missing_cutoff_status
core.asset_status_daily,CN:SH:600355,2026-07-21,2026-07-21,1,0,missing_cutoff_status
core.asset_status_daily,CN:SH:600357,2026-07-21,2026-07-21,1,0,missing_cutoff_status
core.asset_status_daily,CN:SH:600385,2026-07-21,2026-07-21,1,0,missing_cutoff_status
core.asset_status_daily,CN:SH:600387,2026-07-21,2026-07-21,1,0,missing_cutoff_status
core.asset_status_daily,CN:SH:600393,2026-07-21,2026-07-21,1,0,missing_cutoff_status
core.asset_status_daily,CN:SH:600401,2026-07-21,2026-07-21,1,0,missing_cutoff_status
core.asset_status_daily,CN:SH:600421,2026-07-21,2026-07-21,1,0,missing_cutoff_status
core.asset_status_daily,CN:SH:600432,2026-07-21,2026-07-21,1,0,missing_cutoff_status
core.asset_status_daily,CN:SH:600462,2026-07-21,2026-07-21,1,0,missing_cutoff_status
core.asset_status_daily,CN:SH:600466,2026-07-21,2026-07-21,1,0,missing_cutoff_status
core.asset_status_daily,CN:SH:600472,2026-07-21,2026-07-21,1,0,missing_cutoff_status
core.asset_status_daily,CN:SH:600485,2026-07-21,2026-07-21,1,0,missing_cutoff_status
core.asset_status_daily,CN:SH:600532,2026-07-21,2026-07-21,1,0,missing_cutoff_status
core.asset_status_daily,CN:SH:600553,2026-07-21,2026-07-21,1,0,missing_cutoff_status
core.asset_status_daily,CN:SH:600555,2026-07-21,2026-07-21,1,0,missing_cutoff_status
core.asset_status_daily,CN:SH:600565,2026-07-21,2026-07-21,1,0,missing_cutoff_status
core.asset_status_daily,CN:SH:600591,2026-07-21,2026-07-21,1,0,missing_cutoff_status
core.asset_status_daily,CN:SH:600599,2026-07-21,2026-07-21,1,0,missing_cutoff_status
core.asset_status_daily,CN:SH:600607,2026-07-21,2026-07-21,1,0,missing_cutoff_status
core.asset_status_daily,CN:SH:600608,2026-07-21,2026-07-21,1,0,missing_cutoff_status
core.asset_status_daily,CN:SH:600614,2026-07-21,2026-07-21,1,0,missing_cutoff_status
core.asset_status_daily,CN:SH:600625,2026-07-21,2026-07-21,1,0,missing_cutoff_status
core.asset_status_daily,CN:SH:600627,2026-07-21,2026-07-21,1,0,missing_cutoff_status
core.asset_status_daily,CN:SH:600631,2026-07-21,2026-07-21,1,0,missing_cutoff_status
core.asset_status_daily,CN:SH:600632,2026-07-21,2026-07-21,1,0,missing_cutoff_status
core.asset_status_daily,CN:SH:600634,2026-07-21,2026-07-21,1,0,missing_cutoff_status
core.asset_status_daily,CN:SH:600636,2026-07-21,2026-07-21,1,0,missing_cutoff_status
core.asset_status_daily,CN:SH:600646,2026-07-21,2026-07-21,1,0,missing_cutoff_status
core.asset_status_daily,CN:SH:600647,2026-07-21,2026-07-21,1,0,missing_cutoff_status
core.asset_status_daily,CN:SH:600652,2026-07-21,2026-07-21,1,0,missing_cutoff_status
core.asset_status_daily,CN:SH:600656,2026-07-21,2026-07-21,1,0,missing_cutoff_status
core.asset_status_daily,CN:SH:600659,2026-07-21,2026-07-21,1,0,missing_cutoff_status
core.asset_status_daily,CN:SH:600669,2026-07-21,2026-07-21,1,0,missing_cutoff_status
core.asset_status_daily,CN:SH:600670,2026-07-21,2026-07-21,1,0,missing_cutoff_status
core.asset_status_daily,CN:SH:600672,2026-07-21,2026-07-21,1,0,missing_cutoff_status
core.asset_status_daily,CN:SH:600677,2026-07-21,2026-07-21,1,0,missing_cutoff_status
core.asset_status_daily,CN:SH:600680,2026-07-21,2026-07-21,1,0,missing_cutoff_status
core.asset_status_daily,CN:SH:600687,2026-07-21,2026-07-21,1,0,missing_cutoff_status
core.asset_status_daily,CN:SH:600695,2026-07-21,2026-07-21,1,0,missing_cutoff_status
core.asset_status_daily,CN:SH:600696,2026-07-21,2026-07-21,1,0,missing_cutoff_status
core.asset_status_daily,CN:SH:600700,2026-07-21,2026-07-21,1,0,missing_cutoff_status
core.asset_status_daily,CN:SH:600701,2026-07-21,2026-07-21,1,0,missing_cutoff_status
core.asset_status_daily,CN:SH:600705,2026-07-21,2026-07-21,1,0,missing_cutoff_status
core.asset_status_daily,CN:SH:600709,2026-07-21,2026-07-21,1,0,missing_cutoff_status
core.asset_status_daily,CN:SH:600723,2026-07-21,2026-07-21,1,0,missing_cutoff_status
core.asset_status_daily,CN:SH:600747,2026-07-21,2026-07-21,1,0,missing_cutoff_status
core.asset_status_daily,CN:SH:600752,2026-07-21,2026-07-21,1,0,missing_cutoff_status
core.asset_status_daily,CN:SH:600762,2026-07-21,2026-07-21,1,0,missing_cutoff_status
core.asset_status_daily,CN:SH:600766,2026-07-21,2026-07-21,1,0,missing_cutoff_status
core.asset_status_daily,CN:SH:600767,2026-07-21,2026-07-21,1,0,missing_cutoff_status
core.asset_status_daily,CN:SH:600772,2026-07-21,2026-07-21,1,0,missing_cutoff_status
core.asset_status_daily,CN:SH:600781,2026-07-21,2026-07-21,1,0,missing_cutoff_status
core.asset_status_daily,CN:SH:600786,2026-07-21,2026-07-21,1,0,missing_cutoff_status
core.asset_status_daily,CN:SH:600788,2026-07-21,2026-07-21,1,0,missing_cutoff_status
core.asset_status_daily,CN:SH:600799,2026-07-21,2026-07-21,1,0,missing_cutoff_status
core.asset_status_daily,CN:SH:600804,2026-07-21,2026-07-21,1,0,missing_cutoff_status
core.asset_status_daily,CN:SH:600806,2026-07-21,2026-07-21,1,0,missing_cutoff_status
core.asset_status_daily,CN:SH:600811,2026-07-21,2026-07-21,1,0,missing_cutoff_status
core.asset_status_daily,CN:SH:600813,2026-07-21,2026-07-21,1,0,missing_cutoff_status
core.asset_status_daily,CN:SH:600823,2026-07-21,2026-07-21,1,0,missing_cutoff_status
core.asset_status_daily,CN:SH:600832,2026-07-21,2026-07-21,1,0,missing_cutoff_status
core.asset_status_daily,CN:SH:600836,2026-07-21,2026-07-21,1,0,missing_cutoff_status
core.asset_status_daily,CN:SH:600837,2026-07-21,2026-07-21,1,0,missing_cutoff_status
core.asset_status_daily,CN:SH:600840,2026-07-21,2026-07-21,1,0,missing_cutoff_status
core.asset_status_daily,CN:SH:600842,2026-07-21,2026-07-21,1,0,missing_cutoff_status
core.asset_status_daily,CN:SH:600849,2026-07-21,2026-07-21,1,0,missing_cutoff_status
core.asset_status_daily,CN:SH:600852,2026-07-21,2026-07-21,1,0,missing_cutoff_status
core.asset_status_daily,CN:SH:600856,2026-07-21,2026-07-21,1,0,missing_cutoff_status
core.asset_status_daily,CN:SH:600870,2026-07-21,2026-07-21,1,0,missing_cutoff_status
core.asset_status_daily,CN:SH:600878,2026-07-21,2026-07-21,1,0,missing_cutoff_status
core.asset_status_daily,CN:SH:600890,2026-07-21,2026-07-21,1,0,missing_cutoff_status
core.asset_status_daily,CN:SH:600891,2026-07-21,2026-07-21,1,0,missing_cutoff_status
core.asset_status_daily,CN:SH:600896,2026-07-21,2026-07-21,1,0,missing_cutoff_status
core.asset_status_daily,CN:SH:600898,2026-07-21,2026-07-21,1,0,missing_cutoff_status
core.asset_status_daily,CN:SH:600899,2026-07-21,2026-07-21,1,0,missing_cutoff_status
core.asset_status_daily,CN:SH:600978,2026-07-21,2026-07-21,1,0,missing_cutoff_status
core.asset_status_daily,CN:SH:600991,2026-07-21,2026-07-21,1,0,missing_cutoff_status
core.asset_status_daily,CN:SH:601028,2026-07-21,2026-07-21,1,0,missing_cutoff_status
core.asset_status_daily,CN:SH:601258,2026-07-21,2026-07-21,1,0,missing_cutoff_status
core.asset_status_daily,CN:SH:601268,2026-07-21,2026-07-21,1,0,missing_cutoff_status
core.asset_status_daily,CN:SH:601299,2026-07-21,2026-07-21,1,0,missing_cutoff_status
core.asset_status_daily,CN:SH:601558,2026-07-21,2026-07-21,1,0,missing_cutoff_status
core.asset_status_daily,CN:SH:601989,2026-07-21,2026-07-21,1,0,missing_cutoff_status
core.asset_status_daily,CN:SH:603003,2026-07-21,2026-07-21,1,0,missing_cutoff_status
core.asset_status_daily,CN:SH:603056,2026-07-21,2026-07-21,1,0,missing_cutoff_status
core.asset_status_daily,CN:SH:603133,2026-07-21,2026-07-21,1,0,missing_cutoff_status
core.asset_status_daily,CN:SH:603157,2026-07-21,2026-07-21,1,0,missing_cutoff_status
core.asset_status_daily,CN:SH:603388,2026-07-21,2026-07-21,1,0,missing_cutoff_status
core.asset_status_daily,CN:SH:603555,2026-07-21,2026-07-21,1,0,missing_cutoff_status
core.asset_status_daily,CN:SH:603603,2026-07-21,2026-07-21,1,0,missing_cutoff_status
core.asset_status_daily,CN:SH:603963,2026-07-21,2026-07-21,1,0,missing_cutoff_status
core.asset_status_daily,CN:SH:603996,2026-07-21,2026-07-21,1,0,missing_cutoff_status
core.asset_status_daily,CN:SH:605081,2026-07-21,2026-07-21,1,0,missing_cutoff_status
core.asset_status_daily,CN:SH:688086,2026-07-21,2026-07-21,1,0,missing_cutoff_status
core.asset_status_daily,CN:SH:688237,2026-07-21,2026-07-21,1,0,missing_cutoff_status
core.asset_status_daily,CN:SH:688277,2026-07-21,2026-07-21,1,0,missing_cutoff_status
core.asset_status_daily,CN:SH:688287,2026-07-21,2026-07-21,1,0,missing_cutoff_status
core.asset_status_daily,CN:SH:688555,2026-07-21,2026-07-21,1,0,missing_cutoff_status
core.asset_status_daily,CN:SZ:000003,2026-07-21,2026-07-21,1,0,missing_cutoff_status
core.asset_status_daily,CN:SZ:000004,2026-07-21,2026-07-21,1,0,missing_cutoff_status
core.asset_status_daily,CN:SZ:000005,2026-07-21,2026-07-21,1,0,missing_cutoff_status
core.asset_status_daily,CN:SZ:000013,2026-07-21,2026-07-21,1,0,missing_cutoff_status
core.asset_status_daily,CN:SZ:000015,2026-07-21,2026-07-21,1,0,missing_cutoff_status
core.asset_status_daily,CN:SZ:000018,2026-07-21,2026-07-21,1,0,missing_cutoff_status
core.asset_status_daily,CN:SZ:000022,2026-07-21,2026-07-21,1,0,missing_cutoff_status
core.asset_status_daily,CN:SZ:000023,2026-07-21,2026-07-21,1,0,missing_cutoff_status
core.asset_status_daily,CN:SZ:000024,2026-07-21,2026-07-21,1,0,missing_cutoff_status
core.asset_status_daily,CN:SZ:000033,2026-07-21,2026-07-21,1,0,missing_cutoff_status
core.asset_status_daily,CN:SZ:000038,2026-07-21,2026-07-21,1,0,missing_cutoff_status
core.asset_status_daily,CN:SZ:000040,2026-07-21,2026-07-21,1,0,missing_cutoff_status
core.asset_status_daily,CN:SZ:000043,2026-07-21,2026-07-21,1,0,missing_cutoff_status
core.asset_status_daily,CN:SZ:000046,2026-07-21,2026-07-21,1,0,missing_cutoff_status
core.asset_status_daily,CN:SZ:000047,2026-07-21,2026-07-21,1,0,missing_cutoff_status
core.asset_status_daily,CN:SZ:000150,2026-07-21,2026-07-21,1,0,missing_cutoff_status
core.asset_status_daily,CN:SZ:000405,2026-07-21,2026-07-21,1,0,missing_cutoff_status
core.asset_status_daily,CN:SZ:000406,2026-07-21,2026-07-21,1,0,missing_cutoff_status
core.asset_status_daily,CN:SZ:000412,2026-07-21,2026-07-21,1,0,missing_cutoff_status
core.asset_status_daily,CN:SZ:000413,2026-07-21,2026-07-21,1,0,missing_cutoff_status
core.asset_status_daily,CN:SZ:000416,2026-07-21,2026-07-21,1,0,missing_cutoff_status
core.asset_status_daily,CN:SZ:000418,2026-07-21,2026-07-21,1,0,missing_cutoff_status
core.asset_status_daily,CN:SZ:000502,2026-07-21,2026-07-21,1,0,missing_cutoff_status
core.asset_status_daily,CN:SZ:000508,2026-07-21,2026-07-21,1,0,missing_cutoff_status
core.asset_status_daily,CN:SZ:000511,2026-07-21,2026-07-21,1,0,missing_cutoff_status
core.asset_status_daily,CN:SZ:000515,2026-07-21,2026-07-21,1,0,missing_cutoff_status
core.asset_status_daily,CN:SZ:000522,2026-07-21,2026-07-21,1,0,missing_cutoff_status
core.asset_status_daily,CN:SZ:000527,2026-07-21,2026-07-21,1,0,missing_cutoff_status
core.asset_status_daily,CN:SZ:000535,2026-07-21,2026-07-21,1,0,missing_cutoff_status
core.asset_status_daily,CN:SZ:000540,2026-07-21,2026-07-21,1,0,missing_cutoff_status
core.asset_status_daily,CN:SZ:000542,2026-07-21,2026-07-21,1,0,missing_cutoff_status
core.asset_status_daily,CN:SZ:000549,2026-07-21,2026-07-21,1,0,missing_cutoff_status
core.asset_status_daily,CN:SZ:000556,2026-07-21,2026-07-21,1,0,missing_cutoff_status
core.asset_status_daily,CN:SZ:000562,2026-07-21,2026-07-21,1,0,missing_cutoff_status
core.asset_status_daily,CN:SZ:000569,2026-07-21,2026-07-21,1,0,missing_cutoff_status
core.asset_status_daily,CN:SZ:000578,2026-07-21,2026-07-21,1,0,missing_cutoff_status
core.asset_status_daily,CN:SZ:000583,2026-07-21,2026-07-21,1,0,missing_cutoff_status
core.asset_status_daily,CN:SZ:000584,2026-07-21,2026-07-21,1,0,missing_cutoff_status
core.asset_status_daily,CN:SZ:000585,2026-07-21,2026-07-21,1,0,missing_cutoff_status
core.asset_status_daily,CN:SZ:000587,2026-07-21,2026-07-21,1,0,missing_cutoff_status
core.asset_status_daily,CN:SZ:000588,2026-07-21,2026-07-21,1,0,missing_cutoff_status
core.asset_status_daily,CN:SZ:000594,2026-07-21,2026-07-21,1,0,missing_cutoff_status
core.asset_status_daily,CN:SZ:000602,2026-07-21,2026-07-21,1,0,missing_cutoff_status
core.asset_status_daily,CN:SZ:000606,2026-07-21,2026-07-21,1,0,missing_cutoff_status
core.asset_status_daily,CN:SZ:000611,2026-07-21,2026-07-21,1,0,missing_cutoff_status
core.asset_status_daily,CN:SZ:000613,2026-07-21,2026-07-21,1,0,missing_cutoff_status
core.asset_status_daily,CN:SZ:000616,2026-07-21,2026-07-21,1,0,missing_cutoff_status
core.asset_status_daily,CN:SZ:000618,2026-07-21,2026-07-21,1,0,missing_cutoff_status
core.asset_status_daily,CN:SZ:000621,2026-07-21,2026-07-21,1,0,missing_cutoff_status
core.asset_status_daily,CN:SZ:000622,2026-07-21,2026-07-21,1,0,missing_cutoff_status
core.asset_status_daily,CN:SZ:000627,2026-07-21,2026-07-21,1,0,missing_cutoff_status
core.asset_status_daily,CN:SZ:000638,2026-07-21,2026-07-21,1,0,missing_cutoff_status
core.asset_status_daily,CN:SZ:000653,2026-07-21,2026-07-21,1,0,missing_cutoff_status
core.asset_status_daily,CN:SZ:000658,2026-07-21,2026-07-21,1,0,missing_cutoff_status
core.asset_status_daily,CN:SZ:000660,2026-07-21,2026-07-21,1,0,missing_cutoff_status
core.asset_status_daily,CN:SZ:000662,2026-07-21,2026-07-21,1,0,missing_cutoff_status
core.asset_status_daily,CN:SZ:000666,2026-07-21,2026-07-21,1,0,missing_cutoff_status
core.asset_status_daily,CN:SZ:000667,2026-07-21,2026-07-21,1,0,missing_cutoff_status
core.asset_status_daily,CN:SZ:000671,2026-07-21,2026-07-21,1,0,missing_cutoff_status
core.asset_status_daily,CN:SZ:000673,2026-07-21,2026-07-21,1,0,missing_cutoff_status
core.asset_status_daily,CN:SZ:000675,2026-07-21,2026-07-21,1,0,missing_cutoff_status
core.asset_status_daily,CN:SZ:000687,2026-07-21,2026-07-21,1,0,missing_cutoff_status
core.asset_status_daily,CN:SZ:000689,2026-07-21,2026-07-21,1,0,missing_cutoff_status
core.asset_status_daily,CN:SZ:000693,2026-07-21,2026-07-21,1,0,missing_cutoff_status
core.asset_status_daily,CN:SZ:000699,2026-07-21,2026-07-21,1,0,missing_cutoff_status
core.asset_status_daily,CN:SZ:000730,2026-07-21,2026-07-21,1,0,missing_cutoff_status
core.asset_status_daily,CN:SZ:000732,2026-07-21,2026-07-21,1,0,missing_cutoff_status
core.asset_status_daily,CN:SZ:000748,2026-07-21,2026-07-21,1,0,missing_cutoff_status
core.asset_status_daily,CN:SZ:000760,2026-07-21,2026-07-21,1,0,missing_cutoff_status
core.asset_status_daily,CN:SZ:000763,2026-07-21,2026-07-21,1,0,missing_cutoff_status
core.asset_status_daily,CN:SZ:000765,2026-07-21,2026-07-21,1,0,missing_cutoff_status
core.asset_status_daily,CN:SZ:000769,2026-07-21,2026-07-21,1,0,missing_cutoff_status
core.asset_status_daily,CN:SZ:000780,2026-07-21,2026-07-21,1,0,missing_cutoff_status
core.asset_status_daily,CN:SZ:000787,2026-07-21,2026-07-21,1,0,missing_cutoff_status
core.asset_status_daily,CN:SZ:000805,2026-07-21,2026-07-21,1,0,missing_cutoff_status
core.asset_status_daily,CN:SZ:000806,2026-07-21,2026-07-21,1,0,missing_cutoff_status
core.asset_status_daily,CN:SZ:000817,2026-07-21,2026-07-21,1,0,missing_cutoff_status
core.asset_status_daily,CN:SZ:000827,2026-07-21,2026-07-21,1,0,missing_cutoff_status
core.asset_status_daily,CN:SZ:000832,2026-07-21,2026-07-21,1,0,missing_cutoff_status
core.asset_status_daily,CN:SZ:000835,2026-07-21,2026-07-21,1,0,missing_cutoff_status
core.asset_status_daily,CN:SZ:000836,2026-07-21,2026-07-21,1,0,missing_cutoff_status
core.asset_status_daily,CN:SZ:000851,2026-07-21,2026-07-21,1,0,missing_cutoff_status
core.asset_status_daily,CN:SZ:000861,2026-07-21,2026-07-21,1,0,missing_cutoff_status
core.asset_status_daily,CN:SZ:000866,2026-07-21,2026-07-21,1,0,missing_cutoff_status
core.asset_status_daily,CN:SZ:000916,2026-07-21,2026-07-21,1,0,missing_cutoff_status
core.asset_status_daily,CN:SZ:000918,2026-07-21,2026-07-21,1,0,missing_cutoff_status
core.asset_status_daily,CN:SZ:000939,2026-07-21,2026-07-21,1,0,missing_cutoff_status
core.asset_status_daily,CN:SZ:000956,2026-07-21,2026-07-21,1,0,missing_cutoff_status
core.asset_status_daily,CN:SZ:000961,2026-07-21,2026-07-21,1,0,missing_cutoff_status
core.asset_status_daily,CN:SZ:000971,2026-07-21,2026-07-21,1,0,missing_cutoff_status
core.asset_status_daily,CN:SZ:000976,2026-07-21,2026-07-21,1,0,missing_cutoff_status
core.asset_status_daily,CN:SZ:000979,2026-07-21,2026-07-21,1,0,missing_cutoff_status
core.asset_status_daily,CN:SZ:000982,2026-07-21,2026-07-21,1,0,missing_cutoff_status
core.asset_status_daily,CN:SZ:000996,2026-07-21,2026-07-21,1,0,missing_cutoff_status
core.asset_status_daily,CN:SZ:002002,2026-07-21,2026-07-21,1,0,missing_cutoff_status
core.asset_status_daily,CN:SZ:002013,2026-07-21,2026-07-21,1,0,missing_cutoff_status
core.asset_status_daily,CN:SZ:002018,2026-07-21,2026-07-21,1,0,missing_cutoff_status
core.asset_status_daily,CN:SZ:002070,2026-07-21,2026-07-21,1,0,missing_cutoff_status
core.asset_status_daily,CN:SZ:002071,2026-07-21,2026-07-21,1,0,missing_cutoff_status
core.asset_status_daily,CN:SZ:002087,2026-07-21,2026-07-21,1,0,missing_cutoff_status
core.asset_status_daily,CN:SZ:002089,2026-07-21,2026-07-21,1,0,missing_cutoff_status
core.asset_status_daily,CN:SZ:002113,2026-07-21,2026-07-21,1,0,missing_cutoff_status
core.asset_status_daily,CN:SZ:002118,2026-07-21,2026-07-21,1,0,missing_cutoff_status
core.asset_status_daily,CN:SZ:002143,2026-07-21,2026-07-21,1,0,missing_cutoff_status
core.asset_status_daily,CN:SZ:002147,2026-07-21,2026-07-21,1,0,missing_cutoff_status
core.asset_status_daily,CN:SZ:002220,2026-07-21,2026-07-21,1,0,missing_cutoff_status
core.asset_status_daily,CN:SZ:002231,2026-07-21,2026-07-21,1,0,missing_cutoff_status
core.asset_status_daily,CN:SZ:002260,2026-07-21,2026-07-21,1,0,missing_cutoff_status
core.asset_status_daily,CN:SZ:002280,2026-07-21,2026-07-21,1,0,missing_cutoff_status
core.asset_status_daily,CN:SZ:002288,2026-07-21,2026-07-21,1,0,missing_cutoff_status
core.asset_status_daily,CN:SZ:002308,2026-07-21,2026-07-21,1,0,missing_cutoff_status
core.asset_status_daily,CN:SZ:002325,2026-07-21,2026-07-21,1,0,missing_cutoff_status
core.asset_status_daily,CN:SZ:002336,2026-07-21,2026-07-21,1,0,missing_cutoff_status
core.asset_status_daily,CN:SZ:002341,2026-07-21,2026-07-21,1,0,missing_cutoff_status
core.asset_status_daily,CN:SZ:002359,2026-07-21,2026-07-21,1,0,missing_cutoff_status
core.asset_status_daily,CN:SZ:002411,2026-07-21,2026-07-21,1,0,missing_cutoff_status
core.asset_status_daily,CN:SZ:002417,2026-07-21,2026-07-21,1,0,missing_cutoff_status
core.asset_status_daily,CN:SZ:002433,2026-07-21,2026-07-21,1,0,missing_cutoff_status
core.asset_status_daily,CN:SZ:002435,2026-07-21,2026-07-21,1,0,missing_cutoff_status
core.asset_status_daily,CN:SZ:002447,2026-07-21,2026-07-21,1,0,missing_cutoff_status
core.asset_status_daily,CN:SZ:002450,2026-07-21,2026-07-21,1,0,missing_cutoff_status
core.asset_status_daily,CN:SZ:002464,2026-07-21,2026-07-21,1,0,missing_cutoff_status
core.asset_status_daily,CN:SZ:002473,2026-07-21,2026-07-21,1,0,missing_cutoff_status
core.asset_status_daily,CN:SZ:002477,2026-07-21,2026-07-21,1,0,missing_cutoff_status
core.asset_status_daily,CN:SZ:002499,2026-07-21,2026-07-21,1,0,missing_cutoff_status
core.asset_status_daily,CN:SZ:002502,2026-07-21,2026-07-21,1,0,missing_cutoff_status
core.asset_status_daily,CN:SZ:002503,2026-07-21,2026-07-21,1,0,missing_cutoff_status
core.asset_status_daily,CN:SZ:002504,2026-07-21,2026-07-21,1,0,missing_cutoff_status
core.asset_status_daily,CN:SZ:002505,2026-07-21,2026-07-21,1,0,missing_cutoff_status
core.asset_status_daily,CN:SZ:002509,2026-07-21,2026-07-21,1,0,missing_cutoff_status
core.asset_status_daily,CN:SZ:002604,2026-07-21,2026-07-21,1,0,missing_cutoff_status
core.asset_status_daily,CN:SZ:002610,2026-07-21,2026-07-21,1,0,missing_cutoff_status
core.asset_status_daily,CN:SZ:002618,2026-07-21,2026-07-21,1,0,missing_cutoff_status
core.asset_status_daily,CN:SZ:002619,2026-07-21,2026-07-21,1,0,missing_cutoff_status
core.asset_status_daily,CN:SZ:002621,2026-07-21,2026-07-21,1,0,missing_cutoff_status
core.asset_status_daily,CN:SZ:002665,2026-07-21,2026-07-21,1,0,missing_cutoff_status
core.asset_status_daily,CN:SZ:002680,2026-07-21,2026-07-21,1,0,missing_cutoff_status
core.asset_status_daily,CN:SZ:002684,2026-07-21,2026-07-21,1,0,missing_cutoff_status
core.asset_status_daily,CN:SZ:002699,2026-07-21,2026-07-21,1,0,missing_cutoff_status
core.asset_status_daily,CN:SZ:002711,2026-07-21,2026-07-21,1,0,missing_cutoff_status
core.asset_status_daily,CN:SZ:002740,2026-07-21,2026-07-21,1,0,missing_cutoff_status
core.asset_status_daily,CN:SZ:002750,2026-07-21,2026-07-21,1,0,missing_cutoff_status
core.asset_status_daily,CN:SZ:002751,2026-07-21,2026-07-21,1,0,missing_cutoff_status
core.asset_status_daily,CN:SZ:002770,2026-07-21,2026-07-21,1,0,missing_cutoff_status
core.asset_status_daily,CN:SZ:002776,2026-07-21,2026-07-21,1,0,missing_cutoff_status
core.asset_status_daily,CN:SZ:002781,2026-07-21,2026-07-21,1,0,missing_cutoff_status
core.asset_status_daily,CN:SZ:002808,2026-07-21,2026-07-21,1,0,missing_cutoff_status
core.asset_status_daily,CN:SZ:002898,2026-07-21,2026-07-21,1,0,missing_cutoff_status
core.asset_status_daily,CN:SZ:300023,2026-07-21,2026-07-21,1,0,missing_cutoff_status
core.asset_status_daily,CN:SZ:300028,2026-07-21,2026-07-21,1,0,missing_cutoff_status
core.asset_status_daily,CN:SZ:300029,2026-07-21,2026-07-21,1,0,missing_cutoff_status
core.asset_status_daily,CN:SZ:300038,2026-07-21,2026-07-21,1,0,missing_cutoff_status
core.asset_status_daily,CN:SZ:300064,2026-07-21,2026-07-21,1,0,missing_cutoff_status
core.asset_status_daily,CN:SZ:300089,2026-07-21,2026-07-21,1,0,missing_cutoff_status
core.asset_status_daily,CN:SZ:300090,2026-07-21,2026-07-21,1,0,missing_cutoff_status
core.asset_status_daily,CN:SZ:300104,2026-07-21,2026-07-21,1,0,missing_cutoff_status
core.asset_status_daily,CN:SZ:300108,2026-07-21,2026-07-21,1,0,missing_cutoff_status
core.asset_status_daily,CN:SZ:300114,2026-07-21,2026-07-21,1,0,missing_cutoff_status
core.asset_status_daily,CN:SZ:300116,2026-07-21,2026-07-21,1,0,missing_cutoff_status
core.asset_status_daily,CN:SZ:300117,2026-07-21,2026-07-21,1,0,missing_cutoff_status
core.asset_status_daily,CN:SZ:300156,2026-07-21,2026-07-21,1,0,missing_cutoff_status
core.asset_status_daily,CN:SZ:300178,2026-07-21,2026-07-21,1,0,missing_cutoff_status
core.asset_status_daily,CN:SZ:300186,2026-07-21,2026-07-21,1,0,missing_cutoff_status
core.asset_status_daily,CN:SZ:300202,2026-07-21,2026-07-21,1,0,missing_cutoff_status
core.asset_status_daily,CN:SZ:300208,2026-07-21,2026-07-21,1,0,missing_cutoff_status
core.asset_status_daily,CN:SZ:300216,2026-07-21,2026-07-21,1,0,missing_cutoff_status
core.asset_status_daily,CN:SZ:300262,2026-07-21,2026-07-21,1,0,missing_cutoff_status
core.asset_status_daily,CN:SZ:300273,2026-07-21,2026-07-21,1,0,missing_cutoff_status
core.asset_status_daily,CN:SZ:300280,2026-07-21,2026-07-21,1,0,missing_cutoff_status
core.asset_status_daily,CN:SZ:300282,2026-07-21,2026-07-21,1,0,missing_cutoff_status
core.asset_status_daily,CN:SZ:300297,2026-07-21,2026-07-21,1,0,missing_cutoff_status
core.asset_status_daily,CN:SZ:300309,2026-07-21,2026-07-21,1,0,missing_cutoff_status
core.asset_status_daily,CN:SZ:300312,2026-07-21,2026-07-21,1,0,missing_cutoff_status
core.asset_status_daily,CN:SZ:300325,2026-07-21,2026-07-21,1,0,missing_cutoff_status
core.asset_status_daily,CN:SZ:300330,2026-07-21,2026-07-21,1,0,missing_cutoff_status
core.asset_status_daily,CN:SZ:300336,2026-07-21,2026-07-21,1,0,missing_cutoff_status
core.asset_status_daily,CN:SZ:300344,2026-07-21,2026-07-21,1,0,missing_cutoff_status
core.asset_status_daily,CN:SZ:300356,2026-07-21,2026-07-21,1,0,missing_cutoff_status
core.asset_status_daily,CN:SZ:300362,2026-07-21,2026-07-21,1,0,missing_cutoff_status
core.asset_status_daily,CN:SZ:300367,2026-07-21,2026-07-21,1,0,missing_cutoff_status
core.asset_status_daily,CN:SZ:300372,2026-07-21,2026-07-21,1,0,missing_cutoff_status
core.asset_status_daily,CN:SZ:300379,2026-07-21,2026-07-21,1,0,missing_cutoff_status
core.asset_status_daily,CN:SZ:300391,2026-07-21,2026-07-21,1,0,missing_cutoff_status
core.asset_status_daily,CN:SZ:300392,2026-07-21,2026-07-21,1,0,missing_cutoff_status
core.asset_status_daily,CN:SZ:300431,2026-07-21,2026-07-21,1,0,missing_cutoff_status
core.asset_status_daily,CN:SZ:300495,2026-07-21,2026-07-21,1,0,missing_cutoff_status
core.asset_status_daily,CN:SZ:300526,2026-07-21,2026-07-21,1,0,missing_cutoff_status
core.asset_status_daily,CN:SZ:300630,2026-07-21,2026-07-21,1,0,missing_cutoff_status
core.asset_status_daily,CN:SZ:300742,2026-07-21,2026-07-21,1,0,missing_cutoff_status
core.asset_status_daily,CN:SZ:300799,2026-07-21,2026-07-21,1,0,missing_cutoff_status
core.asset_status_daily,CN:SZ:301234,2026-07-21,2026-07-21,1,0,missing_cutoff_status
finance_history,CN:BJ:900901,,2026-07-21,1,0,missing_pit_finance_history_record
finance_history,CN:BJ:900902,,2026-07-21,1,0,missing_pit_finance_history_record
finance_history,CN:BJ:900903,,2026-07-21,1,0,missing_pit_finance_history_record
finance_history,CN:BJ:900904,,2026-07-21,1,0,missing_pit_finance_history_record
finance_history,CN:BJ:900905,,2026-07-21,1,0,missing_pit_finance_history_record
finance_history,CN:BJ:900906,,2026-07-21,1,0,missing_pit_finance_history_record
finance_history,CN:BJ:900908,,2026-07-21,1,0,missing_pit_finance_history_record
finance_history,CN:BJ:900909,,2026-07-21,1,0,missing_pit_finance_history_record
finance_history,CN:BJ:900910,,2026-07-21,1,0,missing_pit_finance_history_record
finance_history,CN:BJ:900911,,2026-07-21,1,0,missing_pit_finance_history_record
finance_history,CN:BJ:900912,,2026-07-21,1,0,missing_pit_finance_history_record
finance_history,CN:BJ:900913,,2026-07-21,1,0,missing_pit_finance_history_record
finance_history,CN:BJ:900914,,2026-07-21,1,0,missing_pit_finance_history_record
finance_history,CN:BJ:900915,,2026-07-21,1,0,missing_pit_finance_history_record
finance_history,CN:BJ:900916,,2026-07-21,1,0,missing_pit_finance_history_record
finance_history,CN:BJ:900917,,2026-07-21,1,0,missing_pit_finance_history_record
finance_history,CN:BJ:900918,,2026-07-21,1,0,missing_pit_finance_history_record
finance_history,CN:BJ:900920,,2026-07-21,1,0,missing_pit_finance_history_record
finance_history,CN:BJ:900921,,2026-07-21,1,0,missing_pit_finance_history_record
finance_history,CN:BJ:900922,,2026-07-21,1,0,missing_pit_finance_history_record
finance_history,CN:BJ:900923,,2026-07-21,1,0,missing_pit_finance_history_record
finance_history,CN:BJ:900924,,2026-07-21,1,0,missing_pit_finance_history_record
finance_history,CN:BJ:900925,,2026-07-21,1,0,missing_pit_finance_history_record
finance_history,CN:BJ:900926,,2026-07-21,1,0,missing_pit_finance_history_record
finance_history,CN:BJ:900927,,2026-07-21,1,0,missing_pit_finance_history_record
finance_history,CN:BJ:900928,,2026-07-21,1,0,missing_pit_finance_history_record
finance_history,CN:BJ:900929,,2026-07-21,1,0,missing_pit_finance_history_record
finance_history,CN:BJ:900932,,2026-07-21,1,0,missing_pit_finance_history_record
finance_history,CN:BJ:900934,,2026-07-21,1,0,missing_pit_finance_history_record
finance_history,CN:BJ:900936,,2026-07-21,1,0,missing_pit_finance_history_record
finance_history,CN:BJ:900937,,2026-07-21,1,0,missing_pit_finance_history_record
finance_history,CN:BJ:900938,,2026-07-21,1,0,missing_pit_finance_history_record
finance_history,CN:BJ:900939,,2026-07-21,1,0,missing_pit_finance_history_record
finance_history,CN:BJ:900940,,2026-07-21,1,0,missing_pit_finance_history_record
finance_history,CN:BJ:900941,,2026-07-21,1,0,missing_pit_finance_history_record
finance_history,CN:BJ:900942,,2026-07-21,1,0,missing_pit_finance_history_record
finance_history,CN:BJ:900943,,2026-07-21,1,0,missing_pit_finance_history_record
finance_history,CN:BJ:900945,,2026-07-21,1,0,missing_pit_finance_history_record
finance_history,CN:BJ:900946,,2026-07-21,1,0,missing_pit_finance_history_record
finance_history,CN:BJ:900947,,2026-07-21,1,0,missing_pit_finance_history_record
finance_history,CN:BJ:900948,,2026-07-21,1,0,missing_pit_finance_history_record
finance_history,CN:BJ:920001,,2026-07-21,1,0,missing_pit_finance_history_record
finance_history,CN:BJ:920003,,2026-07-21,1,0,missing_pit_finance_history_record
finance_history,CN:BJ:920005,,2026-07-21,1,0,missing_pit_finance_history_record
finance_history,CN:BJ:920006,,2026-07-21,1,0,missing_pit_finance_history_record
finance_history,CN:BJ:920007,,2026-07-21,1,0,missing_pit_finance_history_record
finance_history,CN:BJ:920008,,2026-07-21,1,0,missing_pit_finance_history_record
finance_history,CN:BJ:920009,,2026-07-21,1,0,missing_pit_finance_history_record
finance_history,CN:BJ:920010,,2026-07-21,1,0,missing_pit_finance_history_record
finance_history,CN:BJ:920011,,2026-07-21,1,0,missing_pit_finance_history_record
finance_history,CN:BJ:920012,,2026-07-21,1,0,missing_pit_finance_history_record
finance_history,CN:BJ:920014,,2026-07-21,1,0,missing_pit_finance_history_record
finance_history,CN:BJ:920015,,2026-07-21,1,0,missing_pit_finance_history_record
finance_history,CN:BJ:920016,,2026-07-21,1,0,missing_pit_finance_history_record
finance_history,CN:BJ:920017,,2026-07-21,1,0,missing_pit_finance_history_record
finance_history,CN:BJ:920018,,2026-07-21,1,0,missing_pit_finance_history_record
finance_history,CN:BJ:920019,,2026-07-21,1,0,missing_pit_finance_history_record
finance_history,CN:BJ:920020,,2026-07-21,1,0,missing_pit_finance_history_record
finance_history,CN:BJ:920021,,2026-07-21,1,0,missing_pit_finance_history_record
finance_history,CN:BJ:920022,,2026-07-21,1,0,missing_pit_finance_history_record
finance_history,CN:BJ:920023,,2026-07-21,1,0,missing_pit_finance_history_record
finance_history,CN:BJ:920026,,2026-07-21,1,0,missing_pit_finance_history_record
finance_history,CN:BJ:920027,,2026-07-21,1,0,missing_pit_finance_history_record
finance_history,CN:BJ:920028,,2026-07-21,1,0,missing_pit_finance_history_record
finance_history,CN:BJ:920029,,2026-07-21,1,0,missing_pit_finance_history_record
finance_history,CN:BJ:920030,,2026-07-21,1,0,missing_pit_finance_history_record
finance_history,CN:BJ:920033,,2026-07-21,1,0,missing_pit_finance_history_record
finance_history,CN:BJ:920035,,2026-07-21,1,0,missing_pit_finance_history_record
finance_history,CN:BJ:920036,,2026-07-21,1,0,missing_pit_finance_history_record
finance_history,CN:BJ:920037,,2026-07-21,1,0,missing_pit_finance_history_record
finance_history,CN:BJ:920039,,2026-07-21,1,0,missing_pit_finance_history_record
finance_history,CN:BJ:920045,,2026-07-21,1,0,missing_pit_finance_history_record
finance_history,CN:BJ:920047,,2026-07-21,1,0,missing_pit_finance_history_record
finance_history,CN:BJ:920050,,2026-07-21,1,0,missing_pit_finance_history_record
finance_history,CN:BJ:920055,,2026-07-21,1,0,missing_pit_finance_history_record
finance_history,CN:BJ:920056,,2026-07-21,1,0,missing_pit_finance_history_record
finance_history,CN:BJ:920057,,2026-07-21,1,0,missing_pit_finance_history_record
finance_history,CN:BJ:920058,,2026-07-21,1,0,missing_pit_finance_history_record
finance_history,CN:BJ:920060,,2026-07-21,1,0,missing_pit_finance_history_record
finance_history,CN:BJ:920061,,2026-07-21,1,0,missing_pit_finance_history_record
finance_history,CN:BJ:920062,,2026-07-21,1,0,missing_pit_finance_history_record
finance_history,CN:BJ:920066,,2026-07-21,1,0,missing_pit_finance_history_record
finance_history,CN:BJ:920068,,2026-07-21,1,0,missing_pit_finance_history_record
finance_history,CN:BJ:920069,,2026-07-21,1,0,missing_pit_finance_history_record
finance_history,CN:BJ:920072,,2026-07-21,1,0,missing_pit_finance_history_record
finance_history,CN:BJ:920075,,2026-07-21,1,0,missing_pit_finance_history_record
finance_history,CN:BJ:920076,,2026-07-21,1,0,missing_pit_finance_history_record
finance_history,CN:BJ:920077,,2026-07-21,1,0,missing_pit_finance_history_record
finance_history,CN:BJ:920078,,2026-07-21,1,0,missing_pit_finance_history_record
finance_history,CN:BJ:920079,,2026-07-21,1,0,missing_pit_finance_history_record
finance_history,CN:BJ:920080,,2026-07-21,1,0,missing_pit_finance_history_record
finance_history,CN:BJ:920082,,2026-07-21,1,0,missing_pit_finance_history_record
finance_history,CN:BJ:920083,,2026-07-21,1,0,missing_pit_finance_history_record
finance_history,CN:BJ:920086,,2026-07-21,1,0,missing_pit_finance_history_record
finance_history,CN:BJ:920087,,2026-07-21,1,0,missing_pit_finance_history_record
finance_history,CN:BJ:920088,,2026-07-21,1,0,missing_pit_finance_history_record
finance_history,CN:BJ:920089,,2026-07-21,1,0,missing_pit_finance_history_record
finance_history,CN:BJ:920090,,2026-07-21,1,0,missing_pit_finance_history_record
finance_history,CN:BJ:920091,,2026-07-21,1,0,missing_pit_finance_history_record
finance_history,CN:BJ:920092,,2026-07-21,1,0,missing_pit_finance_history_record
finance_history,CN:BJ:920096,,2026-07-21,1,0,missing_pit_finance_history_record
finance_history,CN:BJ:920098,,2026-07-21,1,0,missing_pit_finance_history_record
finance_history,CN:BJ:920099,,2026-07-21,1,0,missing_pit_finance_history_record
finance_history,CN:BJ:920100,,2026-07-21,1,0,missing_pit_finance_history_record
finance_history,CN:BJ:920101,,2026-07-21,1,0,missing_pit_finance_history_record
finance_history,CN:BJ:920106,,2026-07-21,1,0,missing_pit_finance_history_record
finance_history,CN:BJ:920110,,2026-07-21,1,0,missing_pit_finance_history_record
finance_history,CN:BJ:920111,,2026-07-21,1,0,missing_pit_finance_history_record
finance_history,CN:BJ:920112,,2026-07-21,1,0,missing_pit_finance_history_record
finance_history,CN:BJ:920116,,2026-07-21,1,0,missing_pit_finance_history_record
finance_history,CN:BJ:920117,,2026-07-21,1,0,missing_pit_finance_history_record
finance_history,CN:BJ:920118,,2026-07-21,1,0,missing_pit_finance_history_record
finance_history,CN:BJ:920119,,2026-07-21,1,0,missing_pit_finance_history_record
finance_history,CN:BJ:920121,,2026-07-21,1,0,missing_pit_finance_history_record
finance_history,CN:BJ:920122,,2026-07-21,1,0,missing_pit_finance_history_record
finance_history,CN:BJ:920123,,2026-07-21,1,0,missing_pit_finance_history_record
finance_history,CN:BJ:920124,,2026-07-21,1,0,missing_pit_finance_history_record
finance_history,CN:BJ:920125,,2026-07-21,1,0,missing_pit_finance_history_record
finance_history,CN:BJ:920126,,2026-07-21,1,0,missing_pit_finance_history_record
finance_history,CN:BJ:920128,,2026-07-21,1,0,missing_pit_finance_history_record
finance_history,CN:BJ:920130,,2026-07-21,1,0,missing_pit_finance_history_record
finance_history,CN:BJ:920132,,2026-07-21,1,0,missing_pit_finance_history_record
finance_history,CN:BJ:920136,,2026-07-21,1,0,missing_pit_finance_history_record
finance_history,CN:BJ:920139,,2026-07-21,1,0,missing_pit_finance_history_record
finance_history,CN:BJ:920145,,2026-07-21,1,0,missing_pit_finance_history_record
finance_history,CN:BJ:920146,,2026-07-21,1,0,missing_pit_finance_history_record
finance_history,CN:BJ:920149,,2026-07-21,1,0,missing_pit_finance_history_record
finance_history,CN:BJ:920152,,2026-07-21,1,0,missing_pit_finance_history_record
finance_history,CN:BJ:920156,,2026-07-21,1,0,missing_pit_finance_history_record
finance_history,CN:BJ:920158,,2026-07-21,1,0,missing_pit_finance_history_record
finance_history,CN:BJ:920159,,2026-07-21,1,0,missing_pit_finance_history_record
finance_history,CN:BJ:920160,,2026-07-21,1,0,missing_pit_finance_history_record
finance_history,CN:BJ:920161,,2026-07-21,1,0,missing_pit_finance_history_record
finance_history,CN:BJ:920163,,2026-07-21,1,0,missing_pit_finance_history_record
finance_history,CN:BJ:920166,,2026-07-21,1,0,missing_pit_finance_history_record
finance_history,CN:BJ:920167,,2026-07-21,1,0,missing_pit_finance_history_record
finance_history,CN:BJ:920168,,2026-07-21,1,0,missing_pit_finance_history_record
finance_history,CN:BJ:920169,,2026-07-21,1,0,missing_pit_finance_history_record
finance_history,CN:BJ:920171,,2026-07-21,1,0,missing_pit_finance_history_record
finance_history,CN:BJ:920174,,2026-07-21,1,0,missing_pit_finance_history_record
finance_history,CN:BJ:920175,,2026-07-21,1,0,missing_pit_finance_history_record
finance_history,CN:BJ:920177,,2026-07-21,1,0,missing_pit_finance_history_record
finance_history,CN:BJ:920178,,2026-07-21,1,0,missing_pit_finance_history_record
finance_history,CN:BJ:920179,,2026-07-21,1,0,missing_pit_finance_history_record
finance_history,CN:BJ:920180,,2026-07-21,1,0,missing_pit_finance_history_record
finance_history,CN:BJ:920181,,2026-07-21,1,0,missing_pit_finance_history_record
finance_history,CN:BJ:920183,,2026-07-21,1,0,missing_pit_finance_history_record
finance_history,CN:BJ:920184,,2026-07-21,1,0,missing_pit_finance_history_record
finance_history,CN:BJ:920185,,2026-07-21,1,0,missing_pit_finance_history_record
finance_history,CN:BJ:920186,,2026-07-21,1,0,missing_pit_finance_history_record
finance_history,CN:BJ:920187,,2026-07-21,1,0,missing_pit_finance_history_record
finance_history,CN:BJ:920188,,2026-07-21,1,0,missing_pit_finance_history_record
finance_history,CN:BJ:920189,,2026-07-21,1,0,missing_pit_finance_history_record
finance_history,CN:BJ:920190,,2026-07-21,1,0,missing_pit_finance_history_record
finance_history,CN:BJ:920191,,2026-07-21,1,0,missing_pit_finance_history_record
finance_history,CN:BJ:920193,,2026-07-21,1,0,missing_pit_finance_history_record
finance_history,CN:BJ:920195,,2026-07-21,1,0,missing_pit_finance_history_record
finance_history,CN:BJ:920198,,2026-07-21,1,0,missing_pit_finance_history_record
finance_history,CN:BJ:920199,,2026-07-21,1,0,missing_pit_finance_history_record
finance_history,CN:BJ:920200,,2026-07-21,1,0,missing_pit_finance_history_record
finance_history,CN:BJ:920204,,2026-07-21,1,0,missing_pit_finance_history_record
finance_history,CN:BJ:920206,,2026-07-21,1,0,missing_pit_finance_history_record
finance_history,CN:BJ:920207,,2026-07-21,1,0,missing_pit_finance_history_record
finance_history,CN:BJ:920208,,2026-07-21,1,0,missing_pit_finance_history_record
finance_history,CN:BJ:920211,,2026-07-21,1,0,missing_pit_finance_history_record
finance_history,CN:BJ:920212,,2026-07-21,1,0,missing_pit_finance_history_record
finance_history,CN:BJ:920218,,2026-07-21,1,0,missing_pit_finance_history_record
finance_history,CN:BJ:920220,,2026-07-21,1,0,missing_pit_finance_history_record
finance_history,CN:BJ:920221,,2026-07-21,1,0,missing_pit_finance_history_record
finance_history,CN:BJ:920222,,2026-07-21,1,0,missing_pit_finance_history_record
finance_history,CN:BJ:920223,,2026-07-21,1,0,missing_pit_finance_history_record
finance_history,CN:BJ:920225,,2026-07-21,1,0,missing_pit_finance_history_record
finance_history,CN:BJ:920227,,2026-07-21,1,0,missing_pit_finance_history_record
finance_history,CN:BJ:920230,,2026-07-21,1,0,missing_pit_finance_history_record
finance_history,CN:BJ:920237,,2026-07-21,1,0,missing_pit_finance_history_record
finance_history,CN:BJ:920239,,2026-07-21,1,0,missing_pit_finance_history_record
finance_history,CN:BJ:920242,,2026-07-21,1,0,missing_pit_finance_history_record
finance_history,CN:BJ:920245,,2026-07-21,1,0,missing_pit_finance_history_record
finance_history,CN:BJ:920247,,2026-07-21,1,0,missing_pit_finance_history_record
finance_history,CN:BJ:920249,,2026-07-21,1,0,missing_pit_finance_history_record
finance_history,CN:BJ:920252,,2026-07-21,1,0,missing_pit_finance_history_record
finance_history,CN:BJ:920260,,2026-07-21,1,0,missing_pit_finance_history_record
finance_history,CN:BJ:920261,,2026-07-21,1,0,missing_pit_finance_history_record
finance_history,CN:BJ:920262,,2026-07-21,1,0,missing_pit_finance_history_record
finance_history,CN:BJ:920263,,2026-07-21,1,0,missing_pit_finance_history_record
finance_history,CN:BJ:920266,,2026-07-21,1,0,missing_pit_finance_history_record
finance_history,CN:BJ:920267,,2026-07-21,1,0,missing_pit_finance_history_record
finance_history,CN:BJ:920271,,2026-07-21,1,0,missing_pit_finance_history_record
finance_history,CN:BJ:920273,,2026-07-21,1,0,missing_pit_finance_history_record
finance_history,CN:BJ:920274,,2026-07-21,1,0,missing_pit_finance_history_record
finance_history,CN:BJ:920275,,2026-07-21,1,0,missing_pit_finance_history_record
finance_history,CN:BJ:920278,,2026-07-21,1,0,missing_pit_finance_history_record
finance_history,CN:BJ:920284,,2026-07-21,1,0,missing_pit_finance_history_record
finance_history,CN:BJ:920299,,2026-07-21,1,0,missing_pit_finance_history_record
finance_history,CN:BJ:920300,,2026-07-21,1,0,missing_pit_finance_history_record
finance_history,CN:BJ:920305,,2026-07-21,1,0,missing_pit_finance_history_record
finance_history,CN:BJ:920339,,2026-07-21,1,0,missing_pit_finance_history_record
finance_history,CN:BJ:920344,,2026-07-21,1,0,missing_pit_finance_history_record
finance_history,CN:BJ:920346,,2026-07-21,1,0,missing_pit_finance_history_record
finance_history,CN:BJ:920351,,2026-07-21,1,0,missing_pit_finance_history_record
finance_history,CN:BJ:920357,,2026-07-21,1,0,missing_pit_finance_history_record
finance_history,CN:BJ:920363,,2026-07-21,1,0,missing_pit_finance_history_record
finance_history,CN:BJ:920367,,2026-07-21,1,0,missing_pit_finance_history_record
finance_history,CN:BJ:920368,,2026-07-21,1,0,missing_pit_finance_history_record
finance_history,CN:BJ:920370,,2026-07-21,1,0,missing_pit_finance_history_record
finance_history,CN:BJ:920374,,2026-07-21,1,0,missing_pit_finance_history_record
finance_history,CN:BJ:920375,,2026-07-21,1,0,missing_pit_finance_history_record
finance_history,CN:BJ:920378,,2026-07-21,1,0,missing_pit_finance_history_record
finance_history,CN:BJ:920392,,2026-07-21,1,0,missing_pit_finance_history_record
finance_history,CN:BJ:920394,,2026-07-21,1,0,missing_pit_finance_history_record
finance_history,CN:BJ:920395,,2026-07-21,1,0,missing_pit_finance_history_record
finance_history,CN:BJ:920396,,2026-07-21,1,0,missing_pit_finance_history_record
finance_history,CN:BJ:920402,,2026-07-21,1,0,missing_pit_finance_history_record
finance_history,CN:BJ:920403,,2026-07-21,1,0,missing_pit_finance_history_record
finance_history,CN:BJ:920405,,2026-07-21,1,0,missing_pit_finance_history_record
finance_history,CN:BJ:920407,,2026-07-21,1,0,missing_pit_finance_history_record
finance_history,CN:BJ:920414,,2026-07-21,1,0,missing_pit_finance_history_record
finance_history,CN:BJ:920415,,2026-07-21,1,0,missing_pit_finance_history_record
finance_history,CN:BJ:920418,,2026-07-21,1,0,missing_pit_finance_history_record
finance_history,CN:BJ:920419,,2026-07-21,1,0,missing_pit_finance_history_record
finance_history,CN:BJ:920422,,2026-07-21,1,0,missing_pit_finance_history_record
finance_history,CN:BJ:920425,,2026-07-21,1,0,missing_pit_finance_history_record
finance_history,CN:BJ:920427,,2026-07-21,1,0,missing_pit_finance_history_record
finance_history,CN:BJ:920429,,2026-07-21,1,0,missing_pit_finance_history_record
finance_history,CN:BJ:920433,,2026-07-21,1,0,missing_pit_finance_history_record
finance_history,CN:BJ:920438,,2026-07-21,1,0,missing_pit_finance_history_record
finance_history,CN:BJ:920445,,2026-07-21,1,0,missing_pit_finance_history_record
finance_history,CN:BJ:920454,,2026-07-21,1,0,missing_pit_finance_history_record
finance_history,CN:BJ:920469,,2026-07-21,1,0,missing_pit_finance_history_record
finance_history,CN:BJ:920471,,2026-07-21,1,0,missing_pit_finance_history_record
finance_history,CN:BJ:920475,,2026-07-21,1,0,missing_pit_finance_history_record
finance_history,CN:BJ:920476,,2026-07-21,1,0,missing_pit_finance_history_record
finance_history,CN:BJ:920478,,2026-07-21,1,0,missing_pit_finance_history_record
finance_history,CN:BJ:920489,,2026-07-21,1,0,missing_pit_finance_history_record
finance_history,CN:BJ:920491,,2026-07-21,1,0,missing_pit_finance_history_record
finance_history,CN:BJ:920493,,2026-07-21,1,0,missing_pit_finance_history_record
finance_history,CN:BJ:920496,,2026-07-21,1,0,missing_pit_finance_history_record
finance_history,CN:BJ:920504,,2026-07-21,1,0,missing_pit_finance_history_record
finance_history,CN:BJ:920505,,2026-07-21,1,0,missing_pit_finance_history_record
finance_history,CN:BJ:920508,,2026-07-21,1,0,missing_pit_finance_history_record
finance_history,CN:BJ:920509,,2026-07-21,1,0,missing_pit_finance_history_record
finance_history,CN:BJ:920510,,2026-07-21,1,0,missing_pit_finance_history_record
finance_history,CN:BJ:920519,,2026-07-21,1,0,missing_pit_finance_history_record
finance_history,CN:BJ:920522,,2026-07-21,1,0,missing_pit_finance_history_record
finance_history,CN:BJ:920523,,2026-07-21,1,0,missing_pit_finance_history_record
finance_history,CN:BJ:920526,,2026-07-21,1,0,missing_pit_finance_history_record
finance_history,CN:BJ:920527,,2026-07-21,1,0,missing_pit_finance_history_record
finance_history,CN:BJ:920533,,2026-07-21,1,0,missing_pit_finance_history_record
finance_history,CN:BJ:920541,,2026-07-21,1,0,missing_pit_finance_history_record
finance_history,CN:BJ:920547,,2026-07-21,1,0,missing_pit_finance_history_record
finance_history,CN:BJ:920553,,2026-07-21,1,0,missing_pit_finance_history_record
finance_history,CN:BJ:920556,,2026-07-21,1,0,missing_pit_finance_history_record
finance_history,CN:BJ:920564,,2026-07-21,1,0,missing_pit_finance_history_record
finance_history,CN:BJ:920566,,2026-07-21,1,0,missing_pit_finance_history_record
finance_history,CN:BJ:920570,,2026-07-21,1,0,missing_pit_finance_history_record
finance_history,CN:BJ:920571,,2026-07-21,1,0,missing_pit_finance_history_record
finance_history,CN:BJ:920575,,2026-07-21,1,0,missing_pit_finance_history_record
finance_history,CN:BJ:920576,,2026-07-21,1,0,missing_pit_finance_history_record
finance_history,CN:BJ:920578,,2026-07-21,1,0,missing_pit_finance_history_record
finance_history,CN:BJ:920579,,2026-07-21,1,0,missing_pit_finance_history_record
finance_history,CN:BJ:920580,,2026-07-21,1,0,missing_pit_finance_history_record
finance_history,CN:BJ:920592,,2026-07-21,1,0,missing_pit_finance_history_record
finance_history,CN:BJ:920593,,2026-07-21,1,0,missing_pit_finance_history_record
finance_history,CN:BJ:920599,,2026-07-21,1,0,missing_pit_finance_history_record
finance_history,CN:BJ:920608,,2026-07-21,1,0,missing_pit_finance_history_record
finance_history,CN:BJ:920627,,2026-07-21,1,0,missing_pit_finance_history_record
finance_history,CN:BJ:920640,,2026-07-21,1,0,missing_pit_finance_history_record
finance_history,CN:BJ:920641,,2026-07-21,1,0,missing_pit_finance_history_record
finance_history,CN:BJ:920642,,2026-07-21,1,0,missing_pit_finance_history_record
finance_history,CN:BJ:920651,,2026-07-21,1,0,missing_pit_finance_history_record
finance_history,CN:BJ:920656,,2026-07-21,1,0,missing_pit_finance_history_record
finance_history,CN:BJ:920662,,2026-07-21,1,0,missing_pit_finance_history_record
finance_history,CN:BJ:920663,,2026-07-21,1,0,missing_pit_finance_history_record
finance_history,CN:BJ:920665,,2026-07-21,1,0,missing_pit_finance_history_record
finance_history,CN:BJ:920670,,2026-07-21,1,0,missing_pit_finance_history_record
finance_history,CN:BJ:920675,,2026-07-21,1,0,missing_pit_finance_history_record
finance_history,CN:BJ:920679,,2026-07-21,1,0,missing_pit_finance_history_record
finance_history,CN:BJ:920682,,2026-07-21,1,0,missing_pit_finance_history_record
finance_history,CN:BJ:920685,,2026-07-21,1,0,missing_pit_finance_history_record
finance_history,CN:BJ:920689,,2026-07-21,1,0,missing_pit_finance_history_record
finance_history,CN:BJ:920690,,2026-07-21,1,0,missing_pit_finance_history_record
finance_history,CN:BJ:920693,,2026-07-21,1,0,missing_pit_finance_history_record
finance_history,CN:BJ:920694,,2026-07-21,1,0,missing_pit_finance_history_record
finance_history,CN:BJ:920699,,2026-07-21,1,0,missing_pit_finance_history_record
finance_history,CN:BJ:920701,,2026-07-21,1,0,missing_pit_finance_history_record
finance_history,CN:BJ:920703,,2026-07-21,1,0,missing_pit_finance_history_record
finance_history,CN:BJ:920706,,2026-07-21,1,0,missing_pit_finance_history_record
finance_history,CN:BJ:920717,,2026-07-21,1,0,missing_pit_finance_history_record
finance_history,CN:BJ:920719,,2026-07-21,1,0,missing_pit_finance_history_record
finance_history,CN:BJ:920720,,2026-07-21,1,0,missing_pit_finance_history_record
finance_history,CN:BJ:920725,,2026-07-21,1,0,missing_pit_finance_history_record
finance_history,CN:BJ:920726,,2026-07-21,1,0,missing_pit_finance_history_record
finance_history,CN:BJ:920729,,2026-07-21,1,0,missing_pit_finance_history_record
finance_history,CN:BJ:920735,,2026-07-21,1,0,missing_pit_finance_history_record
finance_history,CN:BJ:920748,,2026-07-21,1,0,missing_pit_finance_history_record
finance_history,CN:BJ:920751,,2026-07-21,1,0,missing_pit_finance_history_record
finance_history,CN:BJ:920768,,2026-07-21,1,0,missing_pit_finance_history_record
finance_history,CN:BJ:920770,,2026-07-21,1,0,missing_pit_finance_history_record
finance_history,CN:BJ:920779,,2026-07-21,1,0,missing_pit_finance_history_record
finance_history,CN:BJ:920781,,2026-07-21,1,0,missing_pit_finance_history_record
finance_history,CN:BJ:920786,,2026-07-21,1,0,missing_pit_finance_history_record
finance_history,CN:BJ:920790,,2026-07-21,1,0,missing_pit_finance_history_record
finance_history,CN:BJ:920799,,2026-07-21,1,0,missing_pit_finance_history_record
finance_history,CN:BJ:920806,,2026-07-21,1,0,missing_pit_finance_history_record
finance_history,CN:BJ:920807,,2026-07-21,1,0,missing_pit_finance_history_record
finance_history,CN:BJ:920808,,2026-07-21,1,0,missing_pit_finance_history_record
finance_history,CN:BJ:920809,,2026-07-21,1,0,missing_pit_finance_history_record
finance_history,CN:BJ:920819,,2026-07-21,1,0,missing_pit_finance_history_record
finance_history,CN:BJ:920821,,2026-07-21,1,0,missing_pit_finance_history_record
finance_history,CN:BJ:920826,,2026-07-21,1,0,missing_pit_finance_history_record
finance_history,CN:BJ:920832,,2026-07-21,1,0,missing_pit_finance_history_record
finance_history,CN:BJ:920839,,2026-07-21,1,0,missing_pit_finance_history_record
finance_history,CN:BJ:920855,,2026-07-21,1,0,missing_pit_finance_history_record
finance_history,CN:BJ:920856,,2026-07-21,1,0,missing_pit_finance_history_record
finance_history,CN:BJ:920857,,2026-07-21,1,0,missing_pit_finance_history_record
finance_history,CN:BJ:920866,,2026-07-21,1,0,missing_pit_finance_history_record
finance_history,CN:BJ:920870,,2026-07-21,1,0,missing_pit_finance_history_record
finance_history,CN:BJ:920871,,2026-07-21,1,0,missing_pit_finance_history_record
finance_history,CN:BJ:920873,,2026-07-21,1,0,missing_pit_finance_history_record
finance_history,CN:BJ:920876,,2026-07-21,1,0,missing_pit_finance_history_record
finance_history,CN:BJ:920879,,2026-07-21,1,0,missing_pit_finance_history_record
finance_history,CN:BJ:920885,,2026-07-21,1,0,missing_pit_finance_history_record
finance_history,CN:BJ:920892,,2026-07-21,1,0,missing_pit_finance_history_record
finance_history,CN:BJ:920895,,2026-07-21,1,0,missing_pit_finance_history_record
finance_history,CN:BJ:920906,,2026-07-21,1,0,missing_pit_finance_history_record
finance_history,CN:BJ:920914,,2026-07-21,1,0,missing_pit_finance_history_record
finance_history,CN:BJ:920924,,2026-07-21,1,0,missing_pit_finance_history_record
finance_history,CN:BJ:920925,,2026-07-21,1,0,missing_pit_finance_history_record
finance_history,CN:BJ:920926,,2026-07-21,1,0,missing_pit_finance_history_record
finance_history,CN:BJ:920931,,2026-07-21,1,0,missing_pit_finance_history_record
finance_history,CN:BJ:920932,,2026-07-21,1,0,missing_pit_finance_history_record
finance_history,CN:BJ:920942,,2026-07-21,1,0,missing_pit_finance_history_record
finance_history,CN:BJ:920943,,2026-07-21,1,0,missing_pit_finance_history_record
finance_history,CN:BJ:920946,,2026-07-21,1,0,missing_pit_finance_history_record
finance_history,CN:BJ:920953,,2026-07-21,1,0,missing_pit_finance_history_record
finance_history,CN:BJ:920961,,2026-07-21,1,0,missing_pit_finance_history_record
finance_history,CN:BJ:920964,,2026-07-21,1,0,missing_pit_finance_history_record
finance_history,CN:BJ:920970,,2026-07-21,1,0,missing_pit_finance_history_record
finance_history,CN:BJ:920971,,2026-07-21,1,0,missing_pit_finance_history_record
finance_history,CN:BJ:920974,,2026-07-21,1,0,missing_pit_finance_history_record
finance_history,CN:BJ:920976,,2026-07-21,1,0,missing_pit_finance_history_record
finance_history,CN:BJ:920978,,2026-07-21,1,0,missing_pit_finance_history_record
finance_history,CN:BJ:920981,,2026-07-21,1,0,missing_pit_finance_history_record
finance_history,CN:BJ:920982,,2026-07-21,1,0,missing_pit_finance_history_record
finance_history,CN:BJ:920985,,2026-07-21,1,0,missing_pit_finance_history_record
finance_history,CN:BJ:920992,,2026-07-21,1,0,missing_pit_finance_history_record
finance_history,CN:SH:600001,,2026-07-21,1,0,missing_pit_finance_history_record
finance_history,CN:SH:600002,,2026-07-21,1,0,missing_pit_finance_history_record
finance_history,CN:SH:600003,,2026-07-21,1,0,missing_pit_finance_history_record
finance_history,CN:SH:600005,,2026-07-21,1,0,missing_pit_finance_history_record
finance_history,CN:SH:600065,,2026-07-21,1,0,missing_pit_finance_history_record
finance_history,CN:SH:600068,,2026-07-21,1,0,missing_pit_finance_history_record
finance_history,CN:SH:600069,,2026-07-21,1,0,missing_pit_finance_history_record
finance_history,CN:SH:600070,,2026-07-21,1,0,missing_pit_finance_history_record
finance_history,CN:SH:600074,,2026-07-21,1,0,missing_pit_finance_history_record
finance_history,CN:SH:600077,,2026-07-21,1,0,missing_pit_finance_history_record
finance_history,CN:SH:600083,,2026-07-21,1,0,missing_pit_finance_history_record
finance_history,CN:SH:600086,,2026-07-21,1,0,missing_pit_finance_history_record
finance_history,CN:SH:600087,,2026-07-21,1,0,missing_pit_finance_history_record
finance_history,CN:SH:600090,,2026-07-21,1,0,missing_pit_finance_history_record
finance_history,CN:SH:600091,,2026-07-21,1,0,missing_pit_finance_history_record
finance_history,CN:SH:600092,,2026-07-21,1,0,missing_pit_finance_history_record
finance_history,CN:SH:600093,,2026-07-21,1,0,missing_pit_finance_history_record
finance_history,CN:SH:600102,,2026-07-21,1,0,missing_pit_finance_history_record
finance_history,CN:SH:600112,,2026-07-21,1,0,missing_pit_finance_history_record
finance_history,CN:SH:600122,,2026-07-21,1,0,missing_pit_finance_history_record
finance_history,CN:SH:600139,,2026-07-21,1,0,missing_pit_finance_history_record
finance_history,CN:SH:600145,,2026-07-21,1,0,missing_pit_finance_history_record
finance_history,CN:SH:600146,,2026-07-21,1,0,missing_pit_finance_history_record
finance_history,CN:SH:600175,,2026-07-21,1,0,missing_pit_finance_history_record
finance_history,CN:SH:600181,,2026-07-21,1,0,missing_pit_finance_history_record
finance_history,CN:SH:600190,,2026-07-21,1,0,missing_pit_finance_history_record
finance_history,CN:SH:600200,,2026-07-21,1,0,missing_pit_finance_history_record
finance_history,CN:SH:600205,,2026-07-21,1,0,missing_pit_finance_history_record
finance_history,CN:SH:600209,,2026-07-21,1,0,missing_pit_finance_history_record
finance_history,CN:SH:600213,,2026-07-21,1,0,missing_pit_finance_history_record
finance_history,CN:SH:600220,,2026-07-21,1,0,missing_pit_finance_history_record
finance_history,CN:SH:600225,,2026-07-21,1,0,missing_pit_finance_history_record
finance_history,CN:SH:600240,,2026-07-21,1,0,missing_pit_finance_history_record
finance_history,CN:SH:600242,,2026-07-21,1,0,missing_pit_finance_history_record
finance_history,CN:SH:600247,,2026-07-21,1,0,missing_pit_finance_history_record
finance_history,CN:SH:600253,,2026-07-21,1,0,missing_pit_finance_history_record
finance_history,CN:SH:600260,,2026-07-21,1,0,missing_pit_finance_history_record
finance_history,CN:SH:600263,,2026-07-21,1,0,missing_pit_finance_history_record
finance_history,CN:SH:600270,,2026-07-21,1,0,missing_pit_finance_history_record
finance_history,CN:SH:600275,,2026-07-21,1,0,missing_pit_finance_history_record
finance_history,CN:SH:600277,,2026-07-21,1,0,missing_pit_finance_history_record
finance_history,CN:SH:600286,,2026-07-21,1,0,missing_pit_finance_history_record
finance_history,CN:SH:600290,,2026-07-21,1,0,missing_pit_finance_history_record
finance_history,CN:SH:600291,,2026-07-21,1,0,missing_pit_finance_history_record
finance_history,CN:SH:600296,,2026-07-21,1,0,missing_pit_finance_history_record
finance_history,CN:SH:600297,,2026-07-21,1,0,missing_pit_finance_history_record
finance_history,CN:SH:600306,,2026-07-21,1,0,missing_pit_finance_history_record
finance_history,CN:SH:600311,,2026-07-21,1,0,missing_pit_finance_history_record
finance_history,CN:SH:600317,,2026-07-21,1,0,missing_pit_finance_history_record
finance_history,CN:SH:600321,,2026-07-21,1,0,missing_pit_finance_history_record
finance_history,CN:SH:600355,,2026-07-21,1,0,missing_pit_finance_history_record
finance_history,CN:SH:600357,,2026-07-21,1,0,missing_pit_finance_history_record
finance_history,CN:SH:600385,,2026-07-21,1,0,missing_pit_finance_history_record
finance_history,CN:SH:600387,,2026-07-21,1,0,missing_pit_finance_history_record
finance_history,CN:SH:600393,,2026-07-21,1,0,missing_pit_finance_history_record
finance_history,CN:SH:600401,,2026-07-21,1,0,missing_pit_finance_history_record
finance_history,CN:SH:600432,,2026-07-21,1,0,missing_pit_finance_history_record
finance_history,CN:SH:600462,,2026-07-21,1,0,missing_pit_finance_history_record
finance_history,CN:SH:600466,,2026-07-21,1,0,missing_pit_finance_history_record
finance_history,CN:SH:600472,,2026-07-21,1,0,missing_pit_finance_history_record
finance_history,CN:SH:600485,,2026-07-21,1,0,missing_pit_finance_history_record
finance_history,CN:SH:600532,,2026-07-21,1,0,missing_pit_finance_history_record
finance_history,CN:SH:600553,,2026-07-21,1,0,missing_pit_finance_history_record
finance_history,CN:SH:600555,,2026-07-21,1,0,missing_pit_finance_history_record
finance_history,CN:SH:600565,,2026-07-21,1,0,missing_pit_finance_history_record
finance_history,CN:SH:600591,,2026-07-21,1,0,missing_pit_finance_history_record
finance_history,CN:SH:600607,,2026-07-21,1,0,missing_pit_finance_history_record
finance_history,CN:SH:600614,,2026-07-21,1,0,missing_pit_finance_history_record
finance_history,CN:SH:600625,,2026-07-21,1,0,missing_pit_finance_history_record
finance_history,CN:SH:600627,,2026-07-21,1,0,missing_pit_finance_history_record
finance_history,CN:SH:600631,,2026-07-21,1,0,missing_pit_finance_history_record
finance_history,CN:SH:600632,,2026-07-21,1,0,missing_pit_finance_history_record
finance_history,CN:SH:600634,,2026-07-21,1,0,missing_pit_finance_history_record
finance_history,CN:SH:600646,,2026-07-21,1,0,missing_pit_finance_history_record
finance_history,CN:SH:600647,,2026-07-21,1,0,missing_pit_finance_history_record
finance_history,CN:SH:600652,,2026-07-21,1,0,missing_pit_finance_history_record
finance_history,CN:SH:600656,,2026-07-21,1,0,missing_pit_finance_history_record
finance_history,CN:SH:600659,,2026-07-21,1,0,missing_pit_finance_history_record
finance_history,CN:SH:600669,,2026-07-21,1,0,missing_pit_finance_history_record
finance_history,CN:SH:600670,,2026-07-21,1,0,missing_pit_finance_history_record
finance_history,CN:SH:600672,,2026-07-21,1,0,missing_pit_finance_history_record
finance_history,CN:SH:600677,,2026-07-21,1,0,missing_pit_finance_history_record
finance_history,CN:SH:600680,,2026-07-21,1,0,missing_pit_finance_history_record
finance_history,CN:SH:600687,,2026-07-21,1,0,missing_pit_finance_history_record
finance_history,CN:SH:600695,,2026-07-21,1,0,missing_pit_finance_history_record
finance_history,CN:SH:600700,,2026-07-21,1,0,missing_pit_finance_history_record
finance_history,CN:SH:600701,,2026-07-21,1,0,missing_pit_finance_history_record
finance_history,CN:SH:600705,,2026-07-21,1,0,missing_pit_finance_history_record
finance_history,CN:SH:600709,,2026-07-21,1,0,missing_pit_finance_history_record
finance_history,CN:SH:600723,,2026-07-21,1,0,missing_pit_finance_history_record
finance_history,CN:SH:600747,,2026-07-21,1,0,missing_pit_finance_history_record
finance_history,CN:SH:600752,,2026-07-21,1,0,missing_pit_finance_history_record
finance_history,CN:SH:600762,,2026-07-21,1,0,missing_pit_finance_history_record
finance_history,CN:SH:600766,,2026-07-21,1,0,missing_pit_finance_history_record
finance_history,CN:SH:600767,,2026-07-21,1,0,missing_pit_finance_history_record
finance_history,CN:SH:600772,,2026-07-21,1,0,missing_pit_finance_history_record
finance_history,CN:SH:600781,,2026-07-21,1,0,missing_pit_finance_history_record
finance_history,CN:SH:600786,,2026-07-21,1,0,missing_pit_finance_history_record
finance_history,CN:SH:600788,,2026-07-21,1,0,missing_pit_finance_history_record
finance_history,CN:SH:600799,,2026-07-21,1,0,missing_pit_finance_history_record
finance_history,CN:SH:600804,,2026-07-21,1,0,missing_pit_finance_history_record
finance_history,CN:SH:600806,,2026-07-21,1,0,missing_pit_finance_history_record
finance_history,CN:SH:600811,,2026-07-21,1,0,missing_pit_finance_history_record
finance_history,CN:SH:600813,,2026-07-21,1,0,missing_pit_finance_history_record
finance_history,CN:SH:600823,,2026-07-21,1,0,missing_pit_finance_history_record
finance_history,CN:SH:600832,,2026-07-21,1,0,missing_pit_finance_history_record
finance_history,CN:SH:600836,,2026-07-21,1,0,missing_pit_finance_history_record
finance_history,CN:SH:600837,,2026-07-21,1,0,missing_pit_finance_history_record
finance_history,CN:SH:600840,,2026-07-21,1,0,missing_pit_finance_history_record
finance_history,CN:SH:600842,,2026-07-21,1,0,missing_pit_finance_history_record
finance_history,CN:SH:600849,,2026-07-21,1,0,missing_pit_finance_history_record
finance_history,CN:SH:600852,,2026-07-21,1,0,missing_pit_finance_history_record
finance_history,CN:SH:600856,,2026-07-21,1,0,missing_pit_finance_history_record
finance_history,CN:SH:600870,,2026-07-21,1,0,missing_pit_finance_history_record
finance_history,CN:SH:600878,,2026-07-21,1,0,missing_pit_finance_history_record
finance_history,CN:SH:600890,,2026-07-21,1,0,missing_pit_finance_history_record
finance_history,CN:SH:600891,,2026-07-21,1,0,missing_pit_finance_history_record
finance_history,CN:SH:600896,,2026-07-21,1,0,missing_pit_finance_history_record
finance_history,CN:SH:600898,,2026-07-21,1,0,missing_pit_finance_history_record
finance_history,CN:SH:600899,,2026-07-21,1,0,missing_pit_finance_history_record
finance_history,CN:SH:600978,,2026-07-21,1,0,missing_pit_finance_history_record
finance_history,CN:SH:600991,,2026-07-21,1,0,missing_pit_finance_history_record
finance_history,CN:SH:601028,,2026-07-21,1,0,missing_pit_finance_history_record
finance_history,CN:SH:601258,,2026-07-21,1,0,missing_pit_finance_history_record
finance_history,CN:SH:601268,,2026-07-21,1,0,missing_pit_finance_history_record
finance_history,CN:SH:601299,,2026-07-21,1,0,missing_pit_finance_history_record
finance_history,CN:SH:601558,,2026-07-21,1,0,missing_pit_finance_history_record
finance_history,CN:SH:601989,,2026-07-21,1,0,missing_pit_finance_history_record
finance_history,CN:SH:603003,,2026-07-21,1,0,missing_pit_finance_history_record
finance_history,CN:SH:603056,,2026-07-21,1,0,missing_pit_finance_history_record
finance_history,CN:SH:603133,,2026-07-21,1,0,missing_pit_finance_history_record
finance_history,CN:SH:603157,,2026-07-21,1,0,missing_pit_finance_history_record
finance_history,CN:SH:603388,,2026-07-21,1,0,missing_pit_finance_history_record
finance_history,CN:SH:603555,,2026-07-21,1,0,missing_pit_finance_history_record
finance_history,CN:SH:603603,,2026-07-21,1,0,missing_pit_finance_history_record
finance_history,CN:SH:603963,,2026-07-21,1,0,missing_pit_finance_history_record
finance_history,CN:SH:603996,,2026-07-21,1,0,missing_pit_finance_history_record
finance_history,CN:SH:688086,,2026-07-21,1,0,missing_pit_finance_history_record
finance_history,CN:SH:688555,,2026-07-21,1,0,missing_pit_finance_history_record
finance_history,CN:SH:688797,,2026-07-21,1,0,missing_pit_finance_history_record
finance_history,CN:SZ:000003,,2026-07-21,1,0,missing_pit_finance_history_record
finance_history,CN:SZ:000005,,2026-07-21,1,0,missing_pit_finance_history_record
finance_history,CN:SZ:000013,,2026-07-21,1,0,missing_pit_finance_history_record
finance_history,CN:SZ:000015,,2026-07-21,1,0,missing_pit_finance_history_record
finance_history,CN:SZ:000018,,2026-07-21,1,0,missing_pit_finance_history_record
finance_history,CN:SZ:000022,,2026-07-21,1,0,missing_pit_finance_history_record
finance_history,CN:SZ:000023,,2026-07-21,1,0,missing_pit_finance_history_record
finance_history,CN:SZ:000024,,2026-07-21,1,0,missing_pit_finance_history_record
finance_history,CN:SZ:000033,,2026-07-21,1,0,missing_pit_finance_history_record
finance_history,CN:SZ:000038,,2026-07-21,1,0,missing_pit_finance_history_record
finance_history,CN:SZ:000040,,2026-07-21,1,0,missing_pit_finance_history_record
finance_history,CN:SZ:000043,,2026-07-21,1,0,missing_pit_finance_history_record
finance_history,CN:SZ:000046,,2026-07-21,1,0,missing_pit_finance_history_record
finance_history,CN:SZ:000047,,2026-07-21,1,0,missing_pit_finance_history_record
finance_history,CN:SZ:000150,,2026-07-21,1,0,missing_pit_finance_history_record
finance_history,CN:SZ:000405,,2026-07-21,1,0,missing_pit_finance_history_record
finance_history,CN:SZ:000406,,2026-07-21,1,0,missing_pit_finance_history_record
finance_history,CN:SZ:000412,,2026-07-21,1,0,missing_pit_finance_history_record
finance_history,CN:SZ:000413,,2026-07-21,1,0,missing_pit_finance_history_record
finance_history,CN:SZ:000416,,2026-07-21,1,0,missing_pit_finance_history_record
finance_history,CN:SZ:000418,,2026-07-21,1,0,missing_pit_finance_history_record
finance_history,CN:SZ:000502,,2026-07-21,1,0,missing_pit_finance_history_record
finance_history,CN:SZ:000508,,2026-07-21,1,0,missing_pit_finance_history_record
finance_history,CN:SZ:000511,,2026-07-21,1,0,missing_pit_finance_history_record
finance_history,CN:SZ:000515,,2026-07-21,1,0,missing_pit_finance_history_record
finance_history,CN:SZ:000522,,2026-07-21,1,0,missing_pit_finance_history_record
finance_history,CN:SZ:000527,,2026-07-21,1,0,missing_pit_finance_history_record
finance_history,CN:SZ:000535,,2026-07-21,1,0,missing_pit_finance_history_record
finance_history,CN:SZ:000540,,2026-07-21,1,0,missing_pit_finance_history_record
finance_history,CN:SZ:000542,,2026-07-21,1,0,missing_pit_finance_history_record
finance_history,CN:SZ:000549,,2026-07-21,1,0,missing_pit_finance_history_record
finance_history,CN:SZ:000556,,2026-07-21,1,0,missing_pit_finance_history_record
finance_history,CN:SZ:000562,,2026-07-21,1,0,missing_pit_finance_history_record
finance_history,CN:SZ:000569,,2026-07-21,1,0,missing_pit_finance_history_record
finance_history,CN:SZ:000578,,2026-07-21,1,0,missing_pit_finance_history_record
finance_history,CN:SZ:000583,,2026-07-21,1,0,missing_pit_finance_history_record
finance_history,CN:SZ:000584,,2026-07-21,1,0,missing_pit_finance_history_record
finance_history,CN:SZ:000585,,2026-07-21,1,0,missing_pit_finance_history_record
finance_history,CN:SZ:000587,,2026-07-21,1,0,missing_pit_finance_history_record
finance_history,CN:SZ:000588,,2026-07-21,1,0,missing_pit_finance_history_record
finance_history,CN:SZ:000594,,2026-07-21,1,0,missing_pit_finance_history_record
finance_history,CN:SZ:000602,,2026-07-21,1,0,missing_pit_finance_history_record
finance_history,CN:SZ:000606,,2026-07-21,1,0,missing_pit_finance_history_record
finance_history,CN:SZ:000611,,2026-07-21,1,0,missing_pit_finance_history_record
finance_history,CN:SZ:000613,,2026-07-21,1,0,missing_pit_finance_history_record
finance_history,CN:SZ:000616,,2026-07-21,1,0,missing_pit_finance_history_record
finance_history,CN:SZ:000618,,2026-07-21,1,0,missing_pit_finance_history_record
finance_history,CN:SZ:000621,,2026-07-21,1,0,missing_pit_finance_history_record
finance_history,CN:SZ:000622,,2026-07-21,1,0,missing_pit_finance_history_record
finance_history,CN:SZ:000627,,2026-07-21,1,0,missing_pit_finance_history_record
finance_history,CN:SZ:000653,,2026-07-21,1,0,missing_pit_finance_history_record
finance_history,CN:SZ:000658,,2026-07-21,1,0,missing_pit_finance_history_record
finance_history,CN:SZ:000660,,2026-07-21,1,0,missing_pit_finance_history_record
finance_history,CN:SZ:000662,,2026-07-21,1,0,missing_pit_finance_history_record
finance_history,CN:SZ:000666,,2026-07-21,1,0,missing_pit_finance_history_record
finance_history,CN:SZ:000667,,2026-07-21,1,0,missing_pit_finance_history_record
finance_history,CN:SZ:000671,,2026-07-21,1,0,missing_pit_finance_history_record
finance_history,CN:SZ:000673,,2026-07-21,1,0,missing_pit_finance_history_record
finance_history,CN:SZ:000675,,2026-07-21,1,0,missing_pit_finance_history_record
finance_history,CN:SZ:000687,,2026-07-21,1,0,missing_pit_finance_history_record
finance_history,CN:SZ:000689,,2026-07-21,1,0,missing_pit_finance_history_record
finance_history,CN:SZ:000693,,2026-07-21,1,0,missing_pit_finance_history_record
finance_history,CN:SZ:000699,,2026-07-21,1,0,missing_pit_finance_history_record
finance_history,CN:SZ:000730,,2026-07-21,1,0,missing_pit_finance_history_record
finance_history,CN:SZ:000732,,2026-07-21,1,0,missing_pit_finance_history_record
finance_history,CN:SZ:000748,,2026-07-21,1,0,missing_pit_finance_history_record
finance_history,CN:SZ:000760,,2026-07-21,1,0,missing_pit_finance_history_record
finance_history,CN:SZ:000763,,2026-07-21,1,0,missing_pit_finance_history_record
finance_history,CN:SZ:000765,,2026-07-21,1,0,missing_pit_finance_history_record
finance_history,CN:SZ:000769,,2026-07-21,1,0,missing_pit_finance_history_record
finance_history,CN:SZ:000780,,2026-07-21,1,0,missing_pit_finance_history_record
finance_history,CN:SZ:000787,,2026-07-21,1,0,missing_pit_finance_history_record
finance_history,CN:SZ:000805,,2026-07-21,1,0,missing_pit_finance_history_record
finance_history,CN:SZ:000806,,2026-07-21,1,0,missing_pit_finance_history_record
finance_history,CN:SZ:000817,,2026-07-21,1,0,missing_pit_finance_history_record
finance_history,CN:SZ:000827,,2026-07-21,1,0,missing_pit_finance_history_record
finance_history,CN:SZ:000832,,2026-07-21,1,0,missing_pit_finance_history_record
finance_history,CN:SZ:000835,,2026-07-21,1,0,missing_pit_finance_history_record
finance_history,CN:SZ:000836,,2026-07-21,1,0,missing_pit_finance_history_record
finance_history,CN:SZ:000851,,2026-07-21,1,0,missing_pit_finance_history_record
finance_history,CN:SZ:000861,,2026-07-21,1,0,missing_pit_finance_history_record
finance_history,CN:SZ:000866,,2026-07-21,1,0,missing_pit_finance_history_record
finance_history,CN:SZ:000916,,2026-07-21,1,0,missing_pit_finance_history_record
finance_history,CN:SZ:000918,,2026-07-21,1,0,missing_pit_finance_history_record
finance_history,CN:SZ:000939,,2026-07-21,1,0,missing_pit_finance_history_record
finance_history,CN:SZ:000956,,2026-07-21,1,0,missing_pit_finance_history_record
finance_history,CN:SZ:000961,,2026-07-21,1,0,missing_pit_finance_history_record
finance_history,CN:SZ:000971,,2026-07-21,1,0,missing_pit_finance_history_record
finance_history,CN:SZ:000976,,2026-07-21,1,0,missing_pit_finance_history_record
finance_history,CN:SZ:000979,,2026-07-21,1,0,missing_pit_finance_history_record
finance_history,CN:SZ:000982,,2026-07-21,1,0,missing_pit_finance_history_record
finance_history,CN:SZ:000996,,2026-07-21,1,0,missing_pit_finance_history_record
finance_history,CN:SZ:001248,,2026-07-21,1,0,missing_pit_finance_history_record
finance_history,CN:SZ:001399,,2026-07-21,1,0,missing_pit_finance_history_record
finance_history,CN:SZ:002002,,2026-07-21,1,0,missing_pit_finance_history_record
finance_history,CN:SZ:002013,,2026-07-21,1,0,missing_pit_finance_history_record
finance_history,CN:SZ:002018,,2026-07-21,1,0,missing_pit_finance_history_record
finance_history,CN:SZ:002070,,2026-07-21,1,0,missing_pit_finance_history_record
finance_history,CN:SZ:002071,,2026-07-21,1,0,missing_pit_finance_history_record
finance_history,CN:SZ:002087,,2026-07-21,1,0,missing_pit_finance_history_record
finance_history,CN:SZ:002089,,2026-07-21,1,0,missing_pit_finance_history_record
finance_history,CN:SZ:002113,,2026-07-21,1,0,missing_pit_finance_history_record
finance_history,CN:SZ:002118,,2026-07-21,1,0,missing_pit_finance_history_record
finance_history,CN:SZ:002143,,2026-07-21,1,0,missing_pit_finance_history_record
finance_history,CN:SZ:002147,,2026-07-21,1,0,missing_pit_finance_history_record
finance_history,CN:SZ:002220,,2026-07-21,1,0,missing_pit_finance_history_record
finance_history,CN:SZ:002231,,2026-07-21,1,0,missing_pit_finance_history_record
finance_history,CN:SZ:002260,,2026-07-21,1,0,missing_pit_finance_history_record
finance_history,CN:SZ:002280,,2026-07-21,1,0,missing_pit_finance_history_record
finance_history,CN:SZ:002288,,2026-07-21,1,0,missing_pit_finance_history_record
finance_history,CN:SZ:002308,,2026-07-21,1,0,missing_pit_finance_history_record
finance_history,CN:SZ:002325,,2026-07-21,1,0,missing_pit_finance_history_record
finance_history,CN:SZ:002336,,2026-07-21,1,0,missing_pit_finance_history_record
finance_history,CN:SZ:002341,,2026-07-21,1,0,missing_pit_finance_history_record
finance_history,CN:SZ:002359,,2026-07-21,1,0,missing_pit_finance_history_record
finance_history,CN:SZ:002411,,2026-07-21,1,0,missing_pit_finance_history_record
finance_history,CN:SZ:002417,,2026-07-21,1,0,missing_pit_finance_history_record
finance_history,CN:SZ:002433,,2026-07-21,1,0,missing_pit_finance_history_record
finance_history,CN:SZ:002435,,2026-07-21,1,0,missing_pit_finance_history_record
finance_history,CN:SZ:002447,,2026-07-21,1,0,missing_pit_finance_history_record
finance_history,CN:SZ:002450,,2026-07-21,1,0,missing_pit_finance_history_record
finance_history,CN:SZ:002464,,2026-07-21,1,0,missing_pit_finance_history_record
finance_history,CN:SZ:002473,,2026-07-21,1,0,missing_pit_finance_history_record
finance_history,CN:SZ:002477,,2026-07-21,1,0,missing_pit_finance_history_record
finance_history,CN:SZ:002499,,2026-07-21,1,0,missing_pit_finance_history_record
finance_history,CN:SZ:002502,,2026-07-21,1,0,missing_pit_finance_history_record
finance_history,CN:SZ:002503,,2026-07-21,1,0,missing_pit_finance_history_record
finance_history,CN:SZ:002504,,2026-07-21,1,0,missing_pit_finance_history_record
finance_history,CN:SZ:002505,,2026-07-21,1,0,missing_pit_finance_history_record
finance_history,CN:SZ:002509,,2026-07-21,1,0,missing_pit_finance_history_record
finance_history,CN:SZ:002604,,2026-07-21,1,0,missing_pit_finance_history_record
finance_history,CN:SZ:002610,,2026-07-21,1,0,missing_pit_finance_history_record
finance_history,CN:SZ:002618,,2026-07-21,1,0,missing_pit_finance_history_record
finance_history,CN:SZ:002619,,2026-07-21,1,0,missing_pit_finance_history_record
finance_history,CN:SZ:002621,,2026-07-21,1,0,missing_pit_finance_history_record
finance_history,CN:SZ:002665,,2026-07-21,1,0,missing_pit_finance_history_record
finance_history,CN:SZ:002680,,2026-07-21,1,0,missing_pit_finance_history_record
finance_history,CN:SZ:002684,,2026-07-21,1,0,missing_pit_finance_history_record
finance_history,CN:SZ:002699,,2026-07-21,1,0,missing_pit_finance_history_record
finance_history,CN:SZ:002711,,2026-07-21,1,0,missing_pit_finance_history_record
finance_history,CN:SZ:002740,,2026-07-21,1,0,missing_pit_finance_history_record
finance_history,CN:SZ:002750,,2026-07-21,1,0,missing_pit_finance_history_record
finance_history,CN:SZ:002751,,2026-07-21,1,0,missing_pit_finance_history_record
finance_history,CN:SZ:002770,,2026-07-21,1,0,missing_pit_finance_history_record
finance_history,CN:SZ:002776,,2026-07-21,1,0,missing_pit_finance_history_record
finance_history,CN:SZ:002781,,2026-07-21,1,0,missing_pit_finance_history_record
finance_history,CN:SZ:300023,,2026-07-21,1,0,missing_pit_finance_history_record
finance_history,CN:SZ:300028,,2026-07-21,1,0,missing_pit_finance_history_record
finance_history,CN:SZ:300038,,2026-07-21,1,0,missing_pit_finance_history_record
finance_history,CN:SZ:300064,,2026-07-21,1,0,missing_pit_finance_history_record
finance_history,CN:SZ:300089,,2026-07-21,1,0,missing_pit_finance_history_record
finance_history,CN:SZ:300090,,2026-07-21,1,0,missing_pit_finance_history_record
finance_history,CN:SZ:300104,,2026-07-21,1,0,missing_pit_finance_history_record
finance_history,CN:SZ:300108,,2026-07-21,1,0,missing_pit_finance_history_record
finance_history,CN:SZ:300114,,2026-07-21,1,0,missing_pit_finance_history_record
finance_history,CN:SZ:300116,,2026-07-21,1,0,missing_pit_finance_history_record
finance_history,CN:SZ:300117,,2026-07-21,1,0,missing_pit_finance_history_record
finance_history,CN:SZ:300156,,2026-07-21,1,0,missing_pit_finance_history_record
finance_history,CN:SZ:300178,,2026-07-21,1,0,missing_pit_finance_history_record
finance_history,CN:SZ:300186,,2026-07-21,1,0,missing_pit_finance_history_record
finance_history,CN:SZ:300202,,2026-07-21,1,0,missing_pit_finance_history_record
finance_history,CN:SZ:300208,,2026-07-21,1,0,missing_pit_finance_history_record
finance_history,CN:SZ:300216,,2026-07-21,1,0,missing_pit_finance_history_record
finance_history,CN:SZ:300262,,2026-07-21,1,0,missing_pit_finance_history_record
finance_history,CN:SZ:300273,,2026-07-21,1,0,missing_pit_finance_history_record
finance_history,CN:SZ:300280,,2026-07-21,1,0,missing_pit_finance_history_record
finance_history,CN:SZ:300282,,2026-07-21,1,0,missing_pit_finance_history_record
finance_history,CN:SZ:300297,,2026-07-21,1,0,missing_pit_finance_history_record
finance_history,CN:SZ:300309,,2026-07-21,1,0,missing_pit_finance_history_record
finance_history,CN:SZ:300312,,2026-07-21,1,0,missing_pit_finance_history_record
finance_history,CN:SZ:300325,,2026-07-21,1,0,missing_pit_finance_history_record
finance_history,CN:SZ:300330,,2026-07-21,1,0,missing_pit_finance_history_record
finance_history,CN:SZ:300336,,2026-07-21,1,0,missing_pit_finance_history_record
finance_history,CN:SZ:300344,,2026-07-21,1,0,missing_pit_finance_history_record
finance_history,CN:SZ:300356,,2026-07-21,1,0,missing_pit_finance_history_record
finance_history,CN:SZ:300362,,2026-07-21,1,0,missing_pit_finance_history_record
finance_history,CN:SZ:300367,,2026-07-21,1,0,missing_pit_finance_history_record
finance_history,CN:SZ:300372,,2026-07-21,1,0,missing_pit_finance_history_record
finance_history,CN:SZ:300379,,2026-07-21,1,0,missing_pit_finance_history_record
finance_history,CN:SZ:300391,,2026-07-21,1,0,missing_pit_finance_history_record
finance_history,CN:SZ:300392,,2026-07-21,1,0,missing_pit_finance_history_record
finance_history,CN:SZ:300431,,2026-07-21,1,0,missing_pit_finance_history_record
finance_history,CN:SZ:300495,,2026-07-21,1,0,missing_pit_finance_history_record
finance_history,CN:SZ:300526,,2026-07-21,1,0,missing_pit_finance_history_record
finance_history,CN:SZ:300630,,2026-07-21,1,0,missing_pit_finance_history_record
finance_history,CN:SZ:300742,,2026-07-21,1,0,missing_pit_finance_history_record
finance_history,CN:SZ:300799,,2026-07-21,1,0,missing_pit_finance_history_record
market.concept_daily_bar,em:BK0425,2026-07-21,2026-07-21,1,0,missing_cutoff_sector_bar
market.concept_daily_bar,em:BK0429,2026-07-21,2026-07-21,1,0,missing_cutoff_sector_bar
market.concept_daily_bar,em:BK0447,2026-07-21,2026-07-21,1,0,missing_cutoff_sector_bar
market.concept_daily_bar,em:BK0470,2026-07-21,2026-07-21,1,0,missing_cutoff_sector_bar
market.concept_daily_bar,em:BK0477,2026-07-21,2026-07-21,1,0,missing_cutoff_sector_bar
market.concept_daily_bar,em:BK0480,2026-07-21,2026-07-21,1,0,missing_cutoff_sector_bar
market.concept_daily_bar,em:BK0485,2026-07-21,2026-07-21,1,0,missing_cutoff_sector_bar
market.concept_daily_bar,em:BK0490,2026-07-21,2026-07-21,1,0,missing_cutoff_sector_bar
market.concept_daily_bar,em:BK0493,2026-07-21,2026-07-21,1,0,missing_cutoff_sector_bar
market.concept_daily_bar,em:BK0494,2026-07-21,2026-07-21,1,0,missing_cutoff_sector_bar
market.concept_daily_bar,em:BK0498,2026-07-21,2026-07-21,1,0,missing_cutoff_sector_bar
market.concept_daily_bar,em:BK0501,2026-07-21,2026-07-21,1,0,missing_cutoff_sector_bar
market.concept_daily_bar,em:BK0505,2026-07-21,2026-07-21,1,0,missing_cutoff_sector_bar
market.concept_daily_bar,em:BK0506,2026-07-21,2026-07-21,1,0,missing_cutoff_sector_bar
market.concept_daily_bar,em:BK0509,2026-07-21,2026-07-21,1,0,missing_cutoff_sector_bar
market.concept_daily_bar,em:BK0511,2026-07-21,2026-07-21,1,0,missing_cutoff_sector_bar
market.concept_daily_bar,em:BK0512,2026-07-21,2026-07-21,1,0,missing_cutoff_sector_bar
market.concept_daily_bar,em:BK0519,2026-07-21,2026-07-21,1,0,missing_cutoff_sector_bar
market.concept_daily_bar,em:BK0520,2026-07-21,2026-07-21,1,0,missing_cutoff_sector_bar
market.concept_daily_bar,em:BK0523,2026-07-21,2026-07-21,1,0,missing_cutoff_sector_bar
market.concept_daily_bar,em:BK0524,2026-07-21,2026-07-21,1,0,missing_cutoff_sector_bar
market.concept_daily_bar,em:BK0525,2026-07-21,2026-07-21,1,0,missing_cutoff_sector_bar
market.concept_daily_bar,em:BK0534,2026-07-21,2026-07-21,1,0,missing_cutoff_sector_bar
market.concept_daily_bar,em:BK0535,2026-07-21,2026-07-21,1,0,missing_cutoff_sector_bar
market.concept_daily_bar,em:BK0536,2026-07-21,2026-07-21,1,0,missing_cutoff_sector_bar
market.concept_daily_bar,em:BK0547,2026-07-21,2026-07-21,1,0,missing_cutoff_sector_bar
market.concept_daily_bar,em:BK0548,2026-07-21,2026-07-21,1,0,missing_cutoff_sector_bar
market.concept_daily_bar,em:BK0552,2026-07-21,2026-07-21,1,0,missing_cutoff_sector_bar
market.concept_daily_bar,em:BK0554,2026-07-21,2026-07-21,1,0,missing_cutoff_sector_bar
market.concept_daily_bar,em:BK0556,2026-07-21,2026-07-21,1,0,missing_cutoff_sector_bar
market.concept_daily_bar,em:BK0566,2026-07-21,2026-07-21,1,0,missing_cutoff_sector_bar
market.concept_daily_bar,em:BK0568,2026-07-21,2026-07-21,1,0,missing_cutoff_sector_bar
market.concept_daily_bar,em:BK0574,2026-07-21,2026-07-21,1,0,missing_cutoff_sector_bar
market.concept_daily_bar,em:BK0578,2026-07-21,2026-07-21,1,0,missing_cutoff_sector_bar
market.concept_daily_bar,em:BK0579,2026-07-21,2026-07-21,1,0,missing_cutoff_sector_bar
market.concept_daily_bar,em:BK0580,2026-07-21,2026-07-21,1,0,missing_cutoff_sector_bar
market.concept_daily_bar,em:BK0581,2026-07-21,2026-07-21,1,0,missing_cutoff_sector_bar
market.concept_daily_bar,em:BK0588,2026-07-21,2026-07-21,1,0,missing_cutoff_sector_bar
market.concept_daily_bar,em:BK0592,2026-07-21,2026-07-21,1,0,missing_cutoff_sector_bar
market.concept_daily_bar,em:BK0594,2026-07-21,2026-07-21,1,0,missing_cutoff_sector_bar
market.concept_daily_bar,em:BK0595,2026-07-21,2026-07-21,1,0,missing_cutoff_sector_bar
market.concept_daily_bar,em:BK0597,2026-07-21,2026-07-21,1,0,missing_cutoff_sector_bar
market.concept_daily_bar,em:BK0600,2026-07-21,2026-07-21,1,0,missing_cutoff_sector_bar
market.concept_daily_bar,em:BK0601,2026-07-21,2026-07-21,1,0,missing_cutoff_sector_bar
market.concept_daily_bar,em:BK0603,2026-07-21,2026-07-21,1,0,missing_cutoff_sector_bar
market.concept_daily_bar,em:BK0604,2026-07-21,2026-07-21,1,0,missing_cutoff_sector_bar
market.concept_daily_bar,em:BK0606,2026-07-21,2026-07-21,1,0,missing_cutoff_sector_bar
market.concept_daily_bar,em:BK0610,2026-07-21,2026-07-21,1,0,missing_cutoff_sector_bar
market.concept_daily_bar,em:BK0611,2026-07-21,2026-07-21,1,0,missing_cutoff_sector_bar
market.concept_daily_bar,em:BK0612,2026-07-21,2026-07-21,1,0,missing_cutoff_sector_bar
market.concept_daily_bar,em:BK0614,2026-07-21,2026-07-21,1,0,missing_cutoff_sector_bar
market.concept_daily_bar,em:BK0615,2026-07-21,2026-07-21,1,0,missing_cutoff_sector_bar
market.concept_daily_bar,em:BK0617,2026-07-21,2026-07-21,1,0,missing_cutoff_sector_bar
market.concept_daily_bar,em:BK0619,2026-07-21,2026-07-21,1,0,missing_cutoff_sector_bar
market.concept_daily_bar,em:BK0622,2026-07-21,2026-07-21,1,0,missing_cutoff_sector_bar
market.concept_daily_bar,em:BK0623,2026-07-21,2026-07-21,1,0,missing_cutoff_sector_bar
market.concept_daily_bar,em:BK0625,2026-07-21,2026-07-21,1,0,missing_cutoff_sector_bar
market.concept_daily_bar,em:BK0628,2026-07-21,2026-07-21,1,0,missing_cutoff_sector_bar
market.concept_daily_bar,em:BK0629,2026-07-21,2026-07-21,1,0,missing_cutoff_sector_bar
market.concept_daily_bar,em:BK0632,2026-07-21,2026-07-21,1,0,missing_cutoff_sector_bar
market.concept_daily_bar,em:BK0636,2026-07-21,2026-07-21,1,0,missing_cutoff_sector_bar
market.concept_daily_bar,em:BK0637,2026-07-21,2026-07-21,1,0,missing_cutoff_sector_bar
market.concept_daily_bar,em:BK0638,2026-07-21,2026-07-21,1,0,missing_cutoff_sector_bar
market.concept_daily_bar,em:BK0641,2026-07-21,2026-07-21,1,0,missing_cutoff_sector_bar
market.concept_daily_bar,em:BK0643,2026-07-21,2026-07-21,1,0,missing_cutoff_sector_bar
market.concept_daily_bar,em:BK0644,2026-07-21,2026-07-21,1,0,missing_cutoff_sector_bar
market.concept_daily_bar,em:BK0653,2026-07-21,2026-07-21,1,0,missing_cutoff_sector_bar
market.concept_daily_bar,em:BK0655,2026-07-21,2026-07-21,1,0,missing_cutoff_sector_bar
market.concept_daily_bar,em:BK0656,2026-07-21,2026-07-21,1,0,missing_cutoff_sector_bar
market.concept_daily_bar,em:BK0664,2026-07-21,2026-07-21,1,0,missing_cutoff_sector_bar
market.concept_daily_bar,em:BK0665,2026-07-21,2026-07-21,1,0,missing_cutoff_sector_bar
market.concept_daily_bar,em:BK0666,2026-07-21,2026-07-21,1,0,missing_cutoff_sector_bar
market.concept_daily_bar,em:BK0667,2026-07-21,2026-07-21,1,0,missing_cutoff_sector_bar
market.concept_daily_bar,em:BK0671,2026-07-21,2026-07-21,1,0,missing_cutoff_sector_bar
market.concept_daily_bar,em:BK0672,2026-07-21,2026-07-21,1,0,missing_cutoff_sector_bar
market.concept_daily_bar,em:BK0674,2026-07-21,2026-07-21,1,0,missing_cutoff_sector_bar
market.concept_daily_bar,em:BK0675,2026-07-21,2026-07-21,1,0,missing_cutoff_sector_bar
market.concept_daily_bar,em:BK0676,2026-07-21,2026-07-21,1,0,missing_cutoff_sector_bar
market.concept_daily_bar,em:BK0677,2026-07-21,2026-07-21,1,0,missing_cutoff_sector_bar
market.concept_daily_bar,em:BK0679,2026-07-21,2026-07-21,1,0,missing_cutoff_sector_bar
market.concept_daily_bar,em:BK0680,2026-07-21,2026-07-21,1,0,missing_cutoff_sector_bar
market.concept_daily_bar,em:BK0682,2026-07-21,2026-07-21,1,0,missing_cutoff_sector_bar
market.concept_daily_bar,em:BK0684,2026-07-21,2026-07-21,1,0,missing_cutoff_sector_bar
market.concept_daily_bar,em:BK0685,2026-07-21,2026-07-21,1,0,missing_cutoff_sector_bar
market.concept_daily_bar,em:BK0689,2026-07-21,2026-07-21,1,0,missing_cutoff_sector_bar
market.concept_daily_bar,em:BK0690,2026-07-21,2026-07-21,1,0,missing_cutoff_sector_bar
market.concept_daily_bar,em:BK0692,2026-07-21,2026-07-21,1,0,missing_cutoff_sector_bar
market.concept_daily_bar,em:BK0693,2026-07-21,2026-07-21,1,0,missing_cutoff_sector_bar
market.concept_daily_bar,em:BK0695,2026-07-21,2026-07-21,1,0,missing_cutoff_sector_bar
market.concept_daily_bar,em:BK0696,2026-07-21,2026-07-21,1,0,missing_cutoff_sector_bar
market.concept_daily_bar,em:BK0697,2026-07-21,2026-07-21,1,0,missing_cutoff_sector_bar
market.concept_daily_bar,em:BK0698,2026-07-21,2026-07-21,1,0,missing_cutoff_sector_bar
market.concept_daily_bar,em:BK0699,2026-07-21,2026-07-21,1,0,missing_cutoff_sector_bar
market.concept_daily_bar,em:BK0700,2026-07-21,2026-07-21,1,0,missing_cutoff_sector_bar
market.concept_daily_bar,em:BK0703,2026-07-21,2026-07-21,1,0,missing_cutoff_sector_bar
market.concept_daily_bar,em:BK0704,2026-07-21,2026-07-21,1,0,missing_cutoff_sector_bar
market.concept_daily_bar,em:BK0705,2026-07-21,2026-07-21,1,0,missing_cutoff_sector_bar
market.concept_daily_bar,em:BK0706,2026-07-21,2026-07-21,1,0,missing_cutoff_sector_bar
market.concept_daily_bar,em:BK0708,2026-07-21,2026-07-21,1,0,missing_cutoff_sector_bar
market.concept_daily_bar,em:BK0710,2026-07-21,2026-07-21,1,0,missing_cutoff_sector_bar
market.concept_daily_bar,em:BK0711,2026-07-21,2026-07-21,1,0,missing_cutoff_sector_bar
market.concept_daily_bar,em:BK0714,2026-07-21,2026-07-21,1,0,missing_cutoff_sector_bar
market.concept_daily_bar,em:BK0715,2026-07-21,2026-07-21,1,0,missing_cutoff_sector_bar
market.concept_daily_bar,em:BK0721,2026-07-21,2026-07-21,1,0,missing_cutoff_sector_bar
market.concept_daily_bar,em:BK0722,2026-07-21,2026-07-21,1,0,missing_cutoff_sector_bar
market.concept_daily_bar,em:BK0724,2026-07-21,2026-07-21,1,0,missing_cutoff_sector_bar
market.concept_daily_bar,em:BK0729,2026-07-21,2026-07-21,1,0,missing_cutoff_sector_bar
market.concept_daily_bar,em:BK0730,2026-07-21,2026-07-21,1,0,missing_cutoff_sector_bar
market.concept_daily_bar,em:BK0733,2026-07-21,2026-07-21,1,0,missing_cutoff_sector_bar
market.concept_daily_bar,em:BK0800,2026-07-21,2026-07-21,1,0,missing_cutoff_sector_bar
market.concept_daily_bar,em:BK0801,2026-07-21,2026-07-21,1,0,missing_cutoff_sector_bar
market.concept_daily_bar,em:BK0802,2026-07-21,2026-07-21,1,0,missing_cutoff_sector_bar
market.concept_daily_bar,em:BK0803,2026-07-21,2026-07-21,1,0,missing_cutoff_sector_bar
market.concept_daily_bar,em:BK0805,2026-07-21,2026-07-21,1,0,missing_cutoff_sector_bar
market.concept_daily_bar,em:BK0806,2026-07-21,2026-07-21,1,0,missing_cutoff_sector_bar
market.concept_daily_bar,em:BK0807,2026-07-21,2026-07-21,1,0,missing_cutoff_sector_bar
market.concept_daily_bar,em:BK0808,2026-07-21,2026-07-21,1,0,missing_cutoff_sector_bar
market.concept_daily_bar,em:BK0809,2026-07-21,2026-07-21,1,0,missing_cutoff_sector_bar
market.concept_daily_bar,em:BK0811,2026-07-21,2026-07-21,1,0,missing_cutoff_sector_bar
market.concept_daily_bar,em:BK0812,2026-07-21,2026-07-21,1,0,missing_cutoff_sector_bar
market.concept_daily_bar,em:BK0813,2026-07-21,2026-07-21,1,0,missing_cutoff_sector_bar
market.concept_daily_bar,em:BK0814,2026-07-21,2026-07-21,1,0,missing_cutoff_sector_bar
market.concept_daily_bar,em:BK0815,2026-07-21,2026-07-21,1,0,missing_cutoff_sector_bar
market.concept_daily_bar,em:BK0816,2026-07-21,2026-07-21,1,0,missing_cutoff_sector_bar
market.concept_daily_bar,em:BK0817,2026-07-21,2026-07-21,1,0,missing_cutoff_sector_bar
market.concept_daily_bar,em:BK0818,2026-07-21,2026-07-21,1,0,missing_cutoff_sector_bar
market.concept_daily_bar,em:BK0822,2026-07-21,2026-07-21,1,0,missing_cutoff_sector_bar
market.concept_daily_bar,em:BK0823,2026-07-21,2026-07-21,1,0,missing_cutoff_sector_bar
market.concept_daily_bar,em:BK0825,2026-07-21,2026-07-21,1,0,missing_cutoff_sector_bar
market.concept_daily_bar,em:BK0830,2026-07-21,2026-07-21,1,0,missing_cutoff_sector_bar
market.concept_daily_bar,em:BK0832,2026-07-21,2026-07-21,1,0,missing_cutoff_sector_bar
market.concept_daily_bar,em:BK0833,2026-07-21,2026-07-21,1,0,missing_cutoff_sector_bar
market.concept_daily_bar,em:BK0835,2026-07-21,2026-07-21,1,0,missing_cutoff_sector_bar
market.concept_daily_bar,em:BK0837,2026-07-21,2026-07-21,1,0,missing_cutoff_sector_bar
market.concept_daily_bar,em:BK0838,2026-07-21,2026-07-21,1,0,missing_cutoff_sector_bar
market.concept_daily_bar,em:BK0839,2026-07-21,2026-07-21,1,0,missing_cutoff_sector_bar
market.concept_daily_bar,em:BK0840,2026-07-21,2026-07-21,1,0,missing_cutoff_sector_bar
market.concept_daily_bar,em:BK0841,2026-07-21,2026-07-21,1,0,missing_cutoff_sector_bar
market.concept_daily_bar,em:BK0843,2026-07-21,2026-07-21,1,0,missing_cutoff_sector_bar
market.concept_daily_bar,em:BK0845,2026-07-21,2026-07-21,1,0,missing_cutoff_sector_bar
market.concept_daily_bar,em:BK0847,2026-07-21,2026-07-21,1,0,missing_cutoff_sector_bar
market.concept_daily_bar,em:BK0852,2026-07-21,2026-07-21,1,0,missing_cutoff_sector_bar
market.concept_daily_bar,em:BK0853,2026-07-21,2026-07-21,1,0,missing_cutoff_sector_bar
market.concept_daily_bar,em:BK0855,2026-07-21,2026-07-21,1,0,missing_cutoff_sector_bar
market.concept_daily_bar,em:BK0856,2026-07-21,2026-07-21,1,0,missing_cutoff_sector_bar
market.concept_daily_bar,em:BK0859,2026-07-21,2026-07-21,1,0,missing_cutoff_sector_bar
market.concept_daily_bar,em:BK0860,2026-07-21,2026-07-21,1,0,missing_cutoff_sector_bar
market.concept_daily_bar,em:BK0861,2026-07-21,2026-07-21,1,0,missing_cutoff_sector_bar
market.concept_daily_bar,em:BK0864,2026-07-21,2026-07-21,1,0,missing_cutoff_sector_bar
market.concept_daily_bar,em:BK0865,2026-07-21,2026-07-21,1,0,missing_cutoff_sector_bar
market.concept_daily_bar,em:BK0866,2026-07-21,2026-07-21,1,0,missing_cutoff_sector_bar
market.concept_daily_bar,em:BK0868,2026-07-21,2026-07-21,1,0,missing_cutoff_sector_bar
market.concept_daily_bar,em:BK0870,2026-07-21,2026-07-21,1,0,missing_cutoff_sector_bar
market.concept_daily_bar,em:BK0872,2026-07-21,2026-07-21,1,0,missing_cutoff_sector_bar
market.concept_daily_bar,em:BK0873,2026-07-21,2026-07-21,1,0,missing_cutoff_sector_bar
market.concept_daily_bar,em:BK0875,2026-07-21,2026-07-21,1,0,missing_cutoff_sector_bar
market.concept_daily_bar,em:BK0877,2026-07-21,2026-07-21,1,0,missing_cutoff_sector_bar
market.concept_daily_bar,em:BK0880,2026-07-21,2026-07-21,1,0,missing_cutoff_sector_bar
market.concept_daily_bar,em:BK0883,2026-07-21,2026-07-21,1,0,missing_cutoff_sector_bar
market.concept_daily_bar,em:BK0884,2026-07-21,2026-07-21,1,0,missing_cutoff_sector_bar
market.concept_daily_bar,em:BK0885,2026-07-21,2026-07-21,1,0,missing_cutoff_sector_bar
market.concept_daily_bar,em:BK0887,2026-07-21,2026-07-21,1,0,missing_cutoff_sector_bar
market.concept_daily_bar,em:BK0888,2026-07-21,2026-07-21,1,0,missing_cutoff_sector_bar
market.concept_daily_bar,em:BK0889,2026-07-21,2026-07-21,1,0,missing_cutoff_sector_bar
market.concept_daily_bar,em:BK0890,2026-07-21,2026-07-21,1,0,missing_cutoff_sector_bar
market.concept_daily_bar,em:BK0891,2026-07-21,2026-07-21,1,0,missing_cutoff_sector_bar
market.concept_daily_bar,em:BK0892,2026-07-21,2026-07-21,1,0,missing_cutoff_sector_bar
market.concept_daily_bar,em:BK0893,2026-07-21,2026-07-21,1,0,missing_cutoff_sector_bar
market.concept_daily_bar,em:BK0894,2026-07-21,2026-07-21,1,0,missing_cutoff_sector_bar
market.concept_daily_bar,em:BK0895,2026-07-21,2026-07-21,1,0,missing_cutoff_sector_bar
market.concept_daily_bar,em:BK0896,2026-07-21,2026-07-21,1,0,missing_cutoff_sector_bar
market.concept_daily_bar,em:BK0897,2026-07-21,2026-07-21,1,0,missing_cutoff_sector_bar
market.concept_daily_bar,em:BK0898,2026-07-21,2026-07-21,1,0,missing_cutoff_sector_bar
market.concept_daily_bar,em:BK0899,2026-07-21,2026-07-21,1,0,missing_cutoff_sector_bar
market.concept_daily_bar,em:BK0901,2026-07-21,2026-07-21,1,0,missing_cutoff_sector_bar
market.concept_daily_bar,em:BK0902,2026-07-21,2026-07-21,1,0,missing_cutoff_sector_bar
market.concept_daily_bar,em:BK0905,2026-07-21,2026-07-21,1,0,missing_cutoff_sector_bar
market.concept_daily_bar,em:BK0906,2026-07-21,2026-07-21,1,0,missing_cutoff_sector_bar
market.concept_daily_bar,em:BK0907,2026-07-21,2026-07-21,1,0,missing_cutoff_sector_bar
market.concept_daily_bar,em:BK0908,2026-07-21,2026-07-21,1,0,missing_cutoff_sector_bar
market.concept_daily_bar,em:BK0909,2026-07-21,2026-07-21,1,0,missing_cutoff_sector_bar
market.concept_daily_bar,em:BK0914,2026-07-21,2026-07-21,1,0,missing_cutoff_sector_bar
market.concept_daily_bar,em:BK0915,2026-07-21,2026-07-21,1,0,missing_cutoff_sector_bar
market.concept_daily_bar,em:BK0916,2026-07-21,2026-07-21,1,0,missing_cutoff_sector_bar
market.concept_daily_bar,em:BK0917,2026-07-21,2026-07-21,1,0,missing_cutoff_sector_bar
market.concept_daily_bar,em:BK0918,2026-07-21,2026-07-21,1,0,missing_cutoff_sector_bar
market.concept_daily_bar,em:BK0921,2026-07-21,2026-07-21,1,0,missing_cutoff_sector_bar
market.concept_daily_bar,em:BK0922,2026-07-21,2026-07-21,1,0,missing_cutoff_sector_bar
market.concept_daily_bar,em:BK0923,2026-07-21,2026-07-21,1,0,missing_cutoff_sector_bar
market.concept_daily_bar,em:BK0924,2026-07-21,2026-07-21,1,0,missing_cutoff_sector_bar
market.concept_daily_bar,em:BK0925,2026-07-21,2026-07-21,1,0,missing_cutoff_sector_bar
market.concept_daily_bar,em:BK0926,2026-07-21,2026-07-21,1,0,missing_cutoff_sector_bar
market.concept_daily_bar,em:BK0927,2026-07-21,2026-07-21,1,0,missing_cutoff_sector_bar
market.concept_daily_bar,em:BK0932,2026-07-21,2026-07-21,1,0,missing_cutoff_sector_bar
market.concept_daily_bar,em:BK0933,2026-07-21,2026-07-21,1,0,missing_cutoff_sector_bar
market.concept_daily_bar,em:BK0935,2026-07-21,2026-07-21,1,0,missing_cutoff_sector_bar
market.concept_daily_bar,em:BK0936,2026-07-21,2026-07-21,1,0,missing_cutoff_sector_bar
market.concept_daily_bar,em:BK0937,2026-07-21,2026-07-21,1,0,missing_cutoff_sector_bar
market.concept_daily_bar,em:BK0938,2026-07-21,2026-07-21,1,0,missing_cutoff_sector_bar
market.concept_daily_bar,em:BK0939,2026-07-21,2026-07-21,1,0,missing_cutoff_sector_bar
market.concept_daily_bar,em:BK0940,2026-07-21,2026-07-21,1,0,missing_cutoff_sector_bar
market.concept_daily_bar,em:BK0943,2026-07-21,2026-07-21,1,0,missing_cutoff_sector_bar
market.concept_daily_bar,em:BK0944,2026-07-21,2026-07-21,1,0,missing_cutoff_sector_bar
market.concept_daily_bar,em:BK0945,2026-07-21,2026-07-21,1,0,missing_cutoff_sector_bar
market.concept_daily_bar,em:BK0946,2026-07-21,2026-07-21,1,0,missing_cutoff_sector_bar
market.concept_daily_bar,em:BK0947,2026-07-21,2026-07-21,1,0,missing_cutoff_sector_bar
market.concept_daily_bar,em:BK0948,2026-07-21,2026-07-21,1,0,missing_cutoff_sector_bar
market.concept_daily_bar,em:BK0949,2026-07-21,2026-07-21,1,0,missing_cutoff_sector_bar
market.concept_daily_bar,em:BK0950,2026-07-21,2026-07-21,1,0,missing_cutoff_sector_bar
market.concept_daily_bar,em:BK0951,2026-07-21,2026-07-21,1,0,missing_cutoff_sector_bar
market.concept_daily_bar,em:BK0952,2026-07-21,2026-07-21,1,0,missing_cutoff_sector_bar
market.concept_daily_bar,em:BK0953,2026-07-21,2026-07-21,1,0,missing_cutoff_sector_bar
market.concept_daily_bar,em:BK0954,2026-07-21,2026-07-21,1,0,missing_cutoff_sector_bar
market.concept_daily_bar,em:BK0955,2026-07-21,2026-07-21,1,0,missing_cutoff_sector_bar
market.concept_daily_bar,em:BK0957,2026-07-21,2026-07-21,1,0,missing_cutoff_sector_bar
market.concept_daily_bar,em:BK0958,2026-07-21,2026-07-21,1,0,missing_cutoff_sector_bar
market.concept_daily_bar,em:BK0959,2026-07-21,2026-07-21,1,0,missing_cutoff_sector_bar
market.concept_daily_bar,em:BK0960,2026-07-21,2026-07-21,1,0,missing_cutoff_sector_bar
market.concept_daily_bar,em:BK0961,2026-07-21,2026-07-21,1,0,missing_cutoff_sector_bar
market.concept_daily_bar,em:BK0963,2026-07-21,2026-07-21,1,0,missing_cutoff_sector_bar
market.concept_daily_bar,em:BK0964,2026-07-21,2026-07-21,1,0,missing_cutoff_sector_bar
market.concept_daily_bar,em:BK0965,2026-07-21,2026-07-21,1,0,missing_cutoff_sector_bar
market.concept_daily_bar,em:BK0967,2026-07-21,2026-07-21,1,0,missing_cutoff_sector_bar
market.concept_daily_bar,em:BK0968,2026-07-21,2026-07-21,1,0,missing_cutoff_sector_bar
market.concept_daily_bar,em:BK0969,2026-07-21,2026-07-21,1,0,missing_cutoff_sector_bar
market.concept_daily_bar,em:BK0970,2026-07-21,2026-07-21,1,0,missing_cutoff_sector_bar
market.concept_daily_bar,em:BK0972,2026-07-21,2026-07-21,1,0,missing_cutoff_sector_bar
market.concept_daily_bar,em:BK0974,2026-07-21,2026-07-21,1,0,missing_cutoff_sector_bar
market.concept_daily_bar,em:BK0975,2026-07-21,2026-07-21,1,0,missing_cutoff_sector_bar
market.concept_daily_bar,em:BK0976,2026-07-21,2026-07-21,1,0,missing_cutoff_sector_bar
market.concept_daily_bar,em:BK0977,2026-07-21,2026-07-21,1,0,missing_cutoff_sector_bar
market.concept_daily_bar,em:BK0979,2026-07-21,2026-07-21,1,0,missing_cutoff_sector_bar
market.concept_daily_bar,em:BK0980,2026-07-21,2026-07-21,1,0,missing_cutoff_sector_bar
market.concept_daily_bar,em:BK0981,2026-07-21,2026-07-21,1,0,missing_cutoff_sector_bar
market.concept_daily_bar,em:BK0982,2026-07-21,2026-07-21,1,0,missing_cutoff_sector_bar
market.concept_daily_bar,em:BK0983,2026-07-21,2026-07-21,1,0,missing_cutoff_sector_bar
market.concept_daily_bar,em:BK0984,2026-07-21,2026-07-21,1,0,missing_cutoff_sector_bar
market.concept_daily_bar,em:BK0985,2026-07-21,2026-07-21,1,0,missing_cutoff_sector_bar
market.concept_daily_bar,em:BK0986,2026-07-21,2026-07-21,1,0,missing_cutoff_sector_bar
market.concept_daily_bar,em:BK0988,2026-07-21,2026-07-21,1,0,missing_cutoff_sector_bar
market.concept_daily_bar,em:BK0990,2026-07-21,2026-07-21,1,0,missing_cutoff_sector_bar
market.concept_daily_bar,em:BK0991,2026-07-21,2026-07-21,1,0,missing_cutoff_sector_bar
market.concept_daily_bar,em:BK0992,2026-07-21,2026-07-21,1,0,missing_cutoff_sector_bar
market.concept_daily_bar,em:BK0993,2026-07-21,2026-07-21,1,0,missing_cutoff_sector_bar
market.concept_daily_bar,em:BK0994,2026-07-21,2026-07-21,1,0,missing_cutoff_sector_bar
market.concept_daily_bar,em:BK0995,2026-07-21,2026-07-21,1,0,missing_cutoff_sector_bar
market.concept_daily_bar,em:BK0996,2026-07-21,2026-07-21,1,0,missing_cutoff_sector_bar
market.concept_daily_bar,em:BK0998,2026-07-21,2026-07-21,1,0,missing_cutoff_sector_bar
market.concept_daily_bar,em:BK0999,2026-07-21,2026-07-21,1,0,missing_cutoff_sector_bar
market.concept_daily_bar,em:BK1000,2026-07-21,2026-07-21,1,0,missing_cutoff_sector_bar
market.concept_daily_bar,em:BK1001,2026-07-21,2026-07-21,1,0,missing_cutoff_sector_bar
market.concept_daily_bar,em:BK1002,2026-07-21,2026-07-21,1,0,missing_cutoff_sector_bar
market.concept_daily_bar,em:BK1003,2026-07-21,2026-07-21,1,0,missing_cutoff_sector_bar
market.concept_daily_bar,em:BK1004,2026-07-21,2026-07-21,1,0,missing_cutoff_sector_bar
market.concept_daily_bar,em:BK1006,2026-07-21,2026-07-21,1,0,missing_cutoff_sector_bar
market.concept_daily_bar,em:BK1007,2026-07-21,2026-07-21,1,0,missing_cutoff_sector_bar
market.concept_daily_bar,em:BK1009,2026-07-21,2026-07-21,1,0,missing_cutoff_sector_bar
market.concept_daily_bar,em:BK1010,2026-07-21,2026-07-21,1,0,missing_cutoff_sector_bar
market.concept_daily_bar,em:BK1011,2026-07-21,2026-07-21,1,0,missing_cutoff_sector_bar
market.concept_daily_bar,em:BK1012,2026-07-21,2026-07-21,1,0,missing_cutoff_sector_bar
market.concept_daily_bar,em:BK1013,2026-07-21,2026-07-21,1,0,missing_cutoff_sector_bar
market.concept_daily_bar,em:BK1014,2026-07-21,2026-07-21,1,0,missing_cutoff_sector_bar
market.concept_daily_bar,em:BK1017,2026-07-21,2026-07-21,1,0,missing_cutoff_sector_bar
market.concept_daily_bar,em:BK1022,2026-07-21,2026-07-21,1,0,missing_cutoff_sector_bar
market.concept_daily_bar,em:BK1023,2026-07-21,2026-07-21,1,0,missing_cutoff_sector_bar
market.concept_daily_bar,em:BK1024,2026-07-21,2026-07-21,1,0,missing_cutoff_sector_bar
market.concept_daily_bar,em:BK1025,2026-07-21,2026-07-21,1,0,missing_cutoff_sector_bar
market.concept_daily_bar,em:BK1026,2026-07-21,2026-07-21,1,0,missing_cutoff_sector_bar
market.concept_daily_bar,em:BK1029,2026-07-21,2026-07-21,1,0,missing_cutoff_sector_bar
market.concept_daily_bar,em:BK1047,2026-07-21,2026-07-21,1,0,missing_cutoff_sector_bar
market.concept_daily_bar,em:BK1048,2026-07-21,2026-07-21,1,0,missing_cutoff_sector_bar
market.concept_daily_bar,em:BK1049,2026-07-21,2026-07-21,1,0,missing_cutoff_sector_bar
market.concept_daily_bar,em:BK1051,2026-07-21,2026-07-21,1,0,missing_cutoff_sector_bar
market.concept_daily_bar,em:BK1052,2026-07-21,2026-07-21,1,0,missing_cutoff_sector_bar
market.concept_daily_bar,em:BK1053,2026-07-21,2026-07-21,1,0,missing_cutoff_sector_bar
market.concept_daily_bar,em:BK1054,2026-07-21,2026-07-21,1,0,missing_cutoff_sector_bar
market.concept_daily_bar,em:BK1055,2026-07-21,2026-07-21,1,0,missing_cutoff_sector_bar
market.concept_daily_bar,em:BK1056,2026-07-21,2026-07-21,1,0,missing_cutoff_sector_bar
market.concept_daily_bar,em:BK1057,2026-07-21,2026-07-21,1,0,missing_cutoff_sector_bar
market.concept_daily_bar,em:BK1058,2026-07-21,2026-07-21,1,0,missing_cutoff_sector_bar
market.concept_daily_bar,em:BK1059,2026-07-21,2026-07-21,1,0,missing_cutoff_sector_bar
market.concept_daily_bar,em:BK1061,2026-07-21,2026-07-21,1,0,missing_cutoff_sector_bar
market.concept_daily_bar,em:BK1063,2026-07-21,2026-07-21,1,0,missing_cutoff_sector_bar
market.concept_daily_bar,em:BK1064,2026-07-21,2026-07-21,1,0,missing_cutoff_sector_bar
market.concept_daily_bar,em:BK1066,2026-07-21,2026-07-21,1,0,missing_cutoff_sector_bar
market.concept_daily_bar,em:BK1068,2026-07-21,2026-07-21,1,0,missing_cutoff_sector_bar
market.concept_daily_bar,em:BK1069,2026-07-21,2026-07-21,1,0,missing_cutoff_sector_bar
market.concept_daily_bar,em:BK1070,2026-07-21,2026-07-21,1,0,missing_cutoff_sector_bar
market.concept_daily_bar,em:BK1072,2026-07-21,2026-07-21,1,0,missing_cutoff_sector_bar
market.concept_daily_bar,em:BK1073,2026-07-21,2026-07-21,1,0,missing_cutoff_sector_bar
market.concept_daily_bar,em:BK1074,2026-07-21,2026-07-21,1,0,missing_cutoff_sector_bar
market.concept_daily_bar,em:BK1075,2026-07-21,2026-07-21,1,0,missing_cutoff_sector_bar
market.concept_daily_bar,em:BK1076,2026-07-21,2026-07-21,1,0,missing_cutoff_sector_bar
market.concept_daily_bar,em:BK1077,2026-07-21,2026-07-21,1,0,missing_cutoff_sector_bar
market.concept_daily_bar,em:BK1078,2026-07-21,2026-07-21,1,0,missing_cutoff_sector_bar
market.concept_daily_bar,em:BK1079,2026-07-21,2026-07-21,1,0,missing_cutoff_sector_bar
market.concept_daily_bar,em:BK1080,2026-07-21,2026-07-21,1,0,missing_cutoff_sector_bar
market.concept_daily_bar,em:BK1082,2026-07-21,2026-07-21,1,0,missing_cutoff_sector_bar
market.concept_daily_bar,em:BK1086,2026-07-21,2026-07-21,1,0,missing_cutoff_sector_bar
market.concept_daily_bar,em:BK1087,2026-07-21,2026-07-21,1,0,missing_cutoff_sector_bar
market.concept_daily_bar,em:BK1088,2026-07-21,2026-07-21,1,0,missing_cutoff_sector_bar
market.concept_daily_bar,em:BK1089,2026-07-21,2026-07-21,1,0,missing_cutoff_sector_bar
market.concept_daily_bar,em:BK1092,2026-07-21,2026-07-21,1,0,missing_cutoff_sector_bar
market.concept_daily_bar,em:BK1093,2026-07-21,2026-07-21,1,0,missing_cutoff_sector_bar
market.concept_daily_bar,em:BK1094,2026-07-21,2026-07-21,1,0,missing_cutoff_sector_bar
market.concept_daily_bar,em:BK1095,2026-07-21,2026-07-21,1,0,missing_cutoff_sector_bar
market.concept_daily_bar,em:BK1097,2026-07-21,2026-07-21,1,0,missing_cutoff_sector_bar
market.concept_daily_bar,em:BK1098,2026-07-21,2026-07-21,1,0,missing_cutoff_sector_bar
market.concept_daily_bar,em:BK1099,2026-07-21,2026-07-21,1,0,missing_cutoff_sector_bar
market.concept_daily_bar,em:BK1100,2026-07-21,2026-07-21,1,0,missing_cutoff_sector_bar
market.concept_daily_bar,em:BK1101,2026-07-21,2026-07-21,1,0,missing_cutoff_sector_bar
market.concept_daily_bar,em:BK1102,2026-07-21,2026-07-21,1,0,missing_cutoff_sector_bar
market.concept_daily_bar,em:BK1106,2026-07-21,2026-07-21,1,0,missing_cutoff_sector_bar
market.concept_daily_bar,em:BK1107,2026-07-21,2026-07-21,1,0,missing_cutoff_sector_bar
market.concept_daily_bar,em:BK1108,2026-07-21,2026-07-21,1,0,missing_cutoff_sector_bar
market.concept_daily_bar,em:BK1109,2026-07-21,2026-07-21,1,0,missing_cutoff_sector_bar
market.concept_daily_bar,em:BK1110,2026-07-21,2026-07-21,1,0,missing_cutoff_sector_bar
market.concept_daily_bar,em:BK1112,2026-07-21,2026-07-21,1,0,missing_cutoff_sector_bar
market.concept_daily_bar,em:BK1113,2026-07-21,2026-07-21,1,0,missing_cutoff_sector_bar
market.concept_daily_bar,em:BK1115,2026-07-21,2026-07-21,1,0,missing_cutoff_sector_bar
market.concept_daily_bar,em:BK1116,2026-07-21,2026-07-21,1,0,missing_cutoff_sector_bar
market.concept_daily_bar,em:BK1118,2026-07-21,2026-07-21,1,0,missing_cutoff_sector_bar
market.concept_daily_bar,em:BK1119,2026-07-21,2026-07-21,1,0,missing_cutoff_sector_bar
market.concept_daily_bar,em:BK1121,2026-07-21,2026-07-21,1,0,missing_cutoff_sector_bar
market.concept_daily_bar,em:BK1124,2026-07-21,2026-07-21,1,0,missing_cutoff_sector_bar
market.concept_daily_bar,em:BK1125,2026-07-21,2026-07-21,1,0,missing_cutoff_sector_bar
market.concept_daily_bar,em:BK1126,2026-07-21,2026-07-21,1,0,missing_cutoff_sector_bar
market.concept_daily_bar,em:BK1127,2026-07-21,2026-07-21,1,0,missing_cutoff_sector_bar
market.concept_daily_bar,em:BK1128,2026-07-21,2026-07-21,1,0,missing_cutoff_sector_bar
market.concept_daily_bar,em:BK1129,2026-07-21,2026-07-21,1,0,missing_cutoff_sector_bar
market.concept_daily_bar,em:BK1130,2026-07-21,2026-07-21,1,0,missing_cutoff_sector_bar
market.concept_daily_bar,em:BK1131,2026-07-21,2026-07-21,1,0,missing_cutoff_sector_bar
market.concept_daily_bar,em:BK1132,2026-07-21,2026-07-21,1,0,missing_cutoff_sector_bar
market.concept_daily_bar,em:BK1133,2026-07-21,2026-07-21,1,0,missing_cutoff_sector_bar
market.concept_daily_bar,em:BK1135,2026-07-21,2026-07-21,1,0,missing_cutoff_sector_bar
market.concept_daily_bar,em:BK1136,2026-07-21,2026-07-21,1,0,missing_cutoff_sector_bar
market.concept_daily_bar,em:BK1137,2026-07-21,2026-07-21,1,0,missing_cutoff_sector_bar
market.concept_daily_bar,em:BK1138,2026-07-21,2026-07-21,1,0,missing_cutoff_sector_bar
market.concept_daily_bar,em:BK1139,2026-07-21,2026-07-21,1,0,missing_cutoff_sector_bar
market.concept_daily_bar,em:BK1141,2026-07-21,2026-07-21,1,0,missing_cutoff_sector_bar
market.concept_daily_bar,em:BK1142,2026-07-21,2026-07-21,1,0,missing_cutoff_sector_bar
market.concept_daily_bar,em:BK1143,2026-07-21,2026-07-21,1,0,missing_cutoff_sector_bar
market.concept_daily_bar,em:BK1144,2026-07-21,2026-07-21,1,0,missing_cutoff_sector_bar
market.concept_daily_bar,em:BK1145,2026-07-21,2026-07-21,1,0,missing_cutoff_sector_bar
market.concept_daily_bar,em:BK1146,2026-07-21,2026-07-21,1,0,missing_cutoff_sector_bar
market.concept_daily_bar,em:BK1147,2026-07-21,2026-07-21,1,0,missing_cutoff_sector_bar
market.concept_daily_bar,em:BK1148,2026-07-21,2026-07-21,1,0,missing_cutoff_sector_bar
market.concept_daily_bar,em:BK1150,2026-07-21,2026-07-21,1,0,missing_cutoff_sector_bar
market.concept_daily_bar,em:BK1151,2026-07-21,2026-07-21,1,0,missing_cutoff_sector_bar
market.concept_daily_bar,em:BK1152,2026-07-21,2026-07-21,1,0,missing_cutoff_sector_bar
market.concept_daily_bar,em:BK1153,2026-07-21,2026-07-21,1,0,missing_cutoff_sector_bar
market.concept_daily_bar,em:BK1155,2026-07-21,2026-07-21,1,0,missing_cutoff_sector_bar
market.concept_daily_bar,em:BK1156,2026-07-21,2026-07-21,1,0,missing_cutoff_sector_bar
market.concept_daily_bar,em:BK1160,2026-07-21,2026-07-21,1,0,missing_cutoff_sector_bar
market.concept_daily_bar,em:BK1161,2026-07-21,2026-07-21,1,0,missing_cutoff_sector_bar
market.concept_daily_bar,em:BK1162,2026-07-21,2026-07-21,1,0,missing_cutoff_sector_bar
market.concept_daily_bar,em:BK1163,2026-07-21,2026-07-21,1,0,missing_cutoff_sector_bar
market.concept_daily_bar,em:BK1164,2026-07-21,2026-07-21,1,0,missing_cutoff_sector_bar
market.concept_daily_bar,em:BK1166,2026-07-21,2026-07-21,1,0,missing_cutoff_sector_bar
market.concept_daily_bar,em:BK1168,2026-07-21,2026-07-21,1,0,missing_cutoff_sector_bar
market.concept_daily_bar,em:BK1169,2026-07-21,2026-07-21,1,0,missing_cutoff_sector_bar
market.concept_daily_bar,em:BK1170,2026-07-21,2026-07-21,1,0,missing_cutoff_sector_bar
market.concept_daily_bar,em:BK1171,2026-07-21,2026-07-21,1,0,missing_cutoff_sector_bar
market.concept_daily_bar,em:BK1173,2026-07-21,2026-07-21,1,0,missing_cutoff_sector_bar
market.concept_daily_bar,em:BK1174,2026-07-21,2026-07-21,1,0,missing_cutoff_sector_bar
market.concept_daily_bar,em:BK1175,2026-07-21,2026-07-21,1,0,missing_cutoff_sector_bar
market.concept_daily_bar,em:BK1176,2026-07-21,2026-07-21,1,0,missing_cutoff_sector_bar
market.concept_daily_bar,em:BK1177,2026-07-21,2026-07-21,1,0,missing_cutoff_sector_bar
market.concept_daily_bar,em:BK1178,2026-07-21,2026-07-21,1,0,missing_cutoff_sector_bar
market.concept_daily_bar,em:BK1179,2026-07-21,2026-07-21,1,0,missing_cutoff_sector_bar
market.concept_daily_bar,em:BK1180,2026-07-21,2026-07-21,1,0,missing_cutoff_sector_bar
market.concept_daily_bar,em:BK1181,2026-07-21,2026-07-21,1,0,missing_cutoff_sector_bar
market.concept_daily_bar,em:BK1182,2026-07-21,2026-07-21,1,0,missing_cutoff_sector_bar
market.concept_daily_bar,em:BK1183,2026-07-21,2026-07-21,1,0,missing_cutoff_sector_bar
market.concept_daily_bar,em:BK1184,2026-07-21,2026-07-21,1,0,missing_cutoff_sector_bar
market.concept_daily_bar,em:BK1185,2026-07-21,2026-07-21,1,0,missing_cutoff_sector_bar
market.concept_daily_bar,em:BK1186,2026-07-21,2026-07-21,1,0,missing_cutoff_sector_bar
market.concept_daily_bar,em:BK1188,2026-07-21,2026-07-21,1,0,missing_cutoff_sector_bar
market.concept_daily_bar,em:BK1189,2026-07-21,2026-07-21,1,0,missing_cutoff_sector_bar
market.concept_daily_bar,em:BK1190,2026-07-21,2026-07-21,1,0,missing_cutoff_sector_bar
market.concept_daily_bar,em:BK1192,2026-07-21,2026-07-21,1,0,missing_cutoff_sector_bar
market.concept_daily_bar,em:BK1193,2026-07-21,2026-07-21,1,0,missing_cutoff_sector_bar
market.concept_daily_bar,em:BK1197,2026-07-21,2026-07-21,1,0,missing_cutoff_sector_bar
market.concept_daily_bar,em:BK1198,2026-07-21,2026-07-21,1,0,missing_cutoff_sector_bar
market.concept_daily_bar,em:BK1199,2026-07-21,2026-07-21,1,0,missing_cutoff_sector_bar
market.concept_daily_bar,em:BK1628,2026-07-21,2026-07-21,1,0,missing_cutoff_sector_bar
market.concept_daily_bar,em:BK1629,2026-07-21,2026-07-21,1,0,missing_cutoff_sector_bar
market.concept_daily_bar,em:BK1636,2026-07-21,2026-07-21,1,0,missing_cutoff_sector_bar
market.concept_daily_bar,em:BK1640,2026-07-21,2026-07-21,1,0,missing_cutoff_sector_bar
market.concept_daily_bar,em:BK1641,2026-07-21,2026-07-21,1,0,missing_cutoff_sector_bar
market.concept_daily_bar,em:BK1642,2026-07-21,2026-07-21,1,0,missing_cutoff_sector_bar
market.concept_daily_bar,em:BK1649,2026-07-21,2026-07-21,1,0,missing_cutoff_sector_bar
market.concept_daily_bar,em:BK1650,2026-07-21,2026-07-21,1,0,missing_cutoff_sector_bar
market.concept_daily_bar,em:BK1651,2026-07-21,2026-07-21,1,0,missing_cutoff_sector_bar
market.concept_daily_bar,em:BK1652,2026-07-21,2026-07-21,1,0,missing_cutoff_sector_bar
market.concept_daily_bar,em:BK1653,2026-07-21,2026-07-21,1,0,missing_cutoff_sector_bar
market.concept_daily_bar,em:BK1654,2026-07-21,2026-07-21,1,0,missing_cutoff_sector_bar
market.concept_daily_bar,em:BK1655,2026-07-21,2026-07-21,1,0,missing_cutoff_sector_bar
market.concept_daily_bar,em:BK1656,2026-07-21,2026-07-21,1,0,missing_cutoff_sector_bar
market.concept_daily_bar,em:BK1658,2026-07-21,2026-07-21,1,0,missing_cutoff_sector_bar
market.concept_daily_bar,em:BK1659,2026-07-21,2026-07-21,1,0,missing_cutoff_sector_bar
market.concept_daily_bar,em:BK1660,2026-07-21,2026-07-21,1,0,missing_cutoff_sector_bar
market.concept_daily_bar,em:BK1661,2026-07-21,2026-07-21,1,0,missing_cutoff_sector_bar
market.concept_daily_bar,em:BK1675,2026-07-21,2026-07-21,1,0,missing_cutoff_sector_bar
market.concept_daily_bar,em:BK1676,2026-07-21,2026-07-21,1,0,missing_cutoff_sector_bar
market.concept_daily_bar,em:BK1680,2026-07-21,2026-07-21,1,0,missing_cutoff_sector_bar
market.concept_daily_bar,em:BK1681,2026-07-21,2026-07-21,1,0,missing_cutoff_sector_bar
market.concept_daily_bar,em:BK1682,2026-07-21,2026-07-21,1,0,missing_cutoff_sector_bar
market.concept_daily_bar,em:BK1710,2026-07-21,2026-07-21,1,0,missing_cutoff_sector_bar
market.concept_daily_bar,em:BK1714,2026-07-21,2026-07-21,1,0,missing_cutoff_sector_bar
market.concept_daily_bar,em:BK1715,2026-07-21,2026-07-21,1,0,missing_cutoff_sector_bar
market.concept_daily_bar,em:BK1716,2026-07-21,2026-07-21,1,0,missing_cutoff_sector_bar
market.concept_daily_bar,em:BK1717,2026-07-21,2026-07-21,1,0,missing_cutoff_sector_bar
market.concept_daily_bar,em:BK1750,2026-07-21,2026-07-21,1,0,missing_cutoff_sector_bar
market.concept_daily_bar,"em_core_conception:2023年员工持股计划实施,完成股票购买",2026-07-21,2026-07-21,1,0,missing_cutoff_sector_bar
market.concept_daily_bar,em_core_conception:CDMO原料药及中间体业务,2026-07-21,2026-07-21,1,0,missing_cutoff_sector_bar
market.concept_daily_bar,em_core_conception:CMO业务生产基地建设项目,2026-07-21,2026-07-21,1,0,missing_cutoff_sector_bar
market.concept_daily_bar,em_core_conception:CRRT行业,2026-07-21,2026-07-21,1,0,missing_cutoff_sector_bar
market.concept_daily_bar,em_core_conception:EPC及PPP建造工程类业务,2026-07-21,2026-07-21,1,0,missing_cutoff_sector_bar
market.concept_daily_bar,em_core_conception:“一站式”供货优势,2026-07-21,2026-07-21,1,0,missing_cutoff_sector_bar
market.concept_daily_bar,em_core_conception:“产、学、研、医”协同创新机制优势,2026-07-21,2026-07-21,1,0,missing_cutoff_sector_bar
market.concept_daily_bar,em_core_conception:一体化产业链优势,2026-07-21,2026-07-21,1,0,missing_cutoff_sector_bar
market.concept_daily_bar,em_core_conception:与时俱进的人才力和组织力,2026-07-21,2026-07-21,1,0,missing_cutoff_sector_bar
market.concept_daily_bar,em_core_conception:专业服务优势,2026-07-21,2026-07-21,1,0,missing_cutoff_sector_bar
market.concept_daily_bar,em_core_conception:业务成本管控能力,2026-07-21,2026-07-21,1,0,missing_cutoff_sector_bar
market.concept_daily_bar,em_core_conception:业务模式成熟，跨行业发展空间广阔,2026-07-21,2026-07-21,1,0,missing_cutoff_sector_bar
market.concept_daily_bar,em_core_conception:严格的质量控制体系,2026-07-21,2026-07-21,1,0,missing_cutoff_sector_bar
market.concept_daily_bar,em_core_conception:个性化设计优势,2026-07-21,2026-07-21,1,0,missing_cutoff_sector_bar
market.concept_daily_bar,em_core_conception:个护小家电行业,2026-07-21,2026-07-21,1,0,missing_cutoff_sector_bar
market.concept_daily_bar,em_core_conception:中国热转印碳带行业,2026-07-21,2026-07-21,1,0,missing_cutoff_sector_bar
market.concept_daily_bar,em_core_conception:丰富的产品系列和先进的工业化生产能力,2026-07-21,2026-07-21,1,0,missing_cutoff_sector_bar
market.concept_daily_bar,em_core_conception:丰富的产品结构,2026-07-21,2026-07-21,1,0,missing_cutoff_sector_bar
market.concept_daily_bar,em_core_conception:主要产品已均有10余年以上临床应用，核心产品人工生物心脏瓣膜是目前国内唯一具有原创技术和可比肩进口主流产品的长期大组临床数据的国产产品，形成较长时间内难以逾越的先发优势,2026-07-21,2026-07-21,1,0,missing_cutoff_sector_bar
market.concept_daily_bar,em_core_conception:交通运输行业服务性企业,2026-07-21,2026-07-21,1,0,missing_cutoff_sector_bar
market.concept_daily_bar,em_core_conception:产业链一体化,2026-07-21,2026-07-21,1,0,missing_cutoff_sector_bar
market.concept_daily_bar,em_core_conception:产业链一体化的经营模式优势,2026-07-21,2026-07-21,1,0,missing_cutoff_sector_bar
market.concept_daily_bar,em_core_conception:产业链优势,2026-07-21,2026-07-21,1,0,missing_cutoff_sector_bar
market.concept_daily_bar,em_core_conception:产业链及产品结构优势,2026-07-21,2026-07-21,1,0,missing_cutoff_sector_bar
market.concept_daily_bar,em_core_conception:产业链布局优势,2026-07-21,2026-07-21,1,0,missing_cutoff_sector_bar
market.concept_daily_bar,em_core_conception:产业链延伸及上下游协同研发优势,2026-07-21,2026-07-21,1,0,missing_cutoff_sector_bar
market.concept_daily_bar,em_core_conception:产业链的完整性与规模优势,2026-07-21,2026-07-21,1,0,missing_cutoff_sector_bar
market.concept_daily_bar,em_core_conception:产业链齐全，供排水一体化,2026-07-21,2026-07-21,1,0,missing_cutoff_sector_bar
market.concept_daily_bar,em_core_conception:产业集群优势,2026-07-21,2026-07-21,1,0,missing_cutoff_sector_bar
market.concept_daily_bar,em_core_conception:产业集群和区位优势,2026-07-21,2026-07-21,1,0,missing_cutoff_sector_bar
market.concept_daily_bar,em_core_conception:产品与解决方案优势,2026-07-21,2026-07-21,1,0,missing_cutoff_sector_bar
market.concept_daily_bar,em_core_conception:产品优势,2026-07-21,2026-07-21,1,0,missing_cutoff_sector_bar
market.concept_daily_bar,em_core_conception:产品及服务优势,2026-07-21,2026-07-21,1,0,missing_cutoff_sector_bar
market.concept_daily_bar,em_core_conception:产品品类丰富，市场竞争力较强,2026-07-21,2026-07-21,1,0,missing_cutoff_sector_bar
market.concept_daily_bar,em_core_conception:产品定制能力,2026-07-21,2026-07-21,1,0,missing_cutoff_sector_bar
market.concept_daily_bar,em_core_conception:产品开发优势,2026-07-21,2026-07-21,1,0,missing_cutoff_sector_bar
market.concept_daily_bar,em_core_conception:产品性能优势,2026-07-21,2026-07-21,1,0,missing_cutoff_sector_bar
market.concept_daily_bar,em_core_conception:产品技术优势,2026-07-21,2026-07-21,1,0,missing_cutoff_sector_bar
market.concept_daily_bar,em_core_conception:产品持续研发优势,2026-07-21,2026-07-21,1,0,missing_cutoff_sector_bar
market.concept_daily_bar,em_core_conception:产品环保优势,2026-07-21,2026-07-21,1,0,missing_cutoff_sector_bar
market.concept_daily_bar,em_core_conception:产品研发优势,2026-07-21,2026-07-21,1,0,missing_cutoff_sector_bar
market.concept_daily_bar,em_core_conception:产品系列化、成套化和定制化优势,2026-07-21,2026-07-21,1,0,missing_cutoff_sector_bar
market.concept_daily_bar,em_core_conception:产品结构优势,2026-07-21,2026-07-21,1,0,missing_cutoff_sector_bar
market.concept_daily_bar,em_core_conception:产品质量,2026-07-21,2026-07-21,1,0,missing_cutoff_sector_bar
market.concept_daily_bar,em_core_conception:产品质量与品类优势,2026-07-21,2026-07-21,1,0,missing_cutoff_sector_bar
market.concept_daily_bar,em_core_conception:产品质量优势,2026-07-21,2026-07-21,1,0,missing_cutoff_sector_bar
market.concept_daily_bar,em_core_conception:产学研医融合创新,2026-07-21,2026-07-21,1,0,missing_cutoff_sector_bar
market.concept_daily_bar,em_core_conception:产能位居行业前列,2026-07-21,2026-07-21,1,0,missing_cutoff_sector_bar
market.concept_daily_bar,em_core_conception:人工心脏瓣膜行业,2026-07-21,2026-07-21,1,0,missing_cutoff_sector_bar
market.concept_daily_bar,em_core_conception:人工生物心脏瓣膜,2026-07-21,2026-07-21,1,0,missing_cutoff_sector_bar
market.concept_daily_bar,em_core_conception:人才与组织优势,2026-07-21,2026-07-21,1,0,missing_cutoff_sector_bar
market.concept_daily_bar,em_core_conception:人才优势,2026-07-21,2026-07-21,1,0,missing_cutoff_sector_bar
market.concept_daily_bar,em_core_conception:人才及国际化优势,2026-07-21,2026-07-21,1,0,missing_cutoff_sector_bar
market.concept_daily_bar,em_core_conception:人才团队优势,2026-07-21,2026-07-21,1,0,missing_cutoff_sector_bar
market.concept_daily_bar,em_core_conception:人才培养与团队建设优势,2026-07-21,2026-07-21,1,0,missing_cutoff_sector_bar
market.concept_daily_bar,em_core_conception:人才管理体系相对完善，核心团队较为稳定,2026-07-21,2026-07-21,1,0,missing_cutoff_sector_bar
market.concept_daily_bar,em_core_conception:人才队伍优势,2026-07-21,2026-07-21,1,0,missing_cutoff_sector_bar
market.concept_daily_bar,em_core_conception:以创新驱动发展，维持研发技术优势,2026-07-21,2026-07-21,1,0,missing_cutoff_sector_bar
market.concept_daily_bar,em_core_conception:以实际临床需求为导向、以长期积累的专业认知为支撑的持续原研创新能力,2026-07-21,2026-07-21,1,0,missing_cutoff_sector_bar
market.concept_daily_bar,em_core_conception:以核心技术为依托，形成植介入医疗器械研发创新平台，可进行系列化产品开发,2026-07-21,2026-07-21,1,0,missing_cutoff_sector_bar
market.concept_daily_bar,em_core_conception:仿制药原料药及中间体业务,2026-07-21,2026-07-21,1,0,missing_cutoff_sector_bar
market.concept_daily_bar,em_core_conception:企业文化优势,2026-07-21,2026-07-21,1,0,missing_cutoff_sector_bar
market.concept_daily_bar,em_core_conception:优异的生产与质量管控体系,2026-07-21,2026-07-21,1,0,missing_cutoff_sector_bar
market.concept_daily_bar,em_core_conception:优秀的数智化分析和应用能力,2026-07-21,2026-07-21,1,0,missing_cutoff_sector_bar
market.concept_daily_bar,em_core_conception:优质客户与全球化布局优势,2026-07-21,2026-07-21,1,0,missing_cutoff_sector_bar
market.concept_daily_bar,em_core_conception:优质客户资源优势,2026-07-21,2026-07-21,1,0,missing_cutoff_sector_bar
market.concept_daily_bar,em_core_conception:优质的客户资源,2026-07-21,2026-07-21,1,0,missing_cutoff_sector_bar
market.concept_daily_bar,em_core_conception:优越的地理区位,2026-07-21,2026-07-21,1,0,missing_cutoff_sector_bar
market.concept_daily_bar,em_core_conception:低压断路器,2026-07-21,2026-07-21,1,0,missing_cutoff_sector_bar
market.concept_daily_bar,em_core_conception:低空经济领域,2026-07-21,2026-07-21,1,0,missing_cutoff_sector_bar
market.concept_daily_bar,em_core_conception:供应链优势,2026-07-21,2026-07-21,1,0,missing_cutoff_sector_bar
market.concept_daily_bar,em_core_conception:供应链和成本优势,2026-07-21,2026-07-21,1,0,missing_cutoff_sector_bar
market.concept_daily_bar,em_core_conception:供应链管理优势,2026-07-21,2026-07-21,1,0,missing_cutoff_sector_bar
market.concept_daily_bar,em_core_conception:供水及衍生业务,2026-07-21,2026-07-21,1,0,missing_cutoff_sector_bar
market.concept_daily_bar,em_core_conception:信息化优势,2026-07-21,2026-07-21,1,0,missing_cutoff_sector_bar
market.concept_daily_bar,em_core_conception:信息技术优势,2026-07-21,2026-07-21,1,0,missing_cutoff_sector_bar
market.concept_daily_bar,em_core_conception:先发优势,2026-07-21,2026-07-21,1,0,missing_cutoff_sector_bar
market.concept_daily_bar,em_core_conception:先发优势明显，业务覆盖全国,2026-07-21,2026-07-21,1,0,missing_cutoff_sector_bar
market.concept_daily_bar,em_core_conception:先进制造与全球交付能力,2026-07-21,2026-07-21,1,0,missing_cutoff_sector_bar
market.concept_daily_bar,em_core_conception:先进的模具设计、制造以及精密零部件制造优势,2026-07-21,2026-07-21,1,0,missing_cutoff_sector_bar
market.concept_daily_bar,em_core_conception:先进的生产制造能力和严格的质量体系，保障产品生产稳定高效,2026-07-21,2026-07-21,1,0,missing_cutoff_sector_bar
market.concept_daily_bar,em_core_conception:全产业链自主可控,2026-07-21,2026-07-21,1,0,missing_cutoff_sector_bar
market.concept_daily_bar,em_core_conception:全球化、高效协同的营销服务网络,2026-07-21,2026-07-21,1,0,missing_cutoff_sector_bar
market.concept_daily_bar,em_core_conception:全球化独立双循环布局优势,2026-07-21,2026-07-21,1,0,missing_cutoff_sector_bar
market.concept_daily_bar,em_core_conception:全球热转印碳带行业,2026-07-21,2026-07-21,1,0,missing_cutoff_sector_bar
market.concept_daily_bar,em_core_conception:全球营销中心建设项目,2026-07-21,2026-07-21,1,0,missing_cutoff_sector_bar
market.concept_daily_bar,em_core_conception:全系列一站式服务能力,2026-07-21,2026-07-21,1,0,missing_cutoff_sector_bar
market.concept_daily_bar,em_core_conception:全系列产品采购优势,2026-07-21,2026-07-21,1,0,missing_cutoff_sector_bar
market.concept_daily_bar,em_core_conception:全面的业务资质,2026-07-21,2026-07-21,1,0,missing_cutoff_sector_bar
market.concept_daily_bar,em_core_conception:公司核心技术优势,2026-07-21,2026-07-21,1,0,missing_cutoff_sector_bar
market.concept_daily_bar,em_core_conception:内容资源优势,2026-07-21,2026-07-21,1,0,missing_cutoff_sector_bar
market.concept_daily_bar,em_core_conception:内窥镜系统,2026-07-21,2026-07-21,1,0,missing_cutoff_sector_bar
market.concept_daily_bar,em_core_conception:军品领域,2026-07-21,2026-07-21,1,0,missing_cutoff_sector_bar
market.concept_daily_bar,em_core_conception:军品领域未来发展可期,2026-07-21,2026-07-21,1,0,missing_cutoff_sector_bar
market.concept_daily_bar,em_core_conception:军工,2026-07-21,2026-07-21,1,0,missing_cutoff_sector_bar
market.concept_daily_bar,em_core_conception:军工业务板块,2026-07-21,2026-07-21,1,0,missing_cutoff_sector_bar
market.concept_daily_bar,em_core_conception:军工产业,2026-07-21,2026-07-21,1,0,missing_cutoff_sector_bar
market.concept_daily_bar,em_core_conception:农业,2026-07-21,2026-07-21,1,0,missing_cutoff_sector_bar
market.concept_daily_bar,em_core_conception:农业业务板块,2026-07-21,2026-07-21,1,0,missing_cutoff_sector_bar
market.concept_daily_bar,em_core_conception:农药中间体、医药中间体的研发、生产和销售,2026-07-21,2026-07-21,1,0,missing_cutoff_sector_bar
market.concept_daily_bar,em_core_conception:冠脉介入、神经介入,2026-07-21,2026-07-21,1,0,missing_cutoff_sector_bar
market.concept_daily_bar,em_core_conception:冠脉介入医疗器械行业,2026-07-21,2026-07-21,1,0,missing_cutoff_sector_bar
market.concept_daily_bar,em_core_conception:出版业,2026-07-21,2026-07-21,1,0,missing_cutoff_sector_bar
market.concept_daily_bar,em_core_conception:出版业务,2026-07-21,2026-07-21,1,0,missing_cutoff_sector_bar
market.concept_daily_bar,em_core_conception:创新业务的资源整合能力,2026-07-21,2026-07-21,1,0,missing_cutoff_sector_bar
market.concept_daily_bar,em_core_conception:创新型医疗器械成果转化经验,2026-07-21,2026-07-21,1,0,missing_cutoff_sector_bar
market.concept_daily_bar,em_core_conception:制剂业务,2026-07-21,2026-07-21,1,0,missing_cutoff_sector_bar
market.concept_daily_bar,em_core_conception:制药装备行业,2026-07-21,2026-07-21,1,0,missing_cutoff_sector_bar
market.concept_daily_bar,em_core_conception:制造和质量控制优势,2026-07-21,2026-07-21,1,0,missing_cutoff_sector_bar
market.concept_daily_bar,em_core_conception:动物器械行业,2026-07-21,2026-07-21,1,0,missing_cutoff_sector_bar
market.concept_daily_bar,em_core_conception:包装设备及配套包装材料的研发设计、生产制造、安装调试与技术服务,2026-07-21,2026-07-21,1,0,missing_cutoff_sector_bar
market.concept_daily_bar,em_core_conception:包装设备行业,2026-07-21,2026-07-21,1,0,missing_cutoff_sector_bar
market.concept_daily_bar,em_core_conception:化学原料及化学制品制造业,2026-07-21,2026-07-21,1,0,missing_cutoff_sector_bar
market.concept_daily_bar,em_core_conception:化学纤维制造业,2026-07-21,2026-07-21,1,0,missing_cutoff_sector_bar
market.concept_daily_bar,em_core_conception:化学纤维的生产和销售,2026-07-21,2026-07-21,1,0,missing_cutoff_sector_bar
market.concept_daily_bar,em_core_conception:区位与产业协同优势,2026-07-21,2026-07-21,1,0,missing_cutoff_sector_bar
market.concept_daily_bar,em_core_conception:区位优势,2026-07-21,2026-07-21,1,0,missing_cutoff_sector_bar
market.concept_daily_bar,em_core_conception:区位优势及客户资源优势,2026-07-21,2026-07-21,1,0,missing_cutoff_sector_bar
market.concept_daily_bar,em_core_conception:医用耗材智能装备,2026-07-21,2026-07-21,1,0,missing_cutoff_sector_bar
market.concept_daily_bar,em_core_conception:医疗器械、动物器械、实验室耗材,2026-07-21,2026-07-21,1,0,missing_cutoff_sector_bar
market.concept_daily_bar,em_core_conception:医疗器械行业,2026-07-21,2026-07-21,1,0,missing_cutoff_sector_bar
market.concept_daily_bar,em_core_conception:医疗设备部件行业,2026-07-21,2026-07-21,1,0,missing_cutoff_sector_bar
market.concept_daily_bar,em_core_conception:医药行业,2026-07-21,2026-07-21,1,0,missing_cutoff_sector_bar
market.concept_daily_bar,em_core_conception:半导体行业,2026-07-21,2026-07-21,1,0,missing_cutoff_sector_bar
market.concept_daily_bar,em_core_conception:卓越的管理团队,2026-07-21,2026-07-21,1,0,missing_cutoff_sector_bar
market.concept_daily_bar,em_core_conception:卓越的精益管理能力,2026-07-21,2026-07-21,1,0,missing_cutoff_sector_bar
market.concept_daily_bar,em_core_conception:印刷及物资贸易业务,2026-07-21,2026-07-21,1,0,missing_cutoff_sector_bar
market.concept_daily_bar,em_core_conception:印染行业,2026-07-21,2026-07-21,1,0,missing_cutoff_sector_bar
market.concept_daily_bar,em_core_conception:即饮产品“差异化”优势显著,2026-07-21,2026-07-21,1,0,missing_cutoff_sector_bar
market.concept_daily_bar,em_core_conception:即饮饮料市场,2026-07-21,2026-07-21,1,0,missing_cutoff_sector_bar
market.concept_daily_bar,em_core_conception:原创的动物组织工程和化学改性处理核心技术日臻成熟，为不断延伸拓展应用领域提供技术支撑，可在保障研发效率的同时有效控制成本,2026-07-21,2026-07-21,1,0,missing_cutoff_sector_bar
market.concept_daily_bar,em_core_conception:原料药行业,2026-07-21,2026-07-21,1,0,missing_cutoff_sector_bar
market.concept_daily_bar,em_core_conception:发电用发动机行业,2026-07-21,2026-07-21,1,0,missing_cutoff_sector_bar
market.concept_daily_bar,em_core_conception:发行业务,2026-07-21,2026-07-21,1,0,missing_cutoff_sector_bar
market.concept_daily_bar,em_core_conception:发行渠道优势,2026-07-21,2026-07-21,1,0,missing_cutoff_sector_bar
market.concept_daily_bar,em_core_conception:合规高效的质量体系优势,2026-07-21,2026-07-21,1,0,missing_cutoff_sector_bar
market.concept_daily_bar,em_core_conception:吻合器产品、手术支持类系列产品、轻度痔病治疗与泌尿术后康复护理类产品,2026-07-21,2026-07-21,1,0,missing_cutoff_sector_bar
market.concept_daily_bar,em_core_conception:呼吸健康领域医疗设备与耗材产品,2026-07-21,2026-07-21,1,0,missing_cutoff_sector_bar
market.concept_daily_bar,em_core_conception:品牌与渠道优势,2026-07-21,2026-07-21,1,0,missing_cutoff_sector_bar
market.concept_daily_bar,em_core_conception:品牌优势,2026-07-21,2026-07-21,1,0,missing_cutoff_sector_bar
market.concept_daily_bar,em_core_conception:品牌优势及行业地位优势,2026-07-21,2026-07-21,1,0,missing_cutoff_sector_bar
market.concept_daily_bar,em_core_conception:品牌创新能力,2026-07-21,2026-07-21,1,0,missing_cutoff_sector_bar
market.concept_daily_bar,em_core_conception:品牌及客户资源优势,2026-07-21,2026-07-21,1,0,missing_cutoff_sector_bar
market.concept_daily_bar,em_core_conception:品牌及营销网络优势,2026-07-21,2026-07-21,1,0,missing_cutoff_sector_bar
market.concept_daily_bar,em_core_conception:品牌和市场优势,2026-07-21,2026-07-21,1,0,missing_cutoff_sector_bar
market.concept_daily_bar,em_core_conception:品牌效应优势,2026-07-21,2026-07-21,1,0,missing_cutoff_sector_bar
market.concept_daily_bar,em_core_conception:品牌深化与拓展优势,2026-07-21,2026-07-21,1,0,missing_cutoff_sector_bar
market.concept_daily_bar,em_core_conception:品类型号健全优势,2026-07-21,2026-07-21,1,0,missing_cutoff_sector_bar
market.concept_daily_bar,em_core_conception:商业模式创新,2026-07-21,2026-07-21,1,0,missing_cutoff_sector_bar
market.concept_daily_bar,em_core_conception:商业模式创新优势,2026-07-21,2026-07-21,1,0,missing_cutoff_sector_bar
market.concept_daily_bar,em_core_conception:商用车智慧服务板块,2026-07-21,2026-07-21,1,0,missing_cutoff_sector_bar
market.concept_daily_bar,em_core_conception:团队优势,2026-07-21,2026-07-21,1,0,missing_cutoff_sector_bar
market.concept_daily_bar,em_core_conception:团队及管理优势,2026-07-21,2026-07-21,1,0,missing_cutoff_sector_bar
market.concept_daily_bar,em_core_conception:团队高度专业，管理规范高效,2026-07-21,2026-07-21,1,0,missing_cutoff_sector_bar
market.concept_daily_bar,em_core_conception:园林机械行业,2026-07-21,2026-07-21,1,0,missing_cutoff_sector_bar
market.concept_daily_bar,em_core_conception:园林机械零部件、汽车零部件、液压零部件的研发、生产和销售,2026-07-21,2026-07-21,1,0,missing_cutoff_sector_bar
market.concept_daily_bar,em_core_conception:在研产品,2026-07-21,2026-07-21,1,0,missing_cutoff_sector_bar
market.concept_daily_bar,em_core_conception:地产开发、酒店经营、物业服务、商业管理,2026-07-21,2026-07-21,1,0,missing_cutoff_sector_bar
market.concept_daily_bar,em_core_conception:坚守食品安全红线，全面强化产品质量管理,2026-07-21,2026-07-21,1,0,missing_cutoff_sector_bar
market.concept_daily_bar,em_core_conception:基金销售业务,2026-07-21,2026-07-21,1,0,missing_cutoff_sector_bar
market.concept_daily_bar,em_core_conception:塑料制品行业,2026-07-21,2026-07-21,1,0,missing_cutoff_sector_bar
market.concept_daily_bar,em_core_conception:境外金融服务业务,2026-07-21,2026-07-21,1,0,missing_cutoff_sector_bar
market.concept_daily_bar,em_core_conception:复合调味料行业,2026-07-21,2026-07-21,1,0,missing_cutoff_sector_bar
market.concept_daily_bar,em_core_conception:多维度的综合化供应链管理能力,2026-07-21,2026-07-21,1,0,missing_cutoff_sector_bar
market.concept_daily_bar,em_core_conception:多维度的综合服务能力,2026-07-21,2026-07-21,1,0,missing_cutoff_sector_bar
market.concept_daily_bar,em_core_conception:大型项目管理与交付实施优势,2026-07-21,2026-07-21,1,0,missing_cutoff_sector_bar
market.concept_daily_bar,em_core_conception:大客户优势,2026-07-21,2026-07-21,1,0,missing_cutoff_sector_bar
market.concept_daily_bar,em_core_conception:奶茶产品市场地位稳固,2026-07-21,2026-07-21,1,0,missing_cutoff_sector_bar
market.concept_daily_bar,em_core_conception:奶茶市场,2026-07-21,2026-07-21,1,0,missing_cutoff_sector_bar
market.concept_daily_bar,em_core_conception:威高血液净化智能化生产建设等项目,2026-07-21,2026-07-21,1,0,missing_cutoff_sector_bar
market.concept_daily_bar,em_core_conception:安全管理体系规范，责任落实清晰,2026-07-21,2026-07-21,1,0,missing_cutoff_sector_bar
market.concept_daily_bar,em_core_conception:安全质量控制优势,2026-07-21,2026-07-21,1,0,missing_cutoff_sector_bar
market.concept_daily_bar,em_core_conception:完善的产业链及多元化产品优势,2026-07-21,2026-07-21,1,0,missing_cutoff_sector_bar
market.concept_daily_bar,em_core_conception:完善的产品质量保障体系,2026-07-21,2026-07-21,1,0,missing_cutoff_sector_bar
market.concept_daily_bar,em_core_conception:实控人变更为楼永良,2026-07-21,2026-07-21,1,0,missing_cutoff_sector_bar
market.concept_daily_bar,em_core_conception:实验室耗材行业,2026-07-21,2026-07-21,1,0,missing_cutoff_sector_bar
market.concept_daily_bar,em_core_conception:实验检测优势,2026-07-21,2026-07-21,1,0,missing_cutoff_sector_bar
market.concept_daily_bar,em_core_conception:客户优势,2026-07-21,2026-07-21,1,0,missing_cutoff_sector_bar
market.concept_daily_bar,em_core_conception:客户结构优势,2026-07-21,2026-07-21,1,0,missing_cutoff_sector_bar
market.concept_daily_bar,em_core_conception:客户认证优势,2026-07-21,2026-07-21,1,0,missing_cutoff_sector_bar
market.concept_daily_bar,em_core_conception:客户质量优势,2026-07-21,2026-07-21,1,0,missing_cutoff_sector_bar
market.concept_daily_bar,em_core_conception:客户资源优势,2026-07-21,2026-07-21,1,0,missing_cutoff_sector_bar
market.concept_daily_bar,em_core_conception:客户资源优质,2026-07-21,2026-07-21,1,0,missing_cutoff_sector_bar
market.concept_daily_bar,em_core_conception:客户资源稳定，行业覆盖多元,2026-07-21,2026-07-21,1,0,missing_cutoff_sector_bar
market.concept_daily_bar,em_core_conception:对外投资设立熊猫烟花(集团)有限公司,2026-07-21,2026-07-21,1,0,missing_cutoff_sector_bar
market.concept_daily_bar,em_core_conception:尼龙6切片、尼龙6丝线、帘子布,2026-07-21,2026-07-21,1,0,missing_cutoff_sector_bar
market.concept_daily_bar,em_core_conception:尼龙6行业,2026-07-21,2026-07-21,1,0,missing_cutoff_sector_bar
market.concept_daily_bar,em_core_conception:工业用不锈钢管及管件的研发、生产与销售,2026-07-21,2026-07-21,1,0,missing_cutoff_sector_bar
market.concept_daily_bar,em_core_conception:工业用不锈钢管行业,2026-07-21,2026-07-21,1,0,missing_cutoff_sector_bar
market.concept_daily_bar,em_core_conception:工艺技术优势,2026-07-21,2026-07-21,1,0,missing_cutoff_sector_bar
market.concept_daily_bar,em_core_conception:工艺装备优势,2026-07-21,2026-07-21,1,0,missing_cutoff_sector_bar
market.concept_daily_bar,em_core_conception:差别化涤纶长丝及PTT纤维、再生环保纤维,2026-07-21,2026-07-21,1,0,missing_cutoff_sector_bar
market.concept_daily_bar,em_core_conception:已回购1%股份,2026-07-21,2026-07-21,1,0,missing_cutoff_sector_bar
market.concept_daily_bar,em_core_conception:市场先发优势,2026-07-21,2026-07-21,1,0,missing_cutoff_sector_bar
market.concept_daily_bar,em_core_conception:市场结构多元化优势,2026-07-21,2026-07-21,1,0,missing_cutoff_sector_bar
market.concept_daily_bar,em_core_conception:市场规模和品牌优势,2026-07-21,2026-07-21,1,0,missing_cutoff_sector_bar
market.concept_daily_bar,em_core_conception:布局全国，跨区域发展,2026-07-21,2026-07-21,1,0,missing_cutoff_sector_bar
market.concept_daily_bar,em_core_conception:帘子布行业,2026-07-21,2026-07-21,1,0,missing_cutoff_sector_bar
market.concept_daily_bar,em_core_conception:干散货海运行业,2026-07-21,2026-07-21,1,0,missing_cutoff_sector_bar
market.concept_daily_bar,"em_core_conception:年产 62,000吨高档功能性绿色环保纺织面料技改搬迁项目",2026-07-21,2026-07-21,1,0,missing_cutoff_sector_bar
market.concept_daily_bar,em_core_conception:年产1000台液相色谱系列分离装备生产项目,2026-07-21,2026-07-21,1,0,missing_cutoff_sector_bar
market.concept_daily_bar,em_core_conception:年产10万吨改性高分子新材料项目(一期),2026-07-21,2026-07-21,1,0,missing_cutoff_sector_bar
market.concept_daily_bar,em_core_conception:年产30万台呼吸机及350万套配件等4个项目,2026-07-21,2026-07-21,1,0,missing_cutoff_sector_bar
market.concept_daily_bar,em_core_conception:年产50000吨高性能革基布坯布织造生产线建设等3个项目,2026-07-21,2026-07-21,1,0,missing_cutoff_sector_bar
market.concept_daily_bar,em_core_conception:广泛分布的营业网络,2026-07-21,2026-07-21,1,0,missing_cutoff_sector_bar
market.concept_daily_bar,em_core_conception:建筑工程业务,2026-07-21,2026-07-21,1,0,missing_cutoff_sector_bar
market.concept_daily_bar,em_core_conception:建筑工程行业,2026-07-21,2026-07-21,1,0,missing_cutoff_sector_bar
market.concept_daily_bar,em_core_conception:强大的业务团队,2026-07-21,2026-07-21,1,0,missing_cutoff_sector_bar
market.concept_daily_bar,em_core_conception:强大的创新能力保障本公司把握中国期货行业改革带来的机遇,2026-07-21,2026-07-21,1,0,missing_cutoff_sector_bar
market.concept_daily_bar,em_core_conception:强大的品牌优势,2026-07-21,2026-07-21,1,0,missing_cutoff_sector_bar
market.concept_daily_bar,em_core_conception:强大的客户服务能力,2026-07-21,2026-07-21,1,0,missing_cutoff_sector_bar
market.concept_daily_bar,em_core_conception:强大的技术研发实力,2026-07-21,2026-07-21,1,0,missing_cutoff_sector_bar
market.concept_daily_bar,em_core_conception:强大的自主研发与技术创新能力,2026-07-21,2026-07-21,1,0,missing_cutoff_sector_bar
market.concept_daily_bar,em_core_conception:强大的自主研发能力,2026-07-21,2026-07-21,1,0,missing_cutoff_sector_bar
market.concept_daily_bar,em_core_conception:循环经济优势,2026-07-21,2026-07-21,1,0,missing_cutoff_sector_bar
market.concept_daily_bar,em_core_conception:循证医学为基础的产品理念,2026-07-21,2026-07-21,1,0,missing_cutoff_sector_bar
market.concept_daily_bar,em_core_conception:快速响应优势,2026-07-21,2026-07-21,1,0,missing_cutoff_sector_bar
market.concept_daily_bar,em_core_conception:快速响应及本土化服务优势,2026-07-21,2026-07-21,1,0,missing_cutoff_sector_bar
market.concept_daily_bar,em_core_conception:成熟的全球质量合规体系,2026-07-21,2026-07-21,1,0,missing_cutoff_sector_bar
market.concept_daily_bar,em_core_conception:成熟稳定的生产工艺以及不断提高的自动化程度,2026-07-21,2026-07-21,1,0,missing_cutoff_sector_bar
market.concept_daily_bar,em_core_conception:战略发展规划,2026-07-21,2026-07-21,1,0,missing_cutoff_sector_bar
market.concept_daily_bar,em_core_conception:房地产行业,2026-07-21,2026-07-21,1,0,missing_cutoff_sector_bar
market.concept_daily_bar,em_core_conception:手术动力系统产业化项目、研发中心建设项目等5个项目,2026-07-21,2026-07-21,1,0,missing_cutoff_sector_bar
market.concept_daily_bar,em_core_conception:手术动力装置,2026-07-21,2026-07-21,1,0,missing_cutoff_sector_bar
market.concept_daily_bar,em_core_conception:手术机器人行业,2026-07-21,2026-07-21,1,0,missing_cutoff_sector_bar
market.concept_daily_bar,em_core_conception:扩大再制造暨后市场服务能力等项目,2026-07-21,2026-07-21,1,0,missing_cutoff_sector_bar
market.concept_daily_bar,em_core_conception:批量精装修业务,2026-07-21,2026-07-21,1,0,missing_cutoff_sector_bar
market.concept_daily_bar,em_core_conception:技术、渠道等壁垒优势,2026-07-21,2026-07-21,1,0,missing_cutoff_sector_bar
market.concept_daily_bar,em_core_conception:技术与产品质量优势,2026-07-21,2026-07-21,1,0,missing_cutoff_sector_bar
market.concept_daily_bar,em_core_conception:技术与研发优势,2026-07-21,2026-07-21,1,0,missing_cutoff_sector_bar
market.concept_daily_bar,em_core_conception:技术优势,2026-07-21,2026-07-21,1,0,missing_cutoff_sector_bar
market.concept_daily_bar,em_core_conception:技术创新,2026-07-21,2026-07-21,1,0,missing_cutoff_sector_bar
market.concept_daily_bar,em_core_conception:技术创新优势,2026-07-21,2026-07-21,1,0,missing_cutoff_sector_bar
market.concept_daily_bar,em_core_conception:技术创新和研发优势,2026-07-21,2026-07-21,1,0,missing_cutoff_sector_bar
market.concept_daily_bar,em_core_conception:技术及研发优势,2026-07-21,2026-07-21,1,0,missing_cutoff_sector_bar
market.concept_daily_bar,em_core_conception:技术和制造优势,2026-07-21,2026-07-21,1,0,missing_cutoff_sector_bar
market.concept_daily_bar,em_core_conception:技术和装备优势,2026-07-21,2026-07-21,1,0,missing_cutoff_sector_bar
market.concept_daily_bar,em_core_conception:技术和设备工艺优势,2026-07-21,2026-07-21,1,0,missing_cutoff_sector_bar
market.concept_daily_bar,em_core_conception:技术工艺优势,2026-07-21,2026-07-21,1,0,missing_cutoff_sector_bar
market.concept_daily_bar,em_core_conception:技术平台驱动的持续创新能力,2026-07-21,2026-07-21,1,0,missing_cutoff_sector_bar
market.concept_daily_bar,em_core_conception:技术研发与系统解决方案优势,2026-07-21,2026-07-21,1,0,missing_cutoff_sector_bar
market.concept_daily_bar,em_core_conception:技术研发优势,2026-07-21,2026-07-21,1,0,missing_cutoff_sector_bar
market.concept_daily_bar,em_core_conception:技术研发及装备优势,2026-07-21,2026-07-21,1,0,missing_cutoff_sector_bar
market.concept_daily_bar,em_core_conception:技术科研优势,2026-07-21,2026-07-21,1,0,missing_cutoff_sector_bar
market.concept_daily_bar,em_core_conception:技术营销优势,2026-07-21,2026-07-21,1,0,missing_cutoff_sector_bar
market.concept_daily_bar,em_core_conception:技术装备优势,2026-07-21,2026-07-21,1,0,missing_cutoff_sector_bar
market.concept_daily_bar,em_core_conception:技术领先优势,2026-07-21,2026-07-21,1,0,missing_cutoff_sector_bar
market.concept_daily_bar,em_core_conception:拟15.2亿元投建丽景园产业基地,2026-07-21,2026-07-21,1,0,missing_cutoff_sector_bar
market.concept_daily_bar,em_core_conception:拟1亿-2.1亿元回购股份,2026-07-21,2026-07-21,1,0,missing_cutoff_sector_bar
market.concept_daily_bar,em_core_conception:拟2.5亿元收购快游科技 进入游戏产业,2026-07-21,2026-07-21,1,0,missing_cutoff_sector_bar
market.concept_daily_bar,em_core_conception:拟2500万元-5000万元回购股份,2026-07-21,2026-07-21,1,0,missing_cutoff_sector_bar
market.concept_daily_bar,em_core_conception:拟3800万欧元收购德国汽车零部件供应商,2026-07-21,2026-07-21,1,0,missing_cutoff_sector_bar
market.concept_daily_bar,em_core_conception:拟公开发行可转债建设包装设备项目,2026-07-21,2026-07-21,1,0,missing_cutoff_sector_bar
market.concept_daily_bar,em_core_conception:拟收购海神制药100%股权,2026-07-21,2026-07-21,1,0,missing_cutoff_sector_bar
market.concept_daily_bar,em_core_conception:拟收购食品包装机械公司80%股份,2026-07-21,2026-07-21,1,0,missing_cutoff_sector_bar
market.concept_daily_bar,em_core_conception:拟斥资2亿至3亿元回购公司股份,2026-07-21,2026-07-21,1,0,missing_cutoff_sector_bar
market.concept_daily_bar,em_core_conception:拟斥资6500万元至1.3亿元回购公司股份,2026-07-21,2026-07-21,1,0,missing_cutoff_sector_bar
market.concept_daily_bar,em_core_conception:拟新建精密超长管不锈钢管项目,2026-07-21,2026-07-21,1,0,missing_cutoff_sector_bar
market.concept_daily_bar,em_core_conception:持续加强渠道建设维护，经销体系不断优化,2026-07-21,2026-07-21,1,0,missing_cutoff_sector_bar
market.concept_daily_bar,em_core_conception:持续提升的行业影响力和资源整合能力,2026-07-21,2026-07-21,1,0,missing_cutoff_sector_bar
market.concept_daily_bar,em_core_conception:持续稳定的安全保障能力,2026-07-21,2026-07-21,1,0,missing_cutoff_sector_bar
market.concept_daily_bar,em_core_conception:摩擦材料及制动产品的研发、生产和销售,2026-07-21,2026-07-21,1,0,missing_cutoff_sector_bar
market.concept_daily_bar,em_core_conception:教育信息化业务,2026-07-21,2026-07-21,1,0,missing_cutoff_sector_bar
market.concept_daily_bar,em_core_conception:教育信息化行业,2026-07-21,2026-07-21,1,0,missing_cutoff_sector_bar
market.concept_daily_bar,em_core_conception:教育服务,2026-07-21,2026-07-21,1,0,missing_cutoff_sector_bar
market.concept_daily_bar,em_core_conception:数字化管理优势,2026-07-21,2026-07-21,1,0,missing_cutoff_sector_bar
market.concept_daily_bar,em_core_conception:文化传承与社会责任优势,2026-07-21,2026-07-21,1,0,missing_cutoff_sector_bar
market.concept_daily_bar,em_core_conception:文化消费,2026-07-21,2026-07-21,1,0,missing_cutoff_sector_bar
market.concept_daily_bar,em_core_conception:文化行业,2026-07-21,2026-07-21,1,0,missing_cutoff_sector_bar
market.concept_daily_bar,em_core_conception:新能源汽车及高效电机用特种线材项目,2026-07-21,2026-07-21,1,0,missing_cutoff_sector_bar
market.concept_daily_bar,em_core_conception:新能源汽车行业,2026-07-21,2026-07-21,1,0,missing_cutoff_sector_bar
market.concept_daily_bar,em_core_conception:无人飞行系统,2026-07-21,2026-07-21,1,0,missing_cutoff_sector_bar
market.concept_daily_bar,em_core_conception:日渐完善的三废处理技术及环保设备,2026-07-21,2026-07-21,1,0,missing_cutoff_sector_bar
market.concept_daily_bar,em_core_conception:智能制造装备行业,2026-07-21,2026-07-21,1,0,missing_cutoff_sector_bar
market.concept_daily_bar,em_core_conception:智能化、专业化和规模化生产优势,2026-07-21,2026-07-21,1,0,missing_cutoff_sector_bar
market.concept_daily_bar,em_core_conception:智能化物流装备综合解决方案,2026-07-21,2026-07-21,1,0,missing_cutoff_sector_bar
market.concept_daily_bar,em_core_conception:智能时尚电器的研发、制造、销售,2026-07-21,2026-07-21,1,0,missing_cutoff_sector_bar
market.concept_daily_bar,em_core_conception:智能物流装备行业,2026-07-21,2026-07-21,1,0,missing_cutoff_sector_bar
market.concept_daily_bar,em_core_conception:智能生产优势,2026-07-21,2026-07-21,1,0,missing_cutoff_sector_bar
market.concept_daily_bar,em_core_conception:智能防务装备,2026-07-21,2026-07-21,1,0,missing_cutoff_sector_bar
market.concept_daily_bar,em_core_conception:智能防务装备领域,2026-07-21,2026-07-21,1,0,missing_cutoff_sector_bar
market.concept_daily_bar,em_core_conception:曲轴业务,2026-07-21,2026-07-21,1,0,missing_cutoff_sector_bar
market.concept_daily_bar,em_core_conception:服务网络和客户优势,2026-07-21,2026-07-21,1,0,missing_cutoff_sector_bar
market.concept_daily_bar,em_core_conception:服务能力优势,2026-07-21,2026-07-21,1,0,missing_cutoff_sector_bar
market.concept_daily_bar,em_core_conception:服务能力全方位,2026-07-21,2026-07-21,1,0,missing_cutoff_sector_bar
market.concept_daily_bar,em_core_conception:期货投资咨询业务,2026-07-21,2026-07-21,1,0,missing_cutoff_sector_bar
market.concept_daily_bar,em_core_conception:期货经纪业务,2026-07-21,2026-07-21,1,0,missing_cutoff_sector_bar
market.concept_daily_bar,em_core_conception:期货行业,2026-07-21,2026-07-21,1,0,missing_cutoff_sector_bar
market.concept_daily_bar,em_core_conception:机器人核心零部件制造板块,2026-07-21,2026-07-21,1,0,missing_cutoff_sector_bar
market.concept_daily_bar,em_core_conception:机械设备工业服务行业,2026-07-21,2026-07-21,1,0,missing_cutoff_sector_bar
market.concept_daily_bar,em_core_conception:机械设备综合后市场服务,2026-07-21,2026-07-21,1,0,missing_cutoff_sector_bar
market.concept_daily_bar,em_core_conception:染整工艺技术优势,2026-07-21,2026-07-21,1,0,missing_cutoff_sector_bar
market.concept_daily_bar,em_core_conception:核心团队优势,2026-07-21,2026-07-21,1,0,missing_cutoff_sector_bar
market.concept_daily_bar,em_core_conception:核心技术优势明显,2026-07-21,2026-07-21,1,0,missing_cutoff_sector_bar
market.concept_daily_bar,em_core_conception:核心技术领先,2026-07-21,2026-07-21,1,0,missing_cutoff_sector_bar
market.concept_daily_bar,em_core_conception:核心材料的自主培育优势,2026-07-21,2026-07-21,1,0,missing_cutoff_sector_bar
market.concept_daily_bar,em_core_conception:模具设计开发优势,2026-07-21,2026-07-21,1,0,missing_cutoff_sector_bar
market.concept_daily_bar,em_core_conception:模塑绝缘制品,2026-07-21,2026-07-21,1,0,missing_cutoff_sector_bar
market.concept_daily_bar,em_core_conception:气体绝缘开关设备,2026-07-21,2026-07-21,1,0,missing_cutoff_sector_bar
market.concept_daily_bar,em_core_conception:水务行业,2026-07-21,2026-07-21,1,0,missing_cutoff_sector_bar
market.concept_daily_bar,em_core_conception:水环境及市政工程业务,2026-07-21,2026-07-21,1,0,missing_cutoff_sector_bar
market.concept_daily_bar,em_core_conception:水环境和水生态修复业务,2026-07-21,2026-07-21,1,0,missing_cutoff_sector_bar
market.concept_daily_bar,em_core_conception:水环境治理行业,2026-07-21,2026-07-21,1,0,missing_cutoff_sector_bar
market.concept_daily_bar,em_core_conception:江海联运及远洋干散货水上运输物流服务,2026-07-21,2026-07-21,1,0,missing_cutoff_sector_bar
market.concept_daily_bar,em_core_conception:污水处理与资源化利用业务,2026-07-21,2026-07-21,1,0,missing_cutoff_sector_bar
market.concept_daily_bar,em_core_conception:汽车主机厂原厂认证先发优势,2026-07-21,2026-07-21,1,0,missing_cutoff_sector_bar
market.concept_daily_bar,em_core_conception:汽车传动系统制造板块,2026-07-21,2026-07-21,1,0,missing_cutoff_sector_bar
market.concept_daily_bar,em_core_conception:汽车制造业,2026-07-21,2026-07-21,1,0,missing_cutoff_sector_bar
market.concept_daily_bar,em_core_conception:汽车涂料行业,2026-07-21,2026-07-21,1,0,missing_cutoff_sector_bar
market.concept_daily_bar,em_core_conception:汽车电子产品,2026-07-21,2026-07-21,1,0,missing_cutoff_sector_bar
market.concept_daily_bar,em_core_conception:汽车行业,2026-07-21,2026-07-21,1,0,missing_cutoff_sector_bar
market.concept_daily_bar,em_core_conception:汽车铝合金精密压铸件的研发、生产及销售,2026-07-21,2026-07-21,1,0,missing_cutoff_sector_bar
market.concept_daily_bar,em_core_conception:汽车零部件,2026-07-21,2026-07-21,1,0,missing_cutoff_sector_bar
market.concept_daily_bar,em_core_conception:汽车零部件制造业,2026-07-21,2026-07-21,1,0,missing_cutoff_sector_bar
market.concept_daily_bar,em_core_conception:汽车零部件的研发、制造与销售,2026-07-21,2026-07-21,1,0,missing_cutoff_sector_bar
market.concept_daily_bar,em_core_conception:汽车零部件行业,2026-07-21,2026-07-21,1,0,missing_cutoff_sector_bar
market.concept_daily_bar,em_core_conception:洗涤用品行业,2026-07-21,2026-07-21,1,0,missing_cutoff_sector_bar
market.concept_daily_bar,"em_core_conception:浙江昊龙电气有限公司年产1,600万件园林机械关键零部件新建项目",2026-07-21,2026-07-21,1,0,missing_cutoff_sector_bar
market.concept_daily_bar,"em_core_conception:浙江昊龙电气有限公司年产1,800万件汽车精密铝压铸零部件新建项目",2026-07-21,2026-07-21,1,0,missing_cutoff_sector_bar
market.concept_daily_bar,em_core_conception:浙江锋龙电气股份有限公司研发中心升级项目,2026-07-21,2026-07-21,1,0,missing_cutoff_sector_bar
market.concept_daily_bar,em_core_conception:海外布局优势,2026-07-21,2026-07-21,1,0,missing_cutoff_sector_bar
market.concept_daily_bar,em_core_conception:海西龙头机场，区域性航空枢纽,2026-07-21,2026-07-21,1,0,missing_cutoff_sector_bar
market.concept_daily_bar,em_core_conception:消费电子产品,2026-07-21,2026-07-21,1,0,missing_cutoff_sector_bar
market.concept_daily_bar,em_core_conception:涤纶面料的研发、生产和销售、无缝成衣的研发、生产和销售、涤纶长丝的研发、生产和销售、染整受托加工业务,2026-07-21,2026-07-21,1,0,missing_cutoff_sector_bar
market.concept_daily_bar,em_core_conception:润滑油行业,2026-07-21,2026-07-21,1,0,missing_cutoff_sector_bar
market.concept_daily_bar,em_core_conception:液压零部件行业,2026-07-21,2026-07-21,1,0,missing_cutoff_sector_bar
market.concept_daily_bar,em_core_conception:清晰的战略发展规划,2026-07-21,2026-07-21,1,0,missing_cutoff_sector_bar
market.concept_daily_bar,em_core_conception:渠道优势,2026-07-21,2026-07-21,1,0,missing_cutoff_sector_bar
market.concept_daily_bar,em_core_conception:渠道升级与多元化优势,2026-07-21,2026-07-21,1,0,missing_cutoff_sector_bar
market.concept_daily_bar,em_core_conception:烟花爆竹产品的出口贸易,2026-07-21,2026-07-21,1,0,missing_cutoff_sector_bar
market.concept_daily_bar,em_core_conception:烟花爆竹行业,2026-07-21,2026-07-21,1,0,missing_cutoff_sector_bar
market.concept_daily_bar,em_core_conception:烧碱,2026-07-21,2026-07-21,1,0,missing_cutoff_sector_bar
market.concept_daily_bar,em_core_conception:热转印碳带产品的研发、生产和销售,2026-07-21,2026-07-21,1,0,missing_cutoff_sector_bar
market.concept_daily_bar,em_core_conception:焊割设备制造,2026-07-21,2026-07-21,1,0,missing_cutoff_sector_bar
market.concept_daily_bar,em_core_conception:焊割设备制造行业,2026-07-21,2026-07-21,1,0,missing_cutoff_sector_bar
market.concept_daily_bar,em_core_conception:焊接行业,2026-07-21,2026-07-21,1,0,missing_cutoff_sector_bar
market.concept_daily_bar,em_core_conception:煤炭综采设备后市场服务行业情况,2026-07-21,2026-07-21,1,0,missing_cutoff_sector_bar
market.concept_daily_bar,em_core_conception:煤炭行业,2026-07-21,2026-07-21,1,0,missing_cutoff_sector_bar
market.concept_daily_bar,em_core_conception:煤炭贸易业务,2026-07-21,2026-07-21,1,0,missing_cutoff_sector_bar
market.concept_daily_bar,em_core_conception:物料处理行业,2026-07-21,2026-07-21,1,0,missing_cutoff_sector_bar
market.concept_daily_bar,em_core_conception:特色原料药研发、生产与销售,2026-07-21,2026-07-21,1,0,missing_cutoff_sector_bar
market.concept_daily_bar,em_core_conception:猪饲料的研发、生产和销售,2026-07-21,2026-07-21,1,0,missing_cutoff_sector_bar
market.concept_daily_bar,em_core_conception:环保清洁优势,2026-07-21,2026-07-21,1,0,missing_cutoff_sector_bar
market.concept_daily_bar,em_core_conception:环保用过滤布和袋等工业过滤关键部件和材料,2026-07-21,2026-07-21,1,0,missing_cutoff_sector_bar
market.concept_daily_bar,em_core_conception:现代物流,2026-07-21,2026-07-21,1,0,missing_cutoff_sector_bar
market.concept_daily_bar,em_core_conception:瓶坯制品及其它,2026-07-21,2026-07-21,1,0,missing_cutoff_sector_bar
market.concept_daily_bar,em_core_conception:瓶坯成型装备行业,2026-07-21,2026-07-21,1,0,missing_cutoff_sector_bar
market.concept_daily_bar,em_core_conception:瓶坯智能成型系统,2026-07-21,2026-07-21,1,0,missing_cutoff_sector_bar
market.concept_daily_bar,em_core_conception:瓶坯模具,2026-07-21,2026-07-21,1,0,missing_cutoff_sector_bar
market.concept_daily_bar,em_core_conception:生产体系智能化优势,2026-07-21,2026-07-21,1,0,missing_cutoff_sector_bar
market.concept_daily_bar,em_core_conception:生产制造优势,2026-07-21,2026-07-21,1,0,missing_cutoff_sector_bar
market.concept_daily_bar,em_core_conception:生产运营优势,2026-07-21,2026-07-21,1,0,missing_cutoff_sector_bar
market.concept_daily_bar,em_core_conception:电力设备行业,2026-07-21,2026-07-21,1,0,missing_cutoff_sector_bar
market.concept_daily_bar,em_core_conception:电动工具的研发、生产和销售,2026-07-21,2026-07-21,1,0,missing_cutoff_sector_bar
market.concept_daily_bar,em_core_conception:电动工具行业,2026-07-21,2026-07-21,1,0,missing_cutoff_sector_bar
market.concept_daily_bar,em_core_conception:电机及电动操作机构,2026-07-21,2026-07-21,1,0,missing_cutoff_sector_bar
market.concept_daily_bar,em_core_conception:电气机柜,2026-07-21,2026-07-21,1,0,missing_cutoff_sector_bar
market.concept_daily_bar,em_core_conception:电气机械和器材制造业,2026-07-21,2026-07-21,1,0,missing_cutoff_sector_bar
market.concept_daily_bar,em_core_conception:电石,2026-07-21,2026-07-21,1,0,missing_cutoff_sector_bar
market.concept_daily_bar,em_core_conception:电磁线的研发、生产和销售,2026-07-21,2026-07-21,1,0,missing_cutoff_sector_bar
market.concept_daily_bar,em_core_conception:电磁线行业,2026-07-21,2026-07-21,1,0,missing_cutoff_sector_bar
market.concept_daily_bar,em_core_conception:电线电缆行业,2026-07-21,2026-07-21,1,0,missing_cutoff_sector_bar
market.concept_daily_bar,em_core_conception:白酒的生产与销售,2026-07-21,2026-07-21,1,0,missing_cutoff_sector_bar
market.concept_daily_bar,em_core_conception:白酒行业,2026-07-21,2026-07-21,1,0,missing_cutoff_sector_bar
market.concept_daily_bar,em_core_conception:研发与技术优势,2026-07-21,2026-07-21,1,0,missing_cutoff_sector_bar
market.concept_daily_bar,em_core_conception:研发中心升级改造项目,2026-07-21,2026-07-21,1,0,missing_cutoff_sector_bar
market.concept_daily_bar,em_core_conception:研发中心升级项目,2026-07-21,2026-07-21,1,0,missing_cutoff_sector_bar
market.concept_daily_bar,em_core_conception:研发中心建设项目,2026-07-21,2026-07-21,1,0,missing_cutoff_sector_bar
market.concept_daily_bar,em_core_conception:研发优势,2026-07-21,2026-07-21,1,0,missing_cutoff_sector_bar
market.concept_daily_bar,em_core_conception:研发创新优势,2026-07-21,2026-07-21,1,0,missing_cutoff_sector_bar
market.concept_daily_bar,em_core_conception:研发及技术优势,2026-07-21,2026-07-21,1,0,missing_cutoff_sector_bar
market.concept_daily_bar,em_core_conception:研发和自主创新优势,2026-07-21,2026-07-21,1,0,missing_cutoff_sector_bar
market.concept_daily_bar,em_core_conception:研发团队与技术创新优势,2026-07-21,2026-07-21,1,0,missing_cutoff_sector_bar
market.concept_daily_bar,em_core_conception:研发实力较强，在研储备丰富,2026-07-21,2026-07-21,1,0,missing_cutoff_sector_bar
market.concept_daily_bar,em_core_conception:研发能力强大,2026-07-21,2026-07-21,1,0,missing_cutoff_sector_bar
market.concept_daily_bar,em_core_conception:研发能力较强,2026-07-21,2026-07-21,1,0,missing_cutoff_sector_bar
market.concept_daily_bar,em_core_conception:研发设计优势,2026-07-21,2026-07-21,1,0,missing_cutoff_sector_bar
market.concept_daily_bar,em_core_conception:硬件设计和算法开发能力加速产品迭代优化,2026-07-21,2026-07-21,1,0,missing_cutoff_sector_bar
market.concept_daily_bar,em_core_conception:碱性锌锰电池,2026-07-21,2026-07-21,1,0,missing_cutoff_sector_bar
market.concept_daily_bar,em_core_conception:碳性锌锰电池,2026-07-21,2026-07-21,1,0,missing_cutoff_sector_bar
market.concept_daily_bar,em_core_conception:神经介入医疗器械行业,2026-07-21,2026-07-21,1,0,missing_cutoff_sector_bar
market.concept_daily_bar,em_core_conception:积极开拓海外市场，国际化优势明显,2026-07-21,2026-07-21,1,0,missing_cutoff_sector_bar
market.concept_daily_bar,em_core_conception:积极拥抱国家集中带量采购政策,2026-07-21,2026-07-21,1,0,missing_cutoff_sector_bar
market.concept_daily_bar,em_core_conception:积极重视研发工作，提升产品创新能力,2026-07-21,2026-07-21,1,0,missing_cutoff_sector_bar
market.concept_daily_bar,em_core_conception:税收优惠,2026-07-21,2026-07-21,1,0,missing_cutoff_sector_bar
market.concept_daily_bar,em_core_conception:稳健扎实的财务支撑力,2026-07-21,2026-07-21,1,0,missing_cutoff_sector_bar
market.concept_daily_bar,em_core_conception:稳定的供应商网络和客户群体,2026-07-21,2026-07-21,1,0,missing_cutoff_sector_bar
market.concept_daily_bar,em_core_conception:稳定的客户渠道关系,2026-07-21,2026-07-21,1,0,missing_cutoff_sector_bar
market.concept_daily_bar,em_core_conception:稳定的渠道资源与完整的分销网络,2026-07-21,2026-07-21,1,0,missing_cutoff_sector_bar
market.concept_daily_bar,em_core_conception:稳定的生产管理团队优势,2026-07-21,2026-07-21,1,0,missing_cutoff_sector_bar
market.concept_daily_bar,em_core_conception:稳定的碘原料保障,2026-07-21,2026-07-21,1,0,missing_cutoff_sector_bar
market.concept_daily_bar,em_core_conception:稳定股价措施,2026-07-21,2026-07-21,1,0,missing_cutoff_sector_bar
market.concept_daily_bar,em_core_conception:空气悬架业务,2026-07-21,2026-07-21,1,0,missing_cutoff_sector_bar
market.concept_daily_bar,em_core_conception:立足中国、面向全球，构建深度覆盖及立体化的销售网络,2026-07-21,2026-07-21,1,0,missing_cutoff_sector_bar
market.concept_daily_bar,em_core_conception:第一期员工持股计划完成标的股票购买,2026-07-21,2026-07-21,1,0,missing_cutoff_sector_bar
market.concept_daily_bar,em_core_conception:筹划现金收购海神制药94.67%股权事项,2026-07-21,2026-07-21,1,0,missing_cutoff_sector_bar
market.concept_daily_bar,em_core_conception:管理优势,2026-07-21,2026-07-21,1,0,missing_cutoff_sector_bar
market.concept_daily_bar,em_core_conception:管理和人才优势,2026-07-21,2026-07-21,1,0,missing_cutoff_sector_bar
market.concept_daily_bar,em_core_conception:管理团队专业稳定，人才基础扎实,2026-07-21,2026-07-21,1,0,missing_cutoff_sector_bar
market.concept_daily_bar,em_core_conception:管理团队优势,2026-07-21,2026-07-21,1,0,missing_cutoff_sector_bar
market.concept_daily_bar,em_core_conception:管理能力与智能制造优势,2026-07-21,2026-07-21,1,0,missing_cutoff_sector_bar
market.concept_daily_bar,em_core_conception:粉粒体物料智能化处理系统,2026-07-21,2026-07-21,1,0,missing_cutoff_sector_bar
market.concept_daily_bar,em_core_conception:精密塑料模具的研发、设计、制造、电子产品SMT表面贴装业务,2026-07-21,2026-07-21,1,0,missing_cutoff_sector_bar
market.concept_daily_bar,em_core_conception:精密铝合金压铸件行业,2026-07-21,2026-07-21,1,0,missing_cutoff_sector_bar
market.concept_daily_bar,em_core_conception:精益管理与迭代能力,2026-07-21,2026-07-21,1,0,missing_cutoff_sector_bar
market.concept_daily_bar,em_core_conception:精细化工行业,2026-07-21,2026-07-21,1,0,missing_cutoff_sector_bar
market.concept_daily_bar,em_core_conception:精细化管理能力较强，注重成本管控,2026-07-21,2026-07-21,1,0,missing_cutoff_sector_bar
market.concept_daily_bar,em_core_conception:纺织业,2026-07-21,2026-07-21,1,0,missing_cutoff_sector_bar
market.concept_daily_bar,em_core_conception:纺织品的印染加工业务,2026-07-21,2026-07-21,1,0,missing_cutoff_sector_bar
market.concept_daily_bar,em_core_conception:纺织服装,2026-07-21,2026-07-21,1,0,missing_cutoff_sector_bar
market.concept_daily_bar,em_core_conception:纺织行业,2026-07-21,2026-07-21,1,0,missing_cutoff_sector_bar
market.concept_daily_bar,em_core_conception:线缆用高分子材料,2026-07-21,2026-07-21,1,0,missing_cutoff_sector_bar
market.concept_daily_bar,em_core_conception:线缆用高分子材料行业,2026-07-21,2026-07-21,1,0,missing_cutoff_sector_bar
market.concept_daily_bar,em_core_conception:组织保障能力,2026-07-21,2026-07-21,1,0,missing_cutoff_sector_bar
market.concept_daily_bar,em_core_conception:组织发展优势,2026-07-21,2026-07-21,1,0,missing_cutoff_sector_bar
market.concept_daily_bar,em_core_conception:细分市场竞争优势,2026-07-21,2026-07-21,1,0,missing_cutoff_sector_bar
market.concept_daily_bar,em_core_conception:经营管理优势,2026-07-21,2026-07-21,1,0,missing_cutoff_sector_bar
market.concept_daily_bar,em_core_conception:经验丰富的管理团队,2026-07-21,2026-07-21,1,0,missing_cutoff_sector_bar
market.concept_daily_bar,em_core_conception:经验丰富而稳定的高级管理团队,2026-07-21,2026-07-21,1,0,missing_cutoff_sector_bar
market.concept_daily_bar,em_core_conception:综合解决方案服务优势,2026-07-21,2026-07-21,1,0,missing_cutoff_sector_bar
market.concept_daily_bar,em_core_conception:绿色化的生产优势,2026-07-21,2026-07-21,1,0,missing_cutoff_sector_bar
market.concept_daily_bar,em_core_conception:绿色可持续发展优势,2026-07-21,2026-07-21,1,0,missing_cutoff_sector_bar
market.concept_daily_bar,em_core_conception:罐式集装箱后市场全生命周期服务,2026-07-21,2026-07-21,1,0,missing_cutoff_sector_bar
market.concept_daily_bar,em_core_conception:罐式集装箱的设计研发、生产制造和销售,2026-07-21,2026-07-21,1,0,missing_cutoff_sector_bar
market.concept_daily_bar,em_core_conception:罐式集装箱行业,2026-07-21,2026-07-21,1,0,missing_cutoff_sector_bar
market.concept_daily_bar,em_core_conception:罐箱信息服务,2026-07-21,2026-07-21,1,0,missing_cutoff_sector_bar
market.concept_daily_bar,em_core_conception:罐箱柔性化绿色智造灯塔工程等项目,2026-07-21,2026-07-21,1,0,missing_cutoff_sector_bar
market.concept_daily_bar,em_core_conception:职业教育业务,2026-07-21,2026-07-21,1,0,missing_cutoff_sector_bar
market.concept_daily_bar,em_core_conception:职业教育行业,2026-07-21,2026-07-21,1,0,missing_cutoff_sector_bar
market.concept_daily_bar,em_core_conception:聚氯乙烯,2026-07-21,2026-07-21,1,0,missing_cutoff_sector_bar
market.concept_daily_bar,em_core_conception:聚烯烃气力输送成套装备等项目,2026-07-21,2026-07-21,1,0,missing_cutoff_sector_bar
market.concept_daily_bar,em_core_conception:聚焦灵便型干散货船，运营经验丰富,2026-07-21,2026-07-21,1,0,missing_cutoff_sector_bar
market.concept_daily_bar,em_core_conception:聚酯纤维长丝行业,2026-07-21,2026-07-21,1,0,missing_cutoff_sector_bar
market.concept_daily_bar,em_core_conception:股东优势,2026-07-21,2026-07-21,1,0,missing_cutoff_sector_bar
market.concept_daily_bar,em_core_conception:股东签订《股份转让协议》暨控制权拟发生变更,2026-07-21,2026-07-21,1,0,missing_cutoff_sector_bar
market.concept_daily_bar,em_core_conception:股东解除一致行动关系,2026-07-21,2026-07-21,1,0,missing_cutoff_sector_bar
market.concept_daily_bar,em_core_conception:股利分配,2026-07-21,2026-07-21,1,0,missing_cutoff_sector_bar
market.concept_daily_bar,em_core_conception:能量手术设备,2026-07-21,2026-07-21,1,0,missing_cutoff_sector_bar
market.concept_daily_bar,em_core_conception:腹膜透析产品,2026-07-21,2026-07-21,1,0,missing_cutoff_sector_bar
market.concept_daily_bar,em_core_conception:自主创新优势,2026-07-21,2026-07-21,1,0,missing_cutoff_sector_bar
market.concept_daily_bar,em_core_conception:自动化产线设计开发优势,2026-07-21,2026-07-21,1,0,missing_cutoff_sector_bar
market.concept_daily_bar,em_core_conception:自愿锁定股份,2026-07-21,2026-07-21,1,0,missing_cutoff_sector_bar
market.concept_daily_bar,em_core_conception:航空运输业,2026-07-21,2026-07-21,1,0,missing_cutoff_sector_bar
market.concept_daily_bar,em_core_conception:良好的市场声誉,2026-07-21,2026-07-21,1,0,missing_cutoff_sector_bar
market.concept_daily_bar,em_core_conception:良好的质量管理水平,2026-07-21,2026-07-21,1,0,missing_cutoff_sector_bar
market.concept_daily_bar,em_core_conception:色谱分离纯化产品,2026-07-21,2026-07-21,1,0,missing_cutoff_sector_bar
market.concept_daily_bar,em_core_conception:节能环保和清洁生产优势,2026-07-21,2026-07-21,1,0,missing_cutoff_sector_bar
market.concept_daily_bar,em_core_conception:花卉产业,2026-07-21,2026-07-21,1,0,missing_cutoff_sector_bar
market.concept_daily_bar,em_core_conception:花卉商品贸易业务、花卉经纪代理服务、花卉运输代理服务,2026-07-21,2026-07-21,1,0,missing_cutoff_sector_bar
market.concept_daily_bar,em_core_conception:苏打水水源优势,2026-07-21,2026-07-21,1,0,missing_cutoff_sector_bar
market.concept_daily_bar,em_core_conception:苏打水细分行业,2026-07-21,2026-07-21,1,0,missing_cutoff_sector_bar
market.concept_daily_bar,em_core_conception:荆州经济技术开发区工业污水处 理厂二期提标升级改造工程等3个项目,2026-07-21,2026-07-21,1,0,missing_cutoff_sector_bar
market.concept_daily_bar,em_core_conception:药品及医疗器械研发、生产和销售,2026-07-21,2026-07-21,1,0,missing_cutoff_sector_bar
market.concept_daily_bar,em_core_conception:药用辅料及合成润滑基础油产品的研发、生产和销售,2026-07-21,2026-07-21,1,0,missing_cutoff_sector_bar
market.concept_daily_bar,em_core_conception:药辅行业,2026-07-21,2026-07-21,1,0,missing_cutoff_sector_bar
market.concept_daily_bar,em_core_conception:营销优势,2026-07-21,2026-07-21,1,0,missing_cutoff_sector_bar
market.concept_daily_bar,em_core_conception:营销体系优势,2026-07-21,2026-07-21,1,0,missing_cutoff_sector_bar
market.concept_daily_bar,em_core_conception:营销体系建设,2026-07-21,2026-07-21,1,0,missing_cutoff_sector_bar
market.concept_daily_bar,em_core_conception:营销网络成熟,2026-07-21,2026-07-21,1,0,missing_cutoff_sector_bar
market.concept_daily_bar,em_core_conception:血浆规模优势,2026-07-21,2026-07-21,1,0,missing_cutoff_sector_bar
market.concept_daily_bar,em_core_conception:血液净化耗材领域,2026-07-21,2026-07-21,1,0,missing_cutoff_sector_bar
market.concept_daily_bar,em_core_conception:血液净化行业,2026-07-21,2026-07-21,1,0,missing_cutoff_sector_bar
market.concept_daily_bar,em_core_conception:血液净化设备与耗材的研发、生产和销售,2026-07-21,2026-07-21,1,0,missing_cutoff_sector_bar
market.concept_daily_bar,em_core_conception:血液净化设备及高值耗材产业化等4个项目,2026-07-21,2026-07-21,1,0,missing_cutoff_sector_bar
market.concept_daily_bar,em_core_conception:血液净化设备行业,2026-07-21,2026-07-21,1,0,missing_cutoff_sector_bar
market.concept_daily_bar,em_core_conception:血液制品的研发、生产和销售,2026-07-21,2026-07-21,1,0,missing_cutoff_sector_bar
market.concept_daily_bar,em_core_conception:血液制品行业,2026-07-21,2026-07-21,1,0,missing_cutoff_sector_bar
market.concept_daily_bar,em_core_conception:血液透析产品,2026-07-21,2026-07-21,1,0,missing_cutoff_sector_bar
market.concept_daily_bar,em_core_conception:行业地位优势,2026-07-21,2026-07-21,1,0,missing_cutoff_sector_bar
market.concept_daily_bar,em_core_conception:行业壁垒高，议价能力强,2026-07-21,2026-07-21,1,0,missing_cutoff_sector_bar
market.concept_daily_bar,em_core_conception:行业经验及客户资源优势,2026-07-21,2026-07-21,1,0,missing_cutoff_sector_bar
market.concept_daily_bar,em_core_conception:表面活性剂和洗涤用品的研发、生产及销售,2026-07-21,2026-07-21,1,0,missing_cutoff_sector_bar
market.concept_daily_bar,em_core_conception:表面活性剂行业,2026-07-21,2026-07-21,1,0,missing_cutoff_sector_bar
market.concept_daily_bar,em_core_conception:装修装饰业务的领先经营能力,2026-07-21,2026-07-21,1,0,missing_cutoff_sector_bar
market.concept_daily_bar,em_core_conception:装修装饰行业,2026-07-21,2026-07-21,1,0,missing_cutoff_sector_bar
market.concept_daily_bar,em_core_conception:装备制造能力,2026-07-21,2026-07-21,1,0,missing_cutoff_sector_bar
market.concept_daily_bar,em_core_conception:装备能力,2026-07-21,2026-07-21,1,0,missing_cutoff_sector_bar
market.concept_daily_bar,em_core_conception:装备自主研发优势,2026-07-21,2026-07-21,1,0,missing_cutoff_sector_bar
market.concept_daily_bar,em_core_conception:装配式建筑行业,2026-07-21,2026-07-21,1,0,missing_cutoff_sector_bar
market.concept_daily_bar,em_core_conception:规模与产品矩阵优势,2026-07-21,2026-07-21,1,0,missing_cutoff_sector_bar
market.concept_daily_bar,em_core_conception:规模优势,2026-07-21,2026-07-21,1,0,missing_cutoff_sector_bar
market.concept_daily_bar,em_core_conception:规模化优势,2026-07-21,2026-07-21,1,0,missing_cutoff_sector_bar
market.concept_daily_bar,em_core_conception:规模和品类优势,2026-07-21,2026-07-21,1,0,missing_cutoff_sector_bar
market.concept_daily_bar,em_core_conception:规模和结构优势,2026-07-21,2026-07-21,1,0,missing_cutoff_sector_bar
market.concept_daily_bar,em_core_conception:规模效应与成本优势,2026-07-21,2026-07-21,1,0,missing_cutoff_sector_bar
market.concept_daily_bar,em_core_conception:规模效应带来成本优势,2026-07-21,2026-07-21,1,0,missing_cutoff_sector_bar
market.concept_daily_bar,em_core_conception:规模领先优势,2026-07-21,2026-07-21,1,0,missing_cutoff_sector_bar
market.concept_daily_bar,em_core_conception:质量优势,2026-07-21,2026-07-21,1,0,missing_cutoff_sector_bar
market.concept_daily_bar,em_core_conception:质量保障优势,2026-07-21,2026-07-21,1,0,missing_cutoff_sector_bar
market.concept_daily_bar,em_core_conception:质量控制优势,2026-07-21,2026-07-21,1,0,missing_cutoff_sector_bar
market.concept_daily_bar,em_core_conception:质量控制及品牌优势,2026-07-21,2026-07-21,1,0,missing_cutoff_sector_bar
market.concept_daily_bar,em_core_conception:质量控制和资质认证优势,2026-07-21,2026-07-21,1,0,missing_cutoff_sector_bar
market.concept_daily_bar,em_core_conception:质量管控与技术创新优势,2026-07-21,2026-07-21,1,0,missing_cutoff_sector_bar
market.concept_daily_bar,em_core_conception:质量管控优势,2026-07-21,2026-07-21,1,0,missing_cutoff_sector_bar
market.concept_daily_bar,em_core_conception:质量管理优势,2026-07-21,2026-07-21,1,0,missing_cutoff_sector_bar
market.concept_daily_bar,em_core_conception:贴近市场优势,2026-07-21,2026-07-21,1,0,missing_cutoff_sector_bar
market.concept_daily_bar,em_core_conception:资产管理业务,2026-07-21,2026-07-21,1,0,missing_cutoff_sector_bar
market.concept_daily_bar,em_core_conception:资源高效协同优势,2026-07-21,2026-07-21,1,0,missing_cutoff_sector_bar
market.concept_daily_bar,em_core_conception:资金获取优势,2026-07-21,2026-07-21,1,0,missing_cutoff_sector_bar
market.concept_daily_bar,em_core_conception:软件与信息技术服务业务,2026-07-21,2026-07-21,1,0,missing_cutoff_sector_bar
market.concept_daily_bar,em_core_conception:软件与信息技术服务业务优势,2026-07-21,2026-07-21,1,0,missing_cutoff_sector_bar
market.concept_daily_bar,em_core_conception:轴承套圈,2026-07-21,2026-07-21,1,0,missing_cutoff_sector_bar
market.concept_daily_bar,em_core_conception:轴承行业,2026-07-21,2026-07-21,1,0,missing_cutoff_sector_bar
market.concept_daily_bar,em_core_conception:轻烹解决方案行业,2026-07-21,2026-07-21,1,0,missing_cutoff_sector_bar
market.concept_daily_bar,em_core_conception:较为完备的建筑工程相关资质及多类型工程项目承接能力,2026-07-21,2026-07-21,1,0,missing_cutoff_sector_bar
market.concept_daily_bar,em_core_conception:过滤材料行业,2026-07-21,2026-07-21,1,0,missing_cutoff_sector_bar
market.concept_daily_bar,em_core_conception:运力资源整合能力突出，航线布局较为全面,2026-07-21,2026-07-21,1,0,missing_cutoff_sector_bar
market.concept_daily_bar,em_core_conception:运营管理团队,2026-07-21,2026-07-21,1,0,missing_cutoff_sector_bar
market.concept_daily_bar,em_core_conception:连接器制造行业,2026-07-21,2026-07-21,1,0,missing_cutoff_sector_bar
market.concept_daily_bar,em_core_conception:连杆业务,2026-07-21,2026-07-21,1,0,missing_cutoff_sector_bar
market.concept_daily_bar,em_core_conception:逆变焊割设备、焊接自动化系列产品、激光焊和焊接材料配件类产品、精密钣金型材机加类结构件产品的研发、生产、销售和服务,2026-07-21,2026-07-21,1,0,missing_cutoff_sector_bar
market.concept_daily_bar,em_core_conception:透析类、重症类、病房护理类、其他医用血液净化耗材,2026-07-21,2026-07-21,1,0,missing_cutoff_sector_bar
market.concept_daily_bar,em_core_conception:透析配套产品,2026-07-21,2026-07-21,1,0,missing_cutoff_sector_bar
market.concept_daily_bar,em_core_conception:配件及维修服务,2026-07-21,2026-07-21,1,0,missing_cutoff_sector_bar
market.concept_daily_bar,em_core_conception:配套加工优势,2026-07-21,2026-07-21,1,0,missing_cutoff_sector_bar
market.concept_daily_bar,em_core_conception:重大的股权投资,2026-07-21,2026-07-21,1,0,missing_cutoff_sector_bar
market.concept_daily_bar,em_core_conception:重整资源优势及优化的股东结构,2026-07-21,2026-07-21,1,0,missing_cutoff_sector_bar
market.concept_daily_bar,em_core_conception:金融资产投资业务,2026-07-21,2026-07-21,1,0,missing_cutoff_sector_bar
market.concept_daily_bar,em_core_conception:针织革基布,2026-07-21,2026-07-21,1,0,missing_cutoff_sector_bar
market.concept_daily_bar,em_core_conception:铸造机加工一体化优势,2026-07-21,2026-07-21,1,0,missing_cutoff_sector_bar
market.concept_daily_bar,em_core_conception:铸锻件业务（毛坯及成品）,2026-07-21,2026-07-21,1,0,missing_cutoff_sector_bar
market.concept_daily_bar,em_core_conception:销售渠道优势,2026-07-21,2026-07-21,1,0,missing_cutoff_sector_bar
market.concept_daily_bar,em_core_conception:销售网络优势,2026-07-21,2026-07-21,1,0,missing_cutoff_sector_bar
market.concept_daily_bar,em_core_conception:销售网络覆盖广泛,2026-07-21,2026-07-21,1,0,missing_cutoff_sector_bar
market.concept_daily_bar,em_core_conception:长春邦基-新建年产12万吨高档配合饲料智能生产车间项目等,2026-07-21,2026-07-21,1,0,missing_cutoff_sector_bar
market.concept_daily_bar,em_core_conception:雄厚的研发创新能力,2026-07-21,2026-07-21,1,0,missing_cutoff_sector_bar
market.concept_daily_bar,em_core_conception:非公开发行A股股票预案修订,2026-07-21,2026-07-21,1,0,missing_cutoff_sector_bar
market.concept_daily_bar,em_core_conception:预制构件模具、风电混塔模具、模台、桁架筋、楼承板等,2026-07-21,2026-07-21,1,0,missing_cutoff_sector_bar
market.concept_daily_bar,em_core_conception:领先技术优势,2026-07-21,2026-07-21,1,0,missing_cutoff_sector_bar
market.concept_daily_bar,em_core_conception:领先的品牌优势,2026-07-21,2026-07-21,1,0,missing_cutoff_sector_bar
market.concept_daily_bar,em_core_conception:领先的技术优势和扎实的工程化能力，系统性建立具有多领域研发转化潜力的生物医用膜技术平台,2026-07-21,2026-07-21,1,0,missing_cutoff_sector_bar
market.concept_daily_bar,em_core_conception:领先的技术水平和研发能力,2026-07-21,2026-07-21,1,0,missing_cutoff_sector_bar
market.concept_daily_bar,em_core_conception:领先的罐式集装箱制造能力,2026-07-21,2026-07-21,1,0,missing_cutoff_sector_bar
market.concept_daily_bar,em_core_conception:颇具特色的人文机场体验,2026-07-21,2026-07-21,1,0,missing_cutoff_sector_bar
market.concept_daily_bar,em_core_conception:风险管理业务,2026-07-21,2026-07-21,1,0,missing_cutoff_sector_bar
market.concept_daily_bar,em_core_conception:飞行服务与数据处理,2026-07-21,2026-07-21,1,0,missing_cutoff_sector_bar
market.concept_daily_bar,em_core_conception:食品安全管理优势,2026-07-21,2026-07-21,1,0,missing_cutoff_sector_bar
market.concept_daily_bar,em_core_conception:食品调味料的研发、生产和技术服务,2026-07-21,2026-07-21,1,0,missing_cutoff_sector_bar
market.concept_daily_bar,em_core_conception:饮品甜点配料行业,2026-07-21,2026-07-21,1,0,missing_cutoff_sector_bar
market.concept_daily_bar,em_core_conception:饮料相关产品的研发、生产和销售,2026-07-21,2026-07-21,1,0,missing_cutoff_sector_bar
market.concept_daily_bar,em_core_conception:饮用水业务,2026-07-21,2026-07-21,1,0,missing_cutoff_sector_bar
market.concept_daily_bar,em_core_conception:饲料品质优势,2026-07-21,2026-07-21,1,0,missing_cutoff_sector_bar
market.concept_daily_bar,em_core_conception:饲料行业,2026-07-21,2026-07-21,1,0,missing_cutoff_sector_bar
market.concept_daily_bar,em_core_conception:首次公开发行股票募投项目结项并将节余募集资金永久补充流动资金,2026-07-21,2026-07-21,1,0,missing_cutoff_sector_bar
market.concept_daily_bar,em_core_conception:骨科手术机器人,2026-07-21,2026-07-21,1,0,missing_cutoff_sector_bar
market.concept_daily_bar,em_core_conception:骨科手术机器人技术研发计划,2026-07-21,2026-07-21,1,0,missing_cutoff_sector_bar
market.concept_daily_bar,em_core_conception:骨科手术机器人运营中心建设项目,2026-07-21,2026-07-21,1,0,missing_cutoff_sector_bar
market.concept_daily_bar,em_core_conception:骨科手术机器人配套手术耗材、手术工具扩建项目,2026-07-21,2026-07-21,1,0,missing_cutoff_sector_bar
market.concept_daily_bar,em_core_conception:高分子材料行业,2026-07-21,2026-07-21,1,0,missing_cutoff_sector_bar
market.concept_daily_bar,em_core_conception:高分子材料高效能催化剂、化学助剂、高分子材料制造,2026-07-21,2026-07-21,1,0,missing_cutoff_sector_bar
market.concept_daily_bar,em_core_conception:高品质精细化工产品的研发、生产和销售,2026-07-21,2026-07-21,1,0,missing_cutoff_sector_bar
market.concept_daily_bar,em_core_conception:高品质酱酒酿造能力,2026-07-21,2026-07-21,1,0,missing_cutoff_sector_bar
market.concept_daily_bar,em_core_conception:高性能涂料产品,2026-07-21,2026-07-21,1,0,missing_cutoff_sector_bar
market.concept_daily_bar,em_core_conception:高性能环保锌锰电池的研发、生产及销售,2026-07-21,2026-07-21,1,0,missing_cutoff_sector_bar
market.concept_daily_bar,em_core_conception:高技术水平人才团队优势,2026-07-21,2026-07-21,1,0,missing_cutoff_sector_bar
market.concept_daily_bar,em_core_conception:高效、综合及稳定的网上交易平台,2026-07-21,2026-07-21,1,0,missing_cutoff_sector_bar
market.concept_daily_bar,em_core_conception:高效的运行保障服务,2026-07-21,2026-07-21,1,0,missing_cutoff_sector_bar
market.concept_daily_bar,em_core_conception:高标准、全流程的质量管理体系,2026-07-21,2026-07-21,1,0,missing_cutoff_sector_bar
market.concept_daily_bar,em_core_conception:高端医疗影像设备配套产品的生产,2026-07-21,2026-07-21,1,0,missing_cutoff_sector_bar
market.concept_daily_bar,em_core_conception:高精密零部件制造板块,2026-07-21,2026-07-21,1,0,missing_cutoff_sector_bar
market.concept_daily_bar,em_core_conception:黑色铸造与有色铸造，双轮驱动优势,2026-07-21,2026-07-21,1,0,missing_cutoff_sector_bar
market.concept_daily_bar,em_core_conception:龙头客户资源,2026-07-21,2026-07-21,1,0,missing_cutoff_sector_bar
market.index_daily_bar,BSE_50,,2026-07-21,252,21,insufficient_252_session_history
market.index_daily_bar,STAR_50,,2026-07-21,252,21,insufficient_252_session_history
market.industry_daily_bar,csrc:交通运输仓储业-交通运输辅助业,2026-07-21,2026-07-21,1,0,missing_cutoff_sector_bar
market.industry_daily_bar,csrc:交通运输仓储业-航空运输业,2026-07-21,2026-07-21,1,0,missing_cutoff_sector_bar
market.industry_daily_bar,csrc:信息技术业-通信及相关设备制造业,2026-07-21,2026-07-21,1,0,missing_cutoff_sector_bar
market.industry_daily_bar,csrc:制造业-交通运输设备制造业-机械设备仪表,2026-07-21,2026-07-21,1,0,missing_cutoff_sector_bar
market.industry_daily_bar,csrc:制造业-交通运输设备制造业-机械设备仪表-汽车制造业,2026-07-21,2026-07-21,1,0,missing_cutoff_sector_bar
market.industry_daily_bar,csrc:制造业-化学原料及化学制品制造业-石油化学塑胶塑料,2026-07-21,2026-07-21,1,0,missing_cutoff_sector_bar
market.industry_daily_bar,csrc:制造业-医药制造业-医药生物制品,2026-07-21,2026-07-21,1,0,missing_cutoff_sector_bar
market.industry_daily_bar,csrc:制造业-普通机械制造业-机械设备仪表,2026-07-21,2026-07-21,1,0,missing_cutoff_sector_bar
market.industry_daily_bar,csrc:制造业-有色金属冶炼及压延加工业-金属非金属,2026-07-21,2026-07-21,1,0,missing_cutoff_sector_bar
market.industry_daily_bar,csrc:制造业-有色金属冶炼及压延加工业-金属非金属-有色金属合金业,2026-07-21,2026-07-21,1,0,missing_cutoff_sector_bar
market.industry_daily_bar,csrc:制造业-电器机械及器材制造业-机械设备仪表,2026-07-21,2026-07-21,1,0,missing_cutoff_sector_bar
market.industry_daily_bar,csrc:制造业-石油加工及炼焦业-石油化学塑胶塑料,2026-07-21,2026-07-21,1,0,missing_cutoff_sector_bar
market.industry_daily_bar,csrc:制造业-非金属矿物制品业-金属非金属-水泥制造业,2026-07-21,2026-07-21,1,0,missing_cutoff_sector_bar
market.industry_daily_bar,csrc:制造业-黑色金属冶炼及压延加工业-金属非金属,2026-07-21,2026-07-21,1,0,missing_cutoff_sector_bar
market.industry_daily_bar,csrc:制造业-黑色金属冶炼及压延加工业-金属非金属-钢压延加工业,2026-07-21,2026-07-21,1,0,missing_cutoff_sector_bar
market.industry_daily_bar,csrc:建筑业-土木工程建筑业,2026-07-21,2026-07-21,1,0,missing_cutoff_sector_bar
market.industry_daily_bar,csrc:房地产业-房地产开发与经营业,2026-07-21,2026-07-21,1,0,missing_cutoff_sector_bar
market.industry_daily_bar,csrc:批发和零售贸易-零售业,2026-07-21,2026-07-21,1,0,missing_cutoff_sector_bar
market.industry_daily_bar,csrc:综合类,2026-07-21,2026-07-21,1,0,missing_cutoff_sector_bar
market.industry_daily_bar,csrc:采掘业-天然原油开采-石油和天然气开采业,2026-07-21,2026-07-21,1,0,missing_cutoff_sector_bar
market.industry_daily_bar,csrc:采掘业-石油和天然气开采业,2026-07-21,2026-07-21,1,0,missing_cutoff_sector_bar
market_daily_bar,CN:BJ:900901,2026-07-21,2026-07-21,1,0,missing_cutoff_bar
market_daily_bar,CN:BJ:900902,2026-07-21,2026-07-21,1,0,missing_cutoff_bar
market_daily_bar,CN:BJ:900903,2026-07-21,2026-07-21,1,0,missing_cutoff_bar
market_daily_bar,CN:BJ:900904,2026-07-21,2026-07-21,1,0,missing_cutoff_bar
market_daily_bar,CN:BJ:900905,2026-07-21,2026-07-21,1,0,missing_cutoff_bar
market_daily_bar,CN:BJ:900906,2026-07-21,2026-07-21,1,0,missing_cutoff_bar
market_daily_bar,CN:BJ:900908,2026-07-21,2026-07-21,1,0,missing_cutoff_bar
market_daily_bar,CN:BJ:900909,2026-07-21,2026-07-21,1,0,missing_cutoff_bar
market_daily_bar,CN:BJ:900910,2026-07-21,2026-07-21,1,0,missing_cutoff_bar
market_daily_bar,CN:BJ:900911,2026-07-21,2026-07-21,1,0,missing_cutoff_bar
market_daily_bar,CN:BJ:900912,2026-07-21,2026-07-21,1,0,missing_cutoff_bar
market_daily_bar,CN:BJ:900913,2026-07-21,2026-07-21,1,0,missing_cutoff_bar
market_daily_bar,CN:BJ:900914,2026-07-21,2026-07-21,1,0,missing_cutoff_bar
market_daily_bar,CN:BJ:900915,2026-07-21,2026-07-21,1,0,missing_cutoff_bar
market_daily_bar,CN:BJ:900916,2026-07-21,2026-07-21,1,0,missing_cutoff_bar
market_daily_bar,CN:BJ:900917,2026-07-21,2026-07-21,1,0,missing_cutoff_bar
market_daily_bar,CN:BJ:900918,2026-07-21,2026-07-21,1,0,missing_cutoff_bar
market_daily_bar,CN:BJ:900920,2026-07-21,2026-07-21,1,0,missing_cutoff_bar
market_daily_bar,CN:BJ:900921,2026-07-21,2026-07-21,1,0,missing_cutoff_bar
market_daily_bar,CN:BJ:900922,2026-07-21,2026-07-21,1,0,missing_cutoff_bar
market_daily_bar,CN:BJ:900923,2026-07-21,2026-07-21,1,0,missing_cutoff_bar
market_daily_bar,CN:BJ:900924,2026-07-21,2026-07-21,1,0,missing_cutoff_bar
market_daily_bar,CN:BJ:900925,2026-07-21,2026-07-21,1,0,missing_cutoff_bar
market_daily_bar,CN:BJ:900926,2026-07-21,2026-07-21,1,0,missing_cutoff_bar
market_daily_bar,CN:BJ:900927,2026-07-21,2026-07-21,1,0,missing_cutoff_bar
market_daily_bar,CN:BJ:900928,2026-07-21,2026-07-21,1,0,missing_cutoff_bar
market_daily_bar,CN:BJ:900929,2026-07-21,2026-07-21,1,0,missing_cutoff_bar
market_daily_bar,CN:BJ:900932,2026-07-21,2026-07-21,1,0,missing_cutoff_bar
market_daily_bar,CN:BJ:900934,2026-07-21,2026-07-21,1,0,missing_cutoff_bar
market_daily_bar,CN:BJ:900936,2026-07-21,2026-07-21,1,0,missing_cutoff_bar
market_daily_bar,CN:BJ:900937,2026-07-21,2026-07-21,1,0,missing_cutoff_bar
market_daily_bar,CN:BJ:900938,2026-07-21,2026-07-21,1,0,missing_cutoff_bar
market_daily_bar,CN:BJ:900939,2026-07-21,2026-07-21,1,0,missing_cutoff_bar
market_daily_bar,CN:BJ:900940,2026-07-21,2026-07-21,1,0,missing_cutoff_bar
market_daily_bar,CN:BJ:900941,2026-07-21,2026-07-21,1,0,missing_cutoff_bar
market_daily_bar,CN:BJ:900942,2026-07-21,2026-07-21,1,0,missing_cutoff_bar
market_daily_bar,CN:BJ:900943,2026-07-21,2026-07-21,1,0,missing_cutoff_bar
market_daily_bar,CN:BJ:900945,2026-07-21,2026-07-21,1,0,missing_cutoff_bar
market_daily_bar,CN:BJ:900946,2026-07-21,2026-07-21,1,0,missing_cutoff_bar
market_daily_bar,CN:BJ:900947,2026-07-21,2026-07-21,1,0,missing_cutoff_bar
market_daily_bar,CN:BJ:900948,2026-07-21,2026-07-21,1,0,missing_cutoff_bar
market_daily_bar,CN:BJ:920001,2026-07-21,2026-07-21,1,0,missing_cutoff_bar
market_daily_bar,CN:BJ:920003,2026-07-21,2026-07-21,1,0,missing_cutoff_bar
market_daily_bar,CN:BJ:920005,2026-07-21,2026-07-21,1,0,missing_cutoff_bar
market_daily_bar,CN:BJ:920006,2026-07-21,2026-07-21,1,0,missing_cutoff_bar
market_daily_bar,CN:BJ:920007,2026-07-21,2026-07-21,1,0,missing_cutoff_bar
market_daily_bar,CN:BJ:920008,2026-07-21,2026-07-21,1,0,missing_cutoff_bar
market_daily_bar,CN:BJ:920009,2026-07-21,2026-07-21,1,0,missing_cutoff_bar
market_daily_bar,CN:BJ:920010,2026-07-21,2026-07-21,1,0,missing_cutoff_bar
market_daily_bar,CN:BJ:920011,2026-07-21,2026-07-21,1,0,missing_cutoff_bar
market_daily_bar,CN:BJ:920012,2026-07-21,2026-07-21,1,0,missing_cutoff_bar
market_daily_bar,CN:BJ:920014,2026-07-21,2026-07-21,1,0,missing_cutoff_bar
market_daily_bar,CN:BJ:920015,2026-07-21,2026-07-21,1,0,missing_cutoff_bar
market_daily_bar,CN:BJ:920016,2026-07-21,2026-07-21,1,0,missing_cutoff_bar
market_daily_bar,CN:BJ:920017,2026-07-21,2026-07-21,1,0,missing_cutoff_bar
market_daily_bar,CN:BJ:920018,2026-07-21,2026-07-21,1,0,missing_cutoff_bar
market_daily_bar,CN:BJ:920019,2026-07-21,2026-07-21,1,0,missing_cutoff_bar
market_daily_bar,CN:BJ:920020,2026-07-21,2026-07-21,1,0,missing_cutoff_bar
market_daily_bar,CN:BJ:920021,2026-07-21,2026-07-21,1,0,missing_cutoff_bar
market_daily_bar,CN:BJ:920022,2026-07-21,2026-07-21,1,0,missing_cutoff_bar
market_daily_bar,CN:BJ:920023,2026-07-21,2026-07-21,1,0,missing_cutoff_bar
market_daily_bar,CN:BJ:920026,2026-07-21,2026-07-21,1,0,missing_cutoff_bar
market_daily_bar,CN:BJ:920027,2026-07-21,2026-07-21,1,0,missing_cutoff_bar
market_daily_bar,CN:BJ:920028,2026-07-21,2026-07-21,1,0,missing_cutoff_bar
market_daily_bar,CN:BJ:920029,2026-07-21,2026-07-21,1,0,missing_cutoff_bar
market_daily_bar,CN:BJ:920030,2026-07-21,2026-07-21,1,0,missing_cutoff_bar
market_daily_bar,CN:BJ:920033,2026-07-21,2026-07-21,1,0,missing_cutoff_bar
market_daily_bar,CN:BJ:920035,2026-07-21,2026-07-21,1,0,missing_cutoff_bar
market_daily_bar,CN:BJ:920036,2026-07-21,2026-07-21,1,0,missing_cutoff_bar
market_daily_bar,CN:BJ:920037,2026-07-21,2026-07-21,1,0,missing_cutoff_bar
market_daily_bar,CN:BJ:920039,2026-07-21,2026-07-21,1,0,missing_cutoff_bar
market_daily_bar,CN:BJ:920045,2026-07-21,2026-07-21,1,0,missing_cutoff_bar
market_daily_bar,CN:BJ:920047,2026-07-21,2026-07-21,1,0,missing_cutoff_bar
market_daily_bar,CN:BJ:920050,2026-07-21,2026-07-21,1,0,missing_cutoff_bar
market_daily_bar,CN:BJ:920055,2026-07-21,2026-07-21,1,0,missing_cutoff_bar
market_daily_bar,CN:BJ:920056,2026-07-21,2026-07-21,1,0,missing_cutoff_bar
market_daily_bar,CN:BJ:920057,2026-07-21,2026-07-21,1,0,missing_cutoff_bar
market_daily_bar,CN:BJ:920058,2026-07-21,2026-07-21,1,0,missing_cutoff_bar
market_daily_bar,CN:BJ:920060,2026-07-21,2026-07-21,1,0,missing_cutoff_bar
market_daily_bar,CN:BJ:920061,2026-07-21,2026-07-21,1,0,missing_cutoff_bar
market_daily_bar,CN:BJ:920062,2026-07-21,2026-07-21,1,0,missing_cutoff_bar
market_daily_bar,CN:BJ:920066,2026-07-21,2026-07-21,1,0,missing_cutoff_bar
market_daily_bar,CN:BJ:920068,2026-07-21,2026-07-21,1,0,missing_cutoff_bar
market_daily_bar,CN:BJ:920069,2026-07-21,2026-07-21,1,0,missing_cutoff_bar
market_daily_bar,CN:BJ:920072,2026-07-21,2026-07-21,1,0,missing_cutoff_bar
market_daily_bar,CN:BJ:920075,2026-07-21,2026-07-21,1,0,missing_cutoff_bar
market_daily_bar,CN:BJ:920076,2026-07-21,2026-07-21,1,0,missing_cutoff_bar
market_daily_bar,CN:BJ:920077,2026-07-21,2026-07-21,1,0,missing_cutoff_bar
market_daily_bar,CN:BJ:920078,2026-07-21,2026-07-21,1,0,missing_cutoff_bar
market_daily_bar,CN:BJ:920079,2026-07-21,2026-07-21,1,0,missing_cutoff_bar
market_daily_bar,CN:BJ:920080,2026-07-21,2026-07-21,1,0,missing_cutoff_bar
market_daily_bar,CN:BJ:920082,2026-07-21,2026-07-21,1,0,missing_cutoff_bar
market_daily_bar,CN:BJ:920083,2026-07-21,2026-07-21,1,0,missing_cutoff_bar
market_daily_bar,CN:BJ:920086,2026-07-21,2026-07-21,1,0,missing_cutoff_bar
market_daily_bar,CN:BJ:920087,2026-07-21,2026-07-21,1,0,missing_cutoff_bar
market_daily_bar,CN:BJ:920088,2026-07-21,2026-07-21,1,0,missing_cutoff_bar
market_daily_bar,CN:BJ:920089,2026-07-21,2026-07-21,1,0,missing_cutoff_bar
market_daily_bar,CN:BJ:920090,2026-07-21,2026-07-21,1,0,missing_cutoff_bar
market_daily_bar,CN:BJ:920091,2026-07-21,2026-07-21,1,0,missing_cutoff_bar
market_daily_bar,CN:BJ:920092,2026-07-21,2026-07-21,1,0,missing_cutoff_bar
market_daily_bar,CN:BJ:920096,2026-07-21,2026-07-21,1,0,missing_cutoff_bar
market_daily_bar,CN:BJ:920098,2026-07-21,2026-07-21,1,0,missing_cutoff_bar
market_daily_bar,CN:BJ:920099,2026-07-21,2026-07-21,1,0,missing_cutoff_bar
market_daily_bar,CN:BJ:920100,2026-07-21,2026-07-21,1,0,missing_cutoff_bar
market_daily_bar,CN:BJ:920101,2026-07-21,2026-07-21,1,0,missing_cutoff_bar
market_daily_bar,CN:BJ:920106,2026-07-21,2026-07-21,1,0,missing_cutoff_bar
market_daily_bar,CN:BJ:920110,2026-07-21,2026-07-21,1,0,missing_cutoff_bar
market_daily_bar,CN:BJ:920111,2026-07-21,2026-07-21,1,0,missing_cutoff_bar
market_daily_bar,CN:BJ:920112,2026-07-21,2026-07-21,1,0,missing_cutoff_bar
market_daily_bar,CN:BJ:920116,2026-07-21,2026-07-21,1,0,missing_cutoff_bar
market_daily_bar,CN:BJ:920117,2026-07-21,2026-07-21,1,0,missing_cutoff_bar
market_daily_bar,CN:BJ:920118,2026-07-21,2026-07-21,1,0,missing_cutoff_bar
market_daily_bar,CN:BJ:920119,2026-07-21,2026-07-21,1,0,missing_cutoff_bar
market_daily_bar,CN:BJ:920121,2026-07-21,2026-07-21,1,0,missing_cutoff_bar
market_daily_bar,CN:BJ:920122,2026-07-21,2026-07-21,1,0,missing_cutoff_bar
market_daily_bar,CN:BJ:920123,2026-07-21,2026-07-21,1,0,missing_cutoff_bar
market_daily_bar,CN:BJ:920124,2026-07-21,2026-07-21,1,0,missing_cutoff_bar
market_daily_bar,CN:BJ:920125,2026-07-21,2026-07-21,1,0,missing_cutoff_bar
market_daily_bar,CN:BJ:920126,2026-07-21,2026-07-21,1,0,missing_cutoff_bar
market_daily_bar,CN:BJ:920128,2026-07-21,2026-07-21,1,0,missing_cutoff_bar
market_daily_bar,CN:BJ:920130,2026-07-21,2026-07-21,1,0,missing_cutoff_bar
market_daily_bar,CN:BJ:920132,2026-07-21,2026-07-21,1,0,missing_cutoff_bar
market_daily_bar,CN:BJ:920136,2026-07-21,2026-07-21,1,0,missing_cutoff_bar
market_daily_bar,CN:BJ:920139,2026-07-21,2026-07-21,1,0,missing_cutoff_bar
market_daily_bar,CN:BJ:920145,2026-07-21,2026-07-21,1,0,missing_cutoff_bar
market_daily_bar,CN:BJ:920146,2026-07-21,2026-07-21,1,0,missing_cutoff_bar
market_daily_bar,CN:BJ:920149,2026-07-21,2026-07-21,1,0,missing_cutoff_bar
market_daily_bar,CN:BJ:920152,2026-07-21,2026-07-21,1,0,missing_cutoff_bar
market_daily_bar,CN:BJ:920156,2026-07-21,2026-07-21,1,0,missing_cutoff_bar
market_daily_bar,CN:BJ:920158,2026-07-21,2026-07-21,1,0,missing_cutoff_bar
market_daily_bar,CN:BJ:920159,2026-07-21,2026-07-21,1,0,missing_cutoff_bar
market_daily_bar,CN:BJ:920160,2026-07-21,2026-07-21,1,0,missing_cutoff_bar
market_daily_bar,CN:BJ:920161,2026-07-21,2026-07-21,1,0,missing_cutoff_bar
market_daily_bar,CN:BJ:920163,2026-07-21,2026-07-21,1,0,missing_cutoff_bar
market_daily_bar,CN:BJ:920166,2026-07-21,2026-07-21,1,0,missing_cutoff_bar
market_daily_bar,CN:BJ:920167,2026-07-21,2026-07-21,1,0,missing_cutoff_bar
market_daily_bar,CN:BJ:920168,2026-07-21,2026-07-21,1,0,missing_cutoff_bar
market_daily_bar,CN:BJ:920169,2026-07-21,2026-07-21,1,0,missing_cutoff_bar
market_daily_bar,CN:BJ:920171,2026-07-21,2026-07-21,1,0,missing_cutoff_bar
market_daily_bar,CN:BJ:920174,2026-07-21,2026-07-21,1,0,missing_cutoff_bar
market_daily_bar,CN:BJ:920175,2026-07-21,2026-07-21,1,0,missing_cutoff_bar
market_daily_bar,CN:BJ:920177,2026-07-21,2026-07-21,1,0,missing_cutoff_bar
market_daily_bar,CN:BJ:920178,2026-07-21,2026-07-21,1,0,missing_cutoff_bar
market_daily_bar,CN:BJ:920179,2026-07-21,2026-07-21,1,0,missing_cutoff_bar
market_daily_bar,CN:BJ:920180,2026-07-21,2026-07-21,1,0,missing_cutoff_bar
market_daily_bar,CN:BJ:920181,2026-07-21,2026-07-21,1,0,missing_cutoff_bar
market_daily_bar,CN:BJ:920183,2026-07-21,2026-07-21,1,0,missing_cutoff_bar
market_daily_bar,CN:BJ:920184,2026-07-21,2026-07-21,1,0,missing_cutoff_bar
market_daily_bar,CN:BJ:920185,2026-07-21,2026-07-21,1,0,missing_cutoff_bar
market_daily_bar,CN:BJ:920186,2026-07-21,2026-07-21,1,0,missing_cutoff_bar
market_daily_bar,CN:BJ:920187,2026-07-21,2026-07-21,1,0,missing_cutoff_bar
market_daily_bar,CN:BJ:920188,2026-07-21,2026-07-21,1,0,missing_cutoff_bar
market_daily_bar,CN:BJ:920189,2026-07-21,2026-07-21,1,0,missing_cutoff_bar
market_daily_bar,CN:BJ:920190,2026-07-21,2026-07-21,1,0,missing_cutoff_bar
market_daily_bar,CN:BJ:920191,2026-07-21,2026-07-21,1,0,missing_cutoff_bar
market_daily_bar,CN:BJ:920193,2026-07-21,2026-07-21,1,0,missing_cutoff_bar
market_daily_bar,CN:BJ:920195,2026-07-21,2026-07-21,1,0,missing_cutoff_bar
market_daily_bar,CN:BJ:920198,2026-07-21,2026-07-21,1,0,missing_cutoff_bar
market_daily_bar,CN:BJ:920199,2026-07-21,2026-07-21,1,0,missing_cutoff_bar
market_daily_bar,CN:BJ:920200,2026-07-21,2026-07-21,1,0,missing_cutoff_bar
market_daily_bar,CN:BJ:920204,2026-07-21,2026-07-21,1,0,missing_cutoff_bar
market_daily_bar,CN:BJ:920206,2026-07-21,2026-07-21,1,0,missing_cutoff_bar
market_daily_bar,CN:BJ:920207,2026-07-21,2026-07-21,1,0,missing_cutoff_bar
market_daily_bar,CN:BJ:920208,2026-07-21,2026-07-21,1,0,missing_cutoff_bar
market_daily_bar,CN:BJ:920211,2026-07-21,2026-07-21,1,0,missing_cutoff_bar
market_daily_bar,CN:BJ:920212,2026-07-21,2026-07-21,1,0,missing_cutoff_bar
market_daily_bar,CN:BJ:920218,2026-07-21,2026-07-21,1,0,missing_cutoff_bar
market_daily_bar,CN:BJ:920220,2026-07-21,2026-07-21,1,0,missing_cutoff_bar
market_daily_bar,CN:BJ:920221,2026-07-21,2026-07-21,1,0,missing_cutoff_bar
market_daily_bar,CN:BJ:920222,2026-07-21,2026-07-21,1,0,missing_cutoff_bar
market_daily_bar,CN:BJ:920223,2026-07-21,2026-07-21,1,0,missing_cutoff_bar
market_daily_bar,CN:BJ:920225,2026-07-21,2026-07-21,1,0,missing_cutoff_bar
market_daily_bar,CN:BJ:920227,2026-07-21,2026-07-21,1,0,missing_cutoff_bar
market_daily_bar,CN:BJ:920230,2026-07-21,2026-07-21,1,0,missing_cutoff_bar
market_daily_bar,CN:BJ:920237,2026-07-21,2026-07-21,1,0,missing_cutoff_bar
market_daily_bar,CN:BJ:920239,2026-07-21,2026-07-21,1,0,missing_cutoff_bar
market_daily_bar,CN:BJ:920242,2026-07-21,2026-07-21,1,0,missing_cutoff_bar
market_daily_bar,CN:BJ:920245,2026-07-21,2026-07-21,1,0,missing_cutoff_bar
market_daily_bar,CN:BJ:920247,2026-07-21,2026-07-21,1,0,missing_cutoff_bar
market_daily_bar,CN:BJ:920249,2026-07-21,2026-07-21,1,0,missing_cutoff_bar
market_daily_bar,CN:BJ:920252,2026-07-21,2026-07-21,1,0,missing_cutoff_bar
market_daily_bar,CN:BJ:920260,2026-07-21,2026-07-21,1,0,missing_cutoff_bar
market_daily_bar,CN:BJ:920261,2026-07-21,2026-07-21,1,0,missing_cutoff_bar
market_daily_bar,CN:BJ:920262,2026-07-21,2026-07-21,1,0,missing_cutoff_bar
market_daily_bar,CN:BJ:920263,2026-07-21,2026-07-21,1,0,missing_cutoff_bar
market_daily_bar,CN:BJ:920266,2026-07-21,2026-07-21,1,0,missing_cutoff_bar
market_daily_bar,CN:BJ:920267,2026-07-21,2026-07-21,1,0,missing_cutoff_bar
market_daily_bar,CN:BJ:920271,2026-07-21,2026-07-21,1,0,missing_cutoff_bar
market_daily_bar,CN:BJ:920273,2026-07-21,2026-07-21,1,0,missing_cutoff_bar
market_daily_bar,CN:BJ:920274,2026-07-21,2026-07-21,1,0,missing_cutoff_bar
market_daily_bar,CN:BJ:920275,2026-07-21,2026-07-21,1,0,missing_cutoff_bar
market_daily_bar,CN:BJ:920278,2026-07-21,2026-07-21,1,0,missing_cutoff_bar
market_daily_bar,CN:BJ:920284,2026-07-21,2026-07-21,1,0,missing_cutoff_bar
market_daily_bar,CN:BJ:920299,2026-07-21,2026-07-21,1,0,missing_cutoff_bar
market_daily_bar,CN:BJ:920300,2026-07-21,2026-07-21,1,0,missing_cutoff_bar
market_daily_bar,CN:BJ:920305,2026-07-21,2026-07-21,1,0,missing_cutoff_bar
market_daily_bar,CN:BJ:920339,2026-07-21,2026-07-21,1,0,missing_cutoff_bar
market_daily_bar,CN:BJ:920344,2026-07-21,2026-07-21,1,0,missing_cutoff_bar
market_daily_bar,CN:BJ:920346,2026-07-21,2026-07-21,1,0,missing_cutoff_bar
market_daily_bar,CN:BJ:920351,2026-07-21,2026-07-21,1,0,missing_cutoff_bar
market_daily_bar,CN:BJ:920357,2026-07-21,2026-07-21,1,0,missing_cutoff_bar
market_daily_bar,CN:BJ:920363,2026-07-21,2026-07-21,1,0,missing_cutoff_bar
market_daily_bar,CN:BJ:920367,2026-07-21,2026-07-21,1,0,missing_cutoff_bar
market_daily_bar,CN:BJ:920368,2026-07-21,2026-07-21,1,0,missing_cutoff_bar
market_daily_bar,CN:BJ:920370,2026-07-21,2026-07-21,1,0,missing_cutoff_bar
market_daily_bar,CN:BJ:920374,2026-07-21,2026-07-21,1,0,missing_cutoff_bar
market_daily_bar,CN:BJ:920375,2026-07-21,2026-07-21,1,0,missing_cutoff_bar
market_daily_bar,CN:BJ:920378,2026-07-21,2026-07-21,1,0,missing_cutoff_bar
market_daily_bar,CN:BJ:920392,2026-07-21,2026-07-21,1,0,missing_cutoff_bar
market_daily_bar,CN:BJ:920394,2026-07-21,2026-07-21,1,0,missing_cutoff_bar
market_daily_bar,CN:BJ:920395,2026-07-21,2026-07-21,1,0,missing_cutoff_bar
market_daily_bar,CN:BJ:920396,2026-07-21,2026-07-21,1,0,missing_cutoff_bar
market_daily_bar,CN:BJ:920402,2026-07-21,2026-07-21,1,0,missing_cutoff_bar
market_daily_bar,CN:BJ:920403,2026-07-21,2026-07-21,1,0,missing_cutoff_bar
market_daily_bar,CN:BJ:920405,2026-07-21,2026-07-21,1,0,missing_cutoff_bar
market_daily_bar,CN:BJ:920407,2026-07-21,2026-07-21,1,0,missing_cutoff_bar
market_daily_bar,CN:BJ:920414,2026-07-21,2026-07-21,1,0,missing_cutoff_bar
market_daily_bar,CN:BJ:920415,2026-07-21,2026-07-21,1,0,missing_cutoff_bar
market_daily_bar,CN:BJ:920418,2026-07-21,2026-07-21,1,0,missing_cutoff_bar
market_daily_bar,CN:BJ:920419,2026-07-21,2026-07-21,1,0,missing_cutoff_bar
market_daily_bar,CN:BJ:920422,2026-07-21,2026-07-21,1,0,missing_cutoff_bar
market_daily_bar,CN:BJ:920425,2026-07-21,2026-07-21,1,0,missing_cutoff_bar
market_daily_bar,CN:BJ:920427,2026-07-21,2026-07-21,1,0,missing_cutoff_bar
market_daily_bar,CN:BJ:920429,2026-07-21,2026-07-21,1,0,missing_cutoff_bar
market_daily_bar,CN:BJ:920433,2026-07-21,2026-07-21,1,0,missing_cutoff_bar
market_daily_bar,CN:BJ:920438,2026-07-21,2026-07-21,1,0,missing_cutoff_bar
market_daily_bar,CN:BJ:920445,2026-07-21,2026-07-21,1,0,missing_cutoff_bar
market_daily_bar,CN:BJ:920454,2026-07-21,2026-07-21,1,0,missing_cutoff_bar
market_daily_bar,CN:BJ:920469,2026-07-21,2026-07-21,1,0,missing_cutoff_bar
market_daily_bar,CN:BJ:920471,2026-07-21,2026-07-21,1,0,missing_cutoff_bar
market_daily_bar,CN:BJ:920475,2026-07-21,2026-07-21,1,0,missing_cutoff_bar
market_daily_bar,CN:BJ:920476,2026-07-21,2026-07-21,1,0,missing_cutoff_bar
market_daily_bar,CN:BJ:920478,2026-07-21,2026-07-21,1,0,missing_cutoff_bar
market_daily_bar,CN:BJ:920489,2026-07-21,2026-07-21,1,0,missing_cutoff_bar
market_daily_bar,CN:BJ:920491,2026-07-21,2026-07-21,1,0,missing_cutoff_bar
market_daily_bar,CN:BJ:920493,2026-07-21,2026-07-21,1,0,missing_cutoff_bar
market_daily_bar,CN:BJ:920496,2026-07-21,2026-07-21,1,0,missing_cutoff_bar
market_daily_bar,CN:BJ:920504,2026-07-21,2026-07-21,1,0,missing_cutoff_bar
market_daily_bar,CN:BJ:920505,2026-07-21,2026-07-21,1,0,missing_cutoff_bar
market_daily_bar,CN:BJ:920508,2026-07-21,2026-07-21,1,0,missing_cutoff_bar
market_daily_bar,CN:BJ:920509,2026-07-21,2026-07-21,1,0,missing_cutoff_bar
market_daily_bar,CN:BJ:920510,2026-07-21,2026-07-21,1,0,missing_cutoff_bar
market_daily_bar,CN:BJ:920519,2026-07-21,2026-07-21,1,0,missing_cutoff_bar
market_daily_bar,CN:BJ:920522,2026-07-21,2026-07-21,1,0,missing_cutoff_bar
market_daily_bar,CN:BJ:920523,2026-07-21,2026-07-21,1,0,missing_cutoff_bar
market_daily_bar,CN:BJ:920526,2026-07-21,2026-07-21,1,0,missing_cutoff_bar
market_daily_bar,CN:BJ:920527,2026-07-21,2026-07-21,1,0,missing_cutoff_bar
market_daily_bar,CN:BJ:920533,2026-07-21,2026-07-21,1,0,missing_cutoff_bar
market_daily_bar,CN:BJ:920541,2026-07-21,2026-07-21,1,0,missing_cutoff_bar
market_daily_bar,CN:BJ:920547,2026-07-21,2026-07-21,1,0,missing_cutoff_bar
market_daily_bar,CN:BJ:920553,2026-07-21,2026-07-21,1,0,missing_cutoff_bar
market_daily_bar,CN:BJ:920556,2026-07-21,2026-07-21,1,0,missing_cutoff_bar
market_daily_bar,CN:BJ:920564,2026-07-21,2026-07-21,1,0,missing_cutoff_bar
market_daily_bar,CN:BJ:920566,2026-07-21,2026-07-21,1,0,missing_cutoff_bar
market_daily_bar,CN:BJ:920570,2026-07-21,2026-07-21,1,0,missing_cutoff_bar
market_daily_bar,CN:BJ:920571,2026-07-21,2026-07-21,1,0,missing_cutoff_bar
market_daily_bar,CN:BJ:920575,2026-07-21,2026-07-21,1,0,missing_cutoff_bar
market_daily_bar,CN:BJ:920576,2026-07-21,2026-07-21,1,0,missing_cutoff_bar
market_daily_bar,CN:BJ:920578,2026-07-21,2026-07-21,1,0,missing_cutoff_bar
market_daily_bar,CN:BJ:920579,2026-07-21,2026-07-21,1,0,missing_cutoff_bar
market_daily_bar,CN:BJ:920580,2026-07-21,2026-07-21,1,0,missing_cutoff_bar
market_daily_bar,CN:BJ:920592,2026-07-21,2026-07-21,1,0,missing_cutoff_bar
market_daily_bar,CN:BJ:920593,2026-07-21,2026-07-21,1,0,missing_cutoff_bar
market_daily_bar,CN:BJ:920599,2026-07-21,2026-07-21,1,0,missing_cutoff_bar
market_daily_bar,CN:BJ:920608,2026-07-21,2026-07-21,1,0,missing_cutoff_bar
market_daily_bar,CN:BJ:920627,2026-07-21,2026-07-21,1,0,missing_cutoff_bar
market_daily_bar,CN:BJ:920640,2026-07-21,2026-07-21,1,0,missing_cutoff_bar
market_daily_bar,CN:BJ:920641,2026-07-21,2026-07-21,1,0,missing_cutoff_bar
market_daily_bar,CN:BJ:920642,2026-07-21,2026-07-21,1,0,missing_cutoff_bar
market_daily_bar,CN:BJ:920651,2026-07-21,2026-07-21,1,0,missing_cutoff_bar
market_daily_bar,CN:BJ:920656,2026-07-21,2026-07-21,1,0,missing_cutoff_bar
market_daily_bar,CN:BJ:920662,2026-07-21,2026-07-21,1,0,missing_cutoff_bar
market_daily_bar,CN:BJ:920663,2026-07-21,2026-07-21,1,0,missing_cutoff_bar
market_daily_bar,CN:BJ:920665,2026-07-21,2026-07-21,1,0,missing_cutoff_bar
market_daily_bar,CN:BJ:920670,2026-07-21,2026-07-21,1,0,missing_cutoff_bar
market_daily_bar,CN:BJ:920675,2026-07-21,2026-07-21,1,0,missing_cutoff_bar
market_daily_bar,CN:BJ:920679,2026-07-21,2026-07-21,1,0,missing_cutoff_bar
market_daily_bar,CN:BJ:920682,2026-07-21,2026-07-21,1,0,missing_cutoff_bar
market_daily_bar,CN:BJ:920685,2026-07-21,2026-07-21,1,0,missing_cutoff_bar
market_daily_bar,CN:BJ:920689,2026-07-21,2026-07-21,1,0,missing_cutoff_bar
market_daily_bar,CN:BJ:920690,2026-07-21,2026-07-21,1,0,missing_cutoff_bar
market_daily_bar,CN:BJ:920693,2026-07-21,2026-07-21,1,0,missing_cutoff_bar
market_daily_bar,CN:BJ:920694,2026-07-21,2026-07-21,1,0,missing_cutoff_bar
market_daily_bar,CN:BJ:920699,2026-07-21,2026-07-21,1,0,missing_cutoff_bar
market_daily_bar,CN:BJ:920701,2026-07-21,2026-07-21,1,0,missing_cutoff_bar
market_daily_bar,CN:BJ:920703,2026-07-21,2026-07-21,1,0,missing_cutoff_bar
market_daily_bar,CN:BJ:920706,2026-07-21,2026-07-21,1,0,missing_cutoff_bar
market_daily_bar,CN:BJ:920717,2026-07-21,2026-07-21,1,0,missing_cutoff_bar
market_daily_bar,CN:BJ:920719,2026-07-21,2026-07-21,1,0,missing_cutoff_bar
market_daily_bar,CN:BJ:920720,2026-07-21,2026-07-21,1,0,missing_cutoff_bar
market_daily_bar,CN:BJ:920725,2026-07-21,2026-07-21,1,0,missing_cutoff_bar
market_daily_bar,CN:BJ:920726,2026-07-21,2026-07-21,1,0,missing_cutoff_bar
market_daily_bar,CN:BJ:920729,2026-07-21,2026-07-21,1,0,missing_cutoff_bar
market_daily_bar,CN:BJ:920735,2026-07-21,2026-07-21,1,0,missing_cutoff_bar
market_daily_bar,CN:BJ:920748,2026-07-21,2026-07-21,1,0,missing_cutoff_bar
market_daily_bar,CN:BJ:920751,2026-07-21,2026-07-21,1,0,missing_cutoff_bar
market_daily_bar,CN:BJ:920768,2026-07-21,2026-07-21,1,0,missing_cutoff_bar
market_daily_bar,CN:BJ:920770,2026-07-21,2026-07-21,1,0,missing_cutoff_bar
market_daily_bar,CN:BJ:920779,2026-07-21,2026-07-21,1,0,missing_cutoff_bar
market_daily_bar,CN:BJ:920781,2026-07-21,2026-07-21,1,0,missing_cutoff_bar
market_daily_bar,CN:BJ:920786,2026-07-21,2026-07-21,1,0,missing_cutoff_bar
market_daily_bar,CN:BJ:920790,2026-07-21,2026-07-21,1,0,missing_cutoff_bar
market_daily_bar,CN:BJ:920799,2026-07-21,2026-07-21,1,0,missing_cutoff_bar
market_daily_bar,CN:BJ:920806,2026-07-21,2026-07-21,1,0,missing_cutoff_bar
market_daily_bar,CN:BJ:920807,2026-07-21,2026-07-21,1,0,missing_cutoff_bar
market_daily_bar,CN:BJ:920808,2026-07-21,2026-07-21,1,0,missing_cutoff_bar
market_daily_bar,CN:BJ:920809,2026-07-21,2026-07-21,1,0,missing_cutoff_bar
market_daily_bar,CN:BJ:920819,2026-07-21,2026-07-21,1,0,missing_cutoff_bar
market_daily_bar,CN:BJ:920821,2026-07-21,2026-07-21,1,0,missing_cutoff_bar
market_daily_bar,CN:BJ:920826,2026-07-21,2026-07-21,1,0,missing_cutoff_bar
market_daily_bar,CN:BJ:920832,2026-07-21,2026-07-21,1,0,missing_cutoff_bar
market_daily_bar,CN:BJ:920839,2026-07-21,2026-07-21,1,0,missing_cutoff_bar
market_daily_bar,CN:BJ:920855,2026-07-21,2026-07-21,1,0,missing_cutoff_bar
market_daily_bar,CN:BJ:920856,2026-07-21,2026-07-21,1,0,missing_cutoff_bar
market_daily_bar,CN:BJ:920857,2026-07-21,2026-07-21,1,0,missing_cutoff_bar
market_daily_bar,CN:BJ:920866,2026-07-21,2026-07-21,1,0,missing_cutoff_bar
market_daily_bar,CN:BJ:920870,2026-07-21,2026-07-21,1,0,missing_cutoff_bar
market_daily_bar,CN:BJ:920871,2026-07-21,2026-07-21,1,0,missing_cutoff_bar
market_daily_bar,CN:BJ:920873,2026-07-21,2026-07-21,1,0,missing_cutoff_bar
market_daily_bar,CN:BJ:920876,2026-07-21,2026-07-21,1,0,missing_cutoff_bar
market_daily_bar,CN:BJ:920879,2026-07-21,2026-07-21,1,0,missing_cutoff_bar
market_daily_bar,CN:BJ:920885,2026-07-21,2026-07-21,1,0,missing_cutoff_bar
market_daily_bar,CN:BJ:920892,2026-07-21,2026-07-21,1,0,missing_cutoff_bar
market_daily_bar,CN:BJ:920895,2026-07-21,2026-07-21,1,0,missing_cutoff_bar
market_daily_bar,CN:BJ:920906,2026-07-21,2026-07-21,1,0,missing_cutoff_bar
market_daily_bar,CN:BJ:920914,2026-07-21,2026-07-21,1,0,missing_cutoff_bar
market_daily_bar,CN:BJ:920924,2026-07-21,2026-07-21,1,0,missing_cutoff_bar
market_daily_bar,CN:BJ:920925,2026-07-21,2026-07-21,1,0,missing_cutoff_bar
market_daily_bar,CN:BJ:920926,2026-07-21,2026-07-21,1,0,missing_cutoff_bar
market_daily_bar,CN:BJ:920931,2026-07-21,2026-07-21,1,0,missing_cutoff_bar
market_daily_bar,CN:BJ:920932,2026-07-21,2026-07-21,1,0,missing_cutoff_bar
market_daily_bar,CN:BJ:920942,2026-07-21,2026-07-21,1,0,missing_cutoff_bar
market_daily_bar,CN:BJ:920943,2026-07-21,2026-07-21,1,0,missing_cutoff_bar
market_daily_bar,CN:BJ:920946,2026-07-21,2026-07-21,1,0,missing_cutoff_bar
market_daily_bar,CN:BJ:920953,2026-07-21,2026-07-21,1,0,missing_cutoff_bar
market_daily_bar,CN:BJ:920961,2026-07-21,2026-07-21,1,0,missing_cutoff_bar
market_daily_bar,CN:BJ:920964,2026-07-21,2026-07-21,1,0,missing_cutoff_bar
market_daily_bar,CN:BJ:920970,2026-07-21,2026-07-21,1,0,missing_cutoff_bar
market_daily_bar,CN:BJ:920971,2026-07-21,2026-07-21,1,0,missing_cutoff_bar
market_daily_bar,CN:BJ:920974,2026-07-21,2026-07-21,1,0,missing_cutoff_bar
market_daily_bar,CN:BJ:920976,2026-07-21,2026-07-21,1,0,missing_cutoff_bar
market_daily_bar,CN:BJ:920978,2026-07-21,2026-07-21,1,0,missing_cutoff_bar
market_daily_bar,CN:BJ:920981,2026-07-21,2026-07-21,1,0,missing_cutoff_bar
market_daily_bar,CN:BJ:920982,2026-07-21,2026-07-21,1,0,missing_cutoff_bar
market_daily_bar,CN:BJ:920985,2026-07-21,2026-07-21,1,0,missing_cutoff_bar
market_daily_bar,CN:BJ:920992,2026-07-21,2026-07-21,1,0,missing_cutoff_bar
market_daily_bar,CN:SH:600001,2026-07-21,2026-07-21,1,0,missing_cutoff_bar
market_daily_bar,CN:SH:600002,2026-07-21,2026-07-21,1,0,missing_cutoff_bar
market_daily_bar,CN:SH:600003,2026-07-21,2026-07-21,1,0,missing_cutoff_bar
market_daily_bar,CN:SH:600005,2026-07-21,2026-07-21,1,0,missing_cutoff_bar
market_daily_bar,CN:SH:600065,2026-07-21,2026-07-21,1,0,missing_cutoff_bar
market_daily_bar,CN:SH:600068,2026-07-21,2026-07-21,1,0,missing_cutoff_bar
market_daily_bar,CN:SH:600069,2026-07-21,2026-07-21,1,0,missing_cutoff_bar
market_daily_bar,CN:SH:600070,2026-07-21,2026-07-21,1,0,missing_cutoff_bar
market_daily_bar,CN:SH:600074,2026-07-21,2026-07-21,1,0,missing_cutoff_bar
market_daily_bar,CN:SH:600077,2026-07-21,2026-07-21,1,0,missing_cutoff_bar
market_daily_bar,CN:SH:600083,2026-07-21,2026-07-21,1,0,missing_cutoff_bar
market_daily_bar,CN:SH:600086,2026-07-21,2026-07-21,1,0,missing_cutoff_bar
market_daily_bar,CN:SH:600087,2026-07-21,2026-07-21,1,0,missing_cutoff_bar
market_daily_bar,CN:SH:600090,2026-07-21,2026-07-21,1,0,missing_cutoff_bar
market_daily_bar,CN:SH:600091,2026-07-21,2026-07-21,1,0,missing_cutoff_bar
market_daily_bar,CN:SH:600092,2026-07-21,2026-07-21,1,0,missing_cutoff_bar
market_daily_bar,CN:SH:600093,2026-07-21,2026-07-21,1,0,missing_cutoff_bar
market_daily_bar,CN:SH:600102,2026-07-21,2026-07-21,1,0,missing_cutoff_bar
market_daily_bar,CN:SH:600112,2026-07-21,2026-07-21,1,0,missing_cutoff_bar
market_daily_bar,CN:SH:600122,2026-07-21,2026-07-21,1,0,missing_cutoff_bar
market_daily_bar,CN:SH:600139,2026-07-21,2026-07-21,1,0,missing_cutoff_bar
market_daily_bar,CN:SH:600145,2026-07-21,2026-07-21,1,0,missing_cutoff_bar
market_daily_bar,CN:SH:600146,2026-07-21,2026-07-21,1,0,missing_cutoff_bar
market_daily_bar,CN:SH:600175,2026-07-21,2026-07-21,1,0,missing_cutoff_bar
market_daily_bar,CN:SH:600181,2026-07-21,2026-07-21,1,0,missing_cutoff_bar
market_daily_bar,CN:SH:600190,2026-07-21,2026-07-21,1,0,missing_cutoff_bar
market_daily_bar,CN:SH:600193,2026-07-21,2026-07-21,1,0,missing_cutoff_bar
market_daily_bar,CN:SH:600200,2026-07-21,2026-07-21,1,0,missing_cutoff_bar
market_daily_bar,CN:SH:600205,2026-07-21,2026-07-21,1,0,missing_cutoff_bar
market_daily_bar,CN:SH:600209,2026-07-21,2026-07-21,1,0,missing_cutoff_bar
market_daily_bar,CN:SH:600213,2026-07-21,2026-07-21,1,0,missing_cutoff_bar
market_daily_bar,CN:SH:600220,2026-07-21,2026-07-21,1,0,missing_cutoff_bar
market_daily_bar,CN:SH:600225,2026-07-21,2026-07-21,1,0,missing_cutoff_bar
market_daily_bar,CN:SH:600240,2026-07-21,2026-07-21,1,0,missing_cutoff_bar
market_daily_bar,CN:SH:600242,2026-07-21,2026-07-21,1,0,missing_cutoff_bar
market_daily_bar,CN:SH:600247,2026-07-21,2026-07-21,1,0,missing_cutoff_bar
market_daily_bar,CN:SH:600253,2026-07-21,2026-07-21,1,0,missing_cutoff_bar
market_daily_bar,CN:SH:600260,2026-07-21,2026-07-21,1,0,missing_cutoff_bar
market_daily_bar,CN:SH:600263,2026-07-21,2026-07-21,1,0,missing_cutoff_bar
market_daily_bar,CN:SH:600270,2026-07-21,2026-07-21,1,0,missing_cutoff_bar
market_daily_bar,CN:SH:600275,2026-07-21,2026-07-21,1,0,missing_cutoff_bar
market_daily_bar,CN:SH:600277,2026-07-21,2026-07-21,1,0,missing_cutoff_bar
market_daily_bar,CN:SH:600286,2026-07-21,2026-07-21,1,0,missing_cutoff_bar
market_daily_bar,CN:SH:600290,2026-07-21,2026-07-21,1,0,missing_cutoff_bar
market_daily_bar,CN:SH:600291,2026-07-21,2026-07-21,1,0,missing_cutoff_bar
market_daily_bar,CN:SH:600296,2026-07-21,2026-07-21,1,0,missing_cutoff_bar
market_daily_bar,CN:SH:600297,2026-07-21,2026-07-21,1,0,missing_cutoff_bar
market_daily_bar,CN:SH:600306,2026-07-21,2026-07-21,1,0,missing_cutoff_bar
market_daily_bar,CN:SH:600311,2026-07-21,2026-07-21,1,0,missing_cutoff_bar
market_daily_bar,CN:SH:600317,2026-07-21,2026-07-21,1,0,missing_cutoff_bar
market_daily_bar,CN:SH:600321,2026-07-21,2026-07-21,1,0,missing_cutoff_bar
market_daily_bar,CN:SH:600355,2026-07-21,2026-07-21,1,0,missing_cutoff_bar
market_daily_bar,CN:SH:600357,2026-07-21,2026-07-21,1,0,missing_cutoff_bar
market_daily_bar,CN:SH:600385,2026-07-21,2026-07-21,1,0,missing_cutoff_bar
market_daily_bar,CN:SH:600387,2026-07-21,2026-07-21,1,0,missing_cutoff_bar
market_daily_bar,CN:SH:600393,2026-07-21,2026-07-21,1,0,missing_cutoff_bar
market_daily_bar,CN:SH:600401,2026-07-21,2026-07-21,1,0,missing_cutoff_bar
market_daily_bar,CN:SH:600421,2026-07-21,2026-07-21,1,0,missing_cutoff_bar
market_daily_bar,CN:SH:600432,2026-07-21,2026-07-21,1,0,missing_cutoff_bar
market_daily_bar,CN:SH:600462,2026-07-21,2026-07-21,1,0,missing_cutoff_bar
market_daily_bar,CN:SH:600466,2026-07-21,2026-07-21,1,0,missing_cutoff_bar
market_daily_bar,CN:SH:600472,2026-07-21,2026-07-21,1,0,missing_cutoff_bar
market_daily_bar,CN:SH:600485,2026-07-21,2026-07-21,1,0,missing_cutoff_bar
market_daily_bar,CN:SH:600532,2026-07-21,2026-07-21,1,0,missing_cutoff_bar
market_daily_bar,CN:SH:600553,2026-07-21,2026-07-21,1,0,missing_cutoff_bar
market_daily_bar,CN:SH:600555,2026-07-21,2026-07-21,1,0,missing_cutoff_bar
market_daily_bar,CN:SH:600565,2026-07-21,2026-07-21,1,0,missing_cutoff_bar
market_daily_bar,CN:SH:600591,2026-07-21,2026-07-21,1,0,missing_cutoff_bar
market_daily_bar,CN:SH:600599,2026-07-21,2026-07-21,1,0,missing_cutoff_bar
market_daily_bar,CN:SH:600607,2026-07-21,2026-07-21,1,0,missing_cutoff_bar
market_daily_bar,CN:SH:600608,2026-07-21,2026-07-21,1,0,missing_cutoff_bar
market_daily_bar,CN:SH:600614,2026-07-21,2026-07-21,1,0,missing_cutoff_bar
market_daily_bar,CN:SH:600625,2026-07-21,2026-07-21,1,0,missing_cutoff_bar
market_daily_bar,CN:SH:600627,2026-07-21,2026-07-21,1,0,missing_cutoff_bar
market_daily_bar,CN:SH:600631,2026-07-21,2026-07-21,1,0,missing_cutoff_bar
market_daily_bar,CN:SH:600632,2026-07-21,2026-07-21,1,0,missing_cutoff_bar
market_daily_bar,CN:SH:600634,2026-07-21,2026-07-21,1,0,missing_cutoff_bar
market_daily_bar,CN:SH:600636,2026-07-21,2026-07-21,1,0,missing_cutoff_bar
market_daily_bar,CN:SH:600646,2026-07-21,2026-07-21,1,0,missing_cutoff_bar
market_daily_bar,CN:SH:600647,2026-07-21,2026-07-21,1,0,missing_cutoff_bar
market_daily_bar,CN:SH:600652,2026-07-21,2026-07-21,1,0,missing_cutoff_bar
market_daily_bar,CN:SH:600656,2026-07-21,2026-07-21,1,0,missing_cutoff_bar
market_daily_bar,CN:SH:600659,2026-07-21,2026-07-21,1,0,missing_cutoff_bar
market_daily_bar,CN:SH:600669,2026-07-21,2026-07-21,1,0,missing_cutoff_bar
market_daily_bar,CN:SH:600670,2026-07-21,2026-07-21,1,0,missing_cutoff_bar
market_daily_bar,CN:SH:600672,2026-07-21,2026-07-21,1,0,missing_cutoff_bar
market_daily_bar,CN:SH:600677,2026-07-21,2026-07-21,1,0,missing_cutoff_bar
market_daily_bar,CN:SH:600680,2026-07-21,2026-07-21,1,0,missing_cutoff_bar
market_daily_bar,CN:SH:600687,2026-07-21,2026-07-21,1,0,missing_cutoff_bar
market_daily_bar,CN:SH:600695,2026-07-21,2026-07-21,1,0,missing_cutoff_bar
market_daily_bar,CN:SH:600696,2026-07-21,2026-07-21,1,0,missing_cutoff_bar
market_daily_bar,CN:SH:600700,2026-07-21,2026-07-21,1,0,missing_cutoff_bar
market_daily_bar,CN:SH:600701,2026-07-21,2026-07-21,1,0,missing_cutoff_bar
market_daily_bar,CN:SH:600705,2026-07-21,2026-07-21,1,0,missing_cutoff_bar
market_daily_bar,CN:SH:600709,2026-07-21,2026-07-21,1,0,missing_cutoff_bar
market_daily_bar,CN:SH:600723,2026-07-21,2026-07-21,1,0,missing_cutoff_bar
market_daily_bar,CN:SH:600747,2026-07-21,2026-07-21,1,0,missing_cutoff_bar
market_daily_bar,CN:SH:600752,2026-07-21,2026-07-21,1,0,missing_cutoff_bar
market_daily_bar,CN:SH:600762,2026-07-21,2026-07-21,1,0,missing_cutoff_bar
market_daily_bar,CN:SH:600766,2026-07-21,2026-07-21,1,0,missing_cutoff_bar
market_daily_bar,CN:SH:600767,2026-07-21,2026-07-21,1,0,missing_cutoff_bar
market_daily_bar,CN:SH:600772,2026-07-21,2026-07-21,1,0,missing_cutoff_bar
market_daily_bar,CN:SH:600781,2026-07-21,2026-07-21,1,0,missing_cutoff_bar
market_daily_bar,CN:SH:600786,2026-07-21,2026-07-21,1,0,missing_cutoff_bar
market_daily_bar,CN:SH:600788,2026-07-21,2026-07-21,1,0,missing_cutoff_bar
market_daily_bar,CN:SH:600799,2026-07-21,2026-07-21,1,0,missing_cutoff_bar
market_daily_bar,CN:SH:600804,2026-07-21,2026-07-21,1,0,missing_cutoff_bar
market_daily_bar,CN:SH:600806,2026-07-21,2026-07-21,1,0,missing_cutoff_bar
market_daily_bar,CN:SH:600811,2026-07-21,2026-07-21,1,0,missing_cutoff_bar
market_daily_bar,CN:SH:600813,2026-07-21,2026-07-21,1,0,missing_cutoff_bar
market_daily_bar,CN:SH:600823,2026-07-21,2026-07-21,1,0,missing_cutoff_bar
market_daily_bar,CN:SH:600832,2026-07-21,2026-07-21,1,0,missing_cutoff_bar
market_daily_bar,CN:SH:600836,2026-07-21,2026-07-21,1,0,missing_cutoff_bar
market_daily_bar,CN:SH:600837,2026-07-21,2026-07-21,1,0,missing_cutoff_bar
market_daily_bar,CN:SH:600840,2026-07-21,2026-07-21,1,0,missing_cutoff_bar
market_daily_bar,CN:SH:600842,2026-07-21,2026-07-21,1,0,missing_cutoff_bar
market_daily_bar,CN:SH:600849,2026-07-21,2026-07-21,1,0,missing_cutoff_bar
market_daily_bar,CN:SH:600852,2026-07-21,2026-07-21,1,0,missing_cutoff_bar
market_daily_bar,CN:SH:600856,2026-07-21,2026-07-21,1,0,missing_cutoff_bar
market_daily_bar,CN:SH:600870,2026-07-21,2026-07-21,1,0,missing_cutoff_bar
market_daily_bar,CN:SH:600878,2026-07-21,2026-07-21,1,0,missing_cutoff_bar
market_daily_bar,CN:SH:600890,2026-07-21,2026-07-21,1,0,missing_cutoff_bar
market_daily_bar,CN:SH:600891,2026-07-21,2026-07-21,1,0,missing_cutoff_bar
market_daily_bar,CN:SH:600896,2026-07-21,2026-07-21,1,0,missing_cutoff_bar
market_daily_bar,CN:SH:600898,2026-07-21,2026-07-21,1,0,missing_cutoff_bar
market_daily_bar,CN:SH:600899,2026-07-21,2026-07-21,1,0,missing_cutoff_bar
market_daily_bar,CN:SH:600978,2026-07-21,2026-07-21,1,0,missing_cutoff_bar
market_daily_bar,CN:SH:600991,2026-07-21,2026-07-21,1,0,missing_cutoff_bar
market_daily_bar,CN:SH:601028,2026-07-21,2026-07-21,1,0,missing_cutoff_bar
market_daily_bar,CN:SH:601258,2026-07-21,2026-07-21,1,0,missing_cutoff_bar
market_daily_bar,CN:SH:601268,2026-07-21,2026-07-21,1,0,missing_cutoff_bar
market_daily_bar,CN:SH:601299,2026-07-21,2026-07-21,1,0,missing_cutoff_bar
market_daily_bar,CN:SH:601558,2026-07-21,2026-07-21,1,0,missing_cutoff_bar
market_daily_bar,CN:SH:601989,2026-07-21,2026-07-21,1,0,missing_cutoff_bar
market_daily_bar,CN:SH:603003,2026-07-21,2026-07-21,1,0,missing_cutoff_bar
market_daily_bar,CN:SH:603056,2026-07-21,2026-07-21,1,0,missing_cutoff_bar
market_daily_bar,CN:SH:603133,2026-07-21,2026-07-21,1,0,missing_cutoff_bar
market_daily_bar,CN:SH:603157,2026-07-21,2026-07-21,1,0,missing_cutoff_bar
market_daily_bar,CN:SH:603388,2026-07-21,2026-07-21,1,0,missing_cutoff_bar
market_daily_bar,CN:SH:603555,2026-07-21,2026-07-21,1,0,missing_cutoff_bar
market_daily_bar,CN:SH:603603,2026-07-21,2026-07-21,1,0,missing_cutoff_bar
market_daily_bar,CN:SH:603963,2026-07-21,2026-07-21,1,0,missing_cutoff_bar
market_daily_bar,CN:SH:603996,2026-07-21,2026-07-21,1,0,missing_cutoff_bar
market_daily_bar,CN:SH:605081,2026-07-21,2026-07-21,1,0,missing_cutoff_bar
market_daily_bar,CN:SH:688086,2026-07-21,2026-07-21,1,0,missing_cutoff_bar
market_daily_bar,CN:SH:688237,2026-07-21,2026-07-21,1,0,missing_cutoff_bar
market_daily_bar,CN:SH:688277,2026-07-21,2026-07-21,1,0,missing_cutoff_bar
market_daily_bar,CN:SH:688287,2026-07-21,2026-07-21,1,0,missing_cutoff_bar
market_daily_bar,CN:SH:688555,2026-07-21,2026-07-21,1,0,missing_cutoff_bar
market_daily_bar,CN:SZ:000003,2026-07-21,2026-07-21,1,0,missing_cutoff_bar
market_daily_bar,CN:SZ:000004,2026-07-21,2026-07-21,1,0,missing_cutoff_bar
market_daily_bar,CN:SZ:000005,2026-07-21,2026-07-21,1,0,missing_cutoff_bar
market_daily_bar,CN:SZ:000013,2026-07-21,2026-07-21,1,0,missing_cutoff_bar
market_daily_bar,CN:SZ:000015,2026-07-21,2026-07-21,1,0,missing_cutoff_bar
market_daily_bar,CN:SZ:000018,2026-07-21,2026-07-21,1,0,missing_cutoff_bar
market_daily_bar,CN:SZ:000022,2026-07-21,2026-07-21,1,0,missing_cutoff_bar
market_daily_bar,CN:SZ:000023,2026-07-21,2026-07-21,1,0,missing_cutoff_bar
market_daily_bar,CN:SZ:000024,2026-07-21,2026-07-21,1,0,missing_cutoff_bar
market_daily_bar,CN:SZ:000033,2026-07-21,2026-07-21,1,0,missing_cutoff_bar
market_daily_bar,CN:SZ:000038,2026-07-21,2026-07-21,1,0,missing_cutoff_bar
market_daily_bar,CN:SZ:000040,2026-07-21,2026-07-21,1,0,missing_cutoff_bar
market_daily_bar,CN:SZ:000043,2026-07-21,2026-07-21,1,0,missing_cutoff_bar
market_daily_bar,CN:SZ:000046,2026-07-21,2026-07-21,1,0,missing_cutoff_bar
market_daily_bar,CN:SZ:000047,2026-07-21,2026-07-21,1,0,missing_cutoff_bar
market_daily_bar,CN:SZ:000150,2026-07-21,2026-07-21,1,0,missing_cutoff_bar
market_daily_bar,CN:SZ:000405,2026-07-21,2026-07-21,1,0,missing_cutoff_bar
market_daily_bar,CN:SZ:000406,2026-07-21,2026-07-21,1,0,missing_cutoff_bar
market_daily_bar,CN:SZ:000412,2026-07-21,2026-07-21,1,0,missing_cutoff_bar
market_daily_bar,CN:SZ:000413,2026-07-21,2026-07-21,1,0,missing_cutoff_bar
market_daily_bar,CN:SZ:000416,2026-07-21,2026-07-21,1,0,missing_cutoff_bar
market_daily_bar,CN:SZ:000418,2026-07-21,2026-07-21,1,0,missing_cutoff_bar
market_daily_bar,CN:SZ:000502,2026-07-21,2026-07-21,1,0,missing_cutoff_bar
market_daily_bar,CN:SZ:000508,2026-07-21,2026-07-21,1,0,missing_cutoff_bar
market_daily_bar,CN:SZ:000511,2026-07-21,2026-07-21,1,0,missing_cutoff_bar
market_daily_bar,CN:SZ:000515,2026-07-21,2026-07-21,1,0,missing_cutoff_bar
market_daily_bar,CN:SZ:000522,2026-07-21,2026-07-21,1,0,missing_cutoff_bar
market_daily_bar,CN:SZ:000527,2026-07-21,2026-07-21,1,0,missing_cutoff_bar
market_daily_bar,CN:SZ:000535,2026-07-21,2026-07-21,1,0,missing_cutoff_bar
market_daily_bar,CN:SZ:000540,2026-07-21,2026-07-21,1,0,missing_cutoff_bar
market_daily_bar,CN:SZ:000542,2026-07-21,2026-07-21,1,0,missing_cutoff_bar
market_daily_bar,CN:SZ:000549,2026-07-21,2026-07-21,1,0,missing_cutoff_bar
market_daily_bar,CN:SZ:000556,2026-07-21,2026-07-21,1,0,missing_cutoff_bar
market_daily_bar,CN:SZ:000562,2026-07-21,2026-07-21,1,0,missing_cutoff_bar
market_daily_bar,CN:SZ:000569,2026-07-21,2026-07-21,1,0,missing_cutoff_bar
market_daily_bar,CN:SZ:000578,2026-07-21,2026-07-21,1,0,missing_cutoff_bar
market_daily_bar,CN:SZ:000583,2026-07-21,2026-07-21,1,0,missing_cutoff_bar
market_daily_bar,CN:SZ:000584,2026-07-21,2026-07-21,1,0,missing_cutoff_bar
market_daily_bar,CN:SZ:000585,2026-07-21,2026-07-21,1,0,missing_cutoff_bar
market_daily_bar,CN:SZ:000587,2026-07-21,2026-07-21,1,0,missing_cutoff_bar
market_daily_bar,CN:SZ:000588,2026-07-21,2026-07-21,1,0,missing_cutoff_bar
market_daily_bar,CN:SZ:000594,2026-07-21,2026-07-21,1,0,missing_cutoff_bar
market_daily_bar,CN:SZ:000602,2026-07-21,2026-07-21,1,0,missing_cutoff_bar
market_daily_bar,CN:SZ:000606,2026-07-21,2026-07-21,1,0,missing_cutoff_bar
market_daily_bar,CN:SZ:000611,2026-07-21,2026-07-21,1,0,missing_cutoff_bar
market_daily_bar,CN:SZ:000613,2026-07-21,2026-07-21,1,0,missing_cutoff_bar
market_daily_bar,CN:SZ:000616,2026-07-21,2026-07-21,1,0,missing_cutoff_bar
market_daily_bar,CN:SZ:000618,2026-07-21,2026-07-21,1,0,missing_cutoff_bar
market_daily_bar,CN:SZ:000621,2026-07-21,2026-07-21,1,0,missing_cutoff_bar
market_daily_bar,CN:SZ:000622,2026-07-21,2026-07-21,1,0,missing_cutoff_bar
market_daily_bar,CN:SZ:000627,2026-07-21,2026-07-21,1,0,missing_cutoff_bar
market_daily_bar,CN:SZ:000638,2026-07-21,2026-07-21,1,0,missing_cutoff_bar
market_daily_bar,CN:SZ:000653,2026-07-21,2026-07-21,1,0,missing_cutoff_bar
market_daily_bar,CN:SZ:000658,2026-07-21,2026-07-21,1,0,missing_cutoff_bar
market_daily_bar,CN:SZ:000660,2026-07-21,2026-07-21,1,0,missing_cutoff_bar
market_daily_bar,CN:SZ:000662,2026-07-21,2026-07-21,1,0,missing_cutoff_bar
market_daily_bar,CN:SZ:000666,2026-07-21,2026-07-21,1,0,missing_cutoff_bar
market_daily_bar,CN:SZ:000667,2026-07-21,2026-07-21,1,0,missing_cutoff_bar
market_daily_bar,CN:SZ:000671,2026-07-21,2026-07-21,1,0,missing_cutoff_bar
market_daily_bar,CN:SZ:000673,2026-07-21,2026-07-21,1,0,missing_cutoff_bar
market_daily_bar,CN:SZ:000675,2026-07-21,2026-07-21,1,0,missing_cutoff_bar
market_daily_bar,CN:SZ:000687,2026-07-21,2026-07-21,1,0,missing_cutoff_bar
market_daily_bar,CN:SZ:000689,2026-07-21,2026-07-21,1,0,missing_cutoff_bar
market_daily_bar,CN:SZ:000693,2026-07-21,2026-07-21,1,0,missing_cutoff_bar
market_daily_bar,CN:SZ:000699,2026-07-21,2026-07-21,1,0,missing_cutoff_bar
market_daily_bar,CN:SZ:000730,2026-07-21,2026-07-21,1,0,missing_cutoff_bar
market_daily_bar,CN:SZ:000732,2026-07-21,2026-07-21,1,0,missing_cutoff_bar
market_daily_bar,CN:SZ:000748,2026-07-21,2026-07-21,1,0,missing_cutoff_bar
market_daily_bar,CN:SZ:000760,2026-07-21,2026-07-21,1,0,missing_cutoff_bar
market_daily_bar,CN:SZ:000763,2026-07-21,2026-07-21,1,0,missing_cutoff_bar
market_daily_bar,CN:SZ:000765,2026-07-21,2026-07-21,1,0,missing_cutoff_bar
market_daily_bar,CN:SZ:000769,2026-07-21,2026-07-21,1,0,missing_cutoff_bar
market_daily_bar,CN:SZ:000780,2026-07-21,2026-07-21,1,0,missing_cutoff_bar
market_daily_bar,CN:SZ:000787,2026-07-21,2026-07-21,1,0,missing_cutoff_bar
market_daily_bar,CN:SZ:000805,2026-07-21,2026-07-21,1,0,missing_cutoff_bar
market_daily_bar,CN:SZ:000806,2026-07-21,2026-07-21,1,0,missing_cutoff_bar
market_daily_bar,CN:SZ:000817,2026-07-21,2026-07-21,1,0,missing_cutoff_bar
market_daily_bar,CN:SZ:000827,2026-07-21,2026-07-21,1,0,missing_cutoff_bar
market_daily_bar,CN:SZ:000832,2026-07-21,2026-07-21,1,0,missing_cutoff_bar
market_daily_bar,CN:SZ:000835,2026-07-21,2026-07-21,1,0,missing_cutoff_bar
market_daily_bar,CN:SZ:000836,2026-07-21,2026-07-21,1,0,missing_cutoff_bar
market_daily_bar,CN:SZ:000851,2026-07-21,2026-07-21,1,0,missing_cutoff_bar
market_daily_bar,CN:SZ:000861,2026-07-21,2026-07-21,1,0,missing_cutoff_bar
market_daily_bar,CN:SZ:000866,2026-07-21,2026-07-21,1,0,missing_cutoff_bar
market_daily_bar,CN:SZ:000916,2026-07-21,2026-07-21,1,0,missing_cutoff_bar
market_daily_bar,CN:SZ:000918,2026-07-21,2026-07-21,1,0,missing_cutoff_bar
market_daily_bar,CN:SZ:000939,2026-07-21,2026-07-21,1,0,missing_cutoff_bar
market_daily_bar,CN:SZ:000956,2026-07-21,2026-07-21,1,0,missing_cutoff_bar
market_daily_bar,CN:SZ:000961,2026-07-21,2026-07-21,1,0,missing_cutoff_bar
market_daily_bar,CN:SZ:000971,2026-07-21,2026-07-21,1,0,missing_cutoff_bar
market_daily_bar,CN:SZ:000976,2026-07-21,2026-07-21,1,0,missing_cutoff_bar
market_daily_bar,CN:SZ:000979,2026-07-21,2026-07-21,1,0,missing_cutoff_bar
market_daily_bar,CN:SZ:000982,2026-07-21,2026-07-21,1,0,missing_cutoff_bar
market_daily_bar,CN:SZ:000996,2026-07-21,2026-07-21,1,0,missing_cutoff_bar
market_daily_bar,CN:SZ:002002,2026-07-21,2026-07-21,1,0,missing_cutoff_bar
market_daily_bar,CN:SZ:002013,2026-07-21,2026-07-21,1,0,missing_cutoff_bar
market_daily_bar,CN:SZ:002018,2026-07-21,2026-07-21,1,0,missing_cutoff_bar
market_daily_bar,CN:SZ:002070,2026-07-21,2026-07-21,1,0,missing_cutoff_bar
market_daily_bar,CN:SZ:002071,2026-07-21,2026-07-21,1,0,missing_cutoff_bar
market_daily_bar,CN:SZ:002087,2026-07-21,2026-07-21,1,0,missing_cutoff_bar
market_daily_bar,CN:SZ:002089,2026-07-21,2026-07-21,1,0,missing_cutoff_bar
market_daily_bar,CN:SZ:002113,2026-07-21,2026-07-21,1,0,missing_cutoff_bar
market_daily_bar,CN:SZ:002118,2026-07-21,2026-07-21,1,0,missing_cutoff_bar
market_daily_bar,CN:SZ:002143,2026-07-21,2026-07-21,1,0,missing_cutoff_bar
market_daily_bar,CN:SZ:002147,2026-07-21,2026-07-21,1,0,missing_cutoff_bar
market_daily_bar,CN:SZ:002220,2026-07-21,2026-07-21,1,0,missing_cutoff_bar
market_daily_bar,CN:SZ:002231,2026-07-21,2026-07-21,1,0,missing_cutoff_bar
market_daily_bar,CN:SZ:002260,2026-07-21,2026-07-21,1,0,missing_cutoff_bar
market_daily_bar,CN:SZ:002280,2026-07-21,2026-07-21,1,0,missing_cutoff_bar
market_daily_bar,CN:SZ:002288,2026-07-21,2026-07-21,1,0,missing_cutoff_bar
market_daily_bar,CN:SZ:002308,2026-07-21,2026-07-21,1,0,missing_cutoff_bar
market_daily_bar,CN:SZ:002325,2026-07-21,2026-07-21,1,0,missing_cutoff_bar
market_daily_bar,CN:SZ:002336,2026-07-21,2026-07-21,1,0,missing_cutoff_bar
market_daily_bar,CN:SZ:002341,2026-07-21,2026-07-21,1,0,missing_cutoff_bar
market_daily_bar,CN:SZ:002359,2026-07-21,2026-07-21,1,0,missing_cutoff_bar
market_daily_bar,CN:SZ:002411,2026-07-21,2026-07-21,1,0,missing_cutoff_bar
market_daily_bar,CN:SZ:002417,2026-07-21,2026-07-21,1,0,missing_cutoff_bar
market_daily_bar,CN:SZ:002433,2026-07-21,2026-07-21,1,0,missing_cutoff_bar
market_daily_bar,CN:SZ:002435,2026-07-21,2026-07-21,1,0,missing_cutoff_bar
market_daily_bar,CN:SZ:002447,2026-07-21,2026-07-21,1,0,missing_cutoff_bar
market_daily_bar,CN:SZ:002450,2026-07-21,2026-07-21,1,0,missing_cutoff_bar
market_daily_bar,CN:SZ:002464,2026-07-21,2026-07-21,1,0,missing_cutoff_bar
market_daily_bar,CN:SZ:002473,2026-07-21,2026-07-21,1,0,missing_cutoff_bar
market_daily_bar,CN:SZ:002477,2026-07-21,2026-07-21,1,0,missing_cutoff_bar
market_daily_bar,CN:SZ:002499,2026-07-21,2026-07-21,1,0,missing_cutoff_bar
market_daily_bar,CN:SZ:002502,2026-07-21,2026-07-21,1,0,missing_cutoff_bar
market_daily_bar,CN:SZ:002503,2026-07-21,2026-07-21,1,0,missing_cutoff_bar
market_daily_bar,CN:SZ:002504,2026-07-21,2026-07-21,1,0,missing_cutoff_bar
market_daily_bar,CN:SZ:002505,2026-07-21,2026-07-21,1,0,missing_cutoff_bar
market_daily_bar,CN:SZ:002509,2026-07-21,2026-07-21,1,0,missing_cutoff_bar
market_daily_bar,CN:SZ:002604,2026-07-21,2026-07-21,1,0,missing_cutoff_bar
market_daily_bar,CN:SZ:002610,2026-07-21,2026-07-21,1,0,missing_cutoff_bar
market_daily_bar,CN:SZ:002618,2026-07-21,2026-07-21,1,0,missing_cutoff_bar
market_daily_bar,CN:SZ:002619,2026-07-21,2026-07-21,1,0,missing_cutoff_bar
market_daily_bar,CN:SZ:002621,2026-07-21,2026-07-21,1,0,missing_cutoff_bar
market_daily_bar,CN:SZ:002665,2026-07-21,2026-07-21,1,0,missing_cutoff_bar
market_daily_bar,CN:SZ:002680,2026-07-21,2026-07-21,1,0,missing_cutoff_bar
market_daily_bar,CN:SZ:002684,2026-07-21,2026-07-21,1,0,missing_cutoff_bar
market_daily_bar,CN:SZ:002699,2026-07-21,2026-07-21,1,0,missing_cutoff_bar
market_daily_bar,CN:SZ:002711,2026-07-21,2026-07-21,1,0,missing_cutoff_bar
market_daily_bar,CN:SZ:002740,2026-07-21,2026-07-21,1,0,missing_cutoff_bar
market_daily_bar,CN:SZ:002750,2026-07-21,2026-07-21,1,0,missing_cutoff_bar
market_daily_bar,CN:SZ:002751,2026-07-21,2026-07-21,1,0,missing_cutoff_bar
market_daily_bar,CN:SZ:002770,2026-07-21,2026-07-21,1,0,missing_cutoff_bar
market_daily_bar,CN:SZ:002776,2026-07-21,2026-07-21,1,0,missing_cutoff_bar
market_daily_bar,CN:SZ:002781,2026-07-21,2026-07-21,1,0,missing_cutoff_bar
market_daily_bar,CN:SZ:002808,2026-07-21,2026-07-21,1,0,missing_cutoff_bar
market_daily_bar,CN:SZ:002898,2026-07-21,2026-07-21,1,0,missing_cutoff_bar
market_daily_bar,CN:SZ:300023,2026-07-21,2026-07-21,1,0,missing_cutoff_bar
market_daily_bar,CN:SZ:300028,2026-07-21,2026-07-21,1,0,missing_cutoff_bar
market_daily_bar,CN:SZ:300029,2026-07-21,2026-07-21,1,0,missing_cutoff_bar
market_daily_bar,CN:SZ:300038,2026-07-21,2026-07-21,1,0,missing_cutoff_bar
market_daily_bar,CN:SZ:300064,2026-07-21,2026-07-21,1,0,missing_cutoff_bar
market_daily_bar,CN:SZ:300089,2026-07-21,2026-07-21,1,0,missing_cutoff_bar
market_daily_bar,CN:SZ:300090,2026-07-21,2026-07-21,1,0,missing_cutoff_bar
market_daily_bar,CN:SZ:300104,2026-07-21,2026-07-21,1,0,missing_cutoff_bar
market_daily_bar,CN:SZ:300108,2026-07-21,2026-07-21,1,0,missing_cutoff_bar
market_daily_bar,CN:SZ:300114,2026-07-21,2026-07-21,1,0,missing_cutoff_bar
market_daily_bar,CN:SZ:300116,2026-07-21,2026-07-21,1,0,missing_cutoff_bar
market_daily_bar,CN:SZ:300117,2026-07-21,2026-07-21,1,0,missing_cutoff_bar
market_daily_bar,CN:SZ:300156,2026-07-21,2026-07-21,1,0,missing_cutoff_bar
market_daily_bar,CN:SZ:300178,2026-07-21,2026-07-21,1,0,missing_cutoff_bar
market_daily_bar,CN:SZ:300186,2026-07-21,2026-07-21,1,0,missing_cutoff_bar
market_daily_bar,CN:SZ:300202,2026-07-21,2026-07-21,1,0,missing_cutoff_bar
market_daily_bar,CN:SZ:300208,2026-07-21,2026-07-21,1,0,missing_cutoff_bar
market_daily_bar,CN:SZ:300216,2026-07-21,2026-07-21,1,0,missing_cutoff_bar
market_daily_bar,CN:SZ:300262,2026-07-21,2026-07-21,1,0,missing_cutoff_bar
market_daily_bar,CN:SZ:300273,2026-07-21,2026-07-21,1,0,missing_cutoff_bar
market_daily_bar,CN:SZ:300280,2026-07-21,2026-07-21,1,0,missing_cutoff_bar
market_daily_bar,CN:SZ:300282,2026-07-21,2026-07-21,1,0,missing_cutoff_bar
market_daily_bar,CN:SZ:300297,2026-07-21,2026-07-21,1,0,missing_cutoff_bar
market_daily_bar,CN:SZ:300309,2026-07-21,2026-07-21,1,0,missing_cutoff_bar
market_daily_bar,CN:SZ:300312,2026-07-21,2026-07-21,1,0,missing_cutoff_bar
market_daily_bar,CN:SZ:300325,2026-07-21,2026-07-21,1,0,missing_cutoff_bar
market_daily_bar,CN:SZ:300330,2026-07-21,2026-07-21,1,0,missing_cutoff_bar
market_daily_bar,CN:SZ:300336,2026-07-21,2026-07-21,1,0,missing_cutoff_bar
market_daily_bar,CN:SZ:300344,2026-07-21,2026-07-21,1,0,missing_cutoff_bar
market_daily_bar,CN:SZ:300356,2026-07-21,2026-07-21,1,0,missing_cutoff_bar
market_daily_bar,CN:SZ:300362,2026-07-21,2026-07-21,1,0,missing_cutoff_bar
market_daily_bar,CN:SZ:300367,2026-07-21,2026-07-21,1,0,missing_cutoff_bar
market_daily_bar,CN:SZ:300372,2026-07-21,2026-07-21,1,0,missing_cutoff_bar
market_daily_bar,CN:SZ:300379,2026-07-21,2026-07-21,1,0,missing_cutoff_bar
market_daily_bar,CN:SZ:300391,2026-07-21,2026-07-21,1,0,missing_cutoff_bar
market_daily_bar,CN:SZ:300392,2026-07-21,2026-07-21,1,0,missing_cutoff_bar
market_daily_bar,CN:SZ:300431,2026-07-21,2026-07-21,1,0,missing_cutoff_bar
market_daily_bar,CN:SZ:300495,2026-07-21,2026-07-21,1,0,missing_cutoff_bar
market_daily_bar,CN:SZ:300526,2026-07-21,2026-07-21,1,0,missing_cutoff_bar
market_daily_bar,CN:SZ:300630,2026-07-21,2026-07-21,1,0,missing_cutoff_bar
market_daily_bar,CN:SZ:300742,2026-07-21,2026-07-21,1,0,missing_cutoff_bar
market_daily_bar,CN:SZ:300799,2026-07-21,2026-07-21,1,0,missing_cutoff_bar
market_daily_bar,CN:SZ:301234,2026-07-21,2026-07-21,1,0,missing_cutoff_bar
valuation_history,CN:BJ:900901,,2026-07-21,1,0,missing_pit_valuation_history_record
valuation_history,CN:BJ:900902,,2026-07-21,1,0,missing_pit_valuation_history_record
valuation_history,CN:BJ:900903,,2026-07-21,1,0,missing_pit_valuation_history_record
valuation_history,CN:BJ:900904,,2026-07-21,1,0,missing_pit_valuation_history_record
valuation_history,CN:BJ:900905,,2026-07-21,1,0,missing_pit_valuation_history_record
valuation_history,CN:BJ:900906,,2026-07-21,1,0,missing_pit_valuation_history_record
valuation_history,CN:BJ:900908,,2026-07-21,1,0,missing_pit_valuation_history_record
valuation_history,CN:BJ:900909,,2026-07-21,1,0,missing_pit_valuation_history_record
valuation_history,CN:BJ:900910,,2026-07-21,1,0,missing_pit_valuation_history_record
valuation_history,CN:BJ:900911,,2026-07-21,1,0,missing_pit_valuation_history_record
valuation_history,CN:BJ:900912,,2026-07-21,1,0,missing_pit_valuation_history_record
valuation_history,CN:BJ:900913,,2026-07-21,1,0,missing_pit_valuation_history_record
valuation_history,CN:BJ:900914,,2026-07-21,1,0,missing_pit_valuation_history_record
valuation_history,CN:BJ:900915,,2026-07-21,1,0,missing_pit_valuation_history_record
valuation_history,CN:BJ:900916,,2026-07-21,1,0,missing_pit_valuation_history_record
valuation_history,CN:BJ:900917,,2026-07-21,1,0,missing_pit_valuation_history_record
valuation_history,CN:BJ:900918,,2026-07-21,1,0,missing_pit_valuation_history_record
valuation_history,CN:BJ:900920,,2026-07-21,1,0,missing_pit_valuation_history_record
valuation_history,CN:BJ:900921,,2026-07-21,1,0,missing_pit_valuation_history_record
valuation_history,CN:BJ:900922,,2026-07-21,1,0,missing_pit_valuation_history_record
valuation_history,CN:BJ:900923,,2026-07-21,1,0,missing_pit_valuation_history_record
valuation_history,CN:BJ:900924,,2026-07-21,1,0,missing_pit_valuation_history_record
valuation_history,CN:BJ:900925,,2026-07-21,1,0,missing_pit_valuation_history_record
valuation_history,CN:BJ:900926,,2026-07-21,1,0,missing_pit_valuation_history_record
valuation_history,CN:BJ:900927,,2026-07-21,1,0,missing_pit_valuation_history_record
valuation_history,CN:BJ:900928,,2026-07-21,1,0,missing_pit_valuation_history_record
valuation_history,CN:BJ:900929,,2026-07-21,1,0,missing_pit_valuation_history_record
valuation_history,CN:BJ:900932,,2026-07-21,1,0,missing_pit_valuation_history_record
valuation_history,CN:BJ:900934,,2026-07-21,1,0,missing_pit_valuation_history_record
valuation_history,CN:BJ:900936,,2026-07-21,1,0,missing_pit_valuation_history_record
valuation_history,CN:BJ:900937,,2026-07-21,1,0,missing_pit_valuation_history_record
valuation_history,CN:BJ:900938,,2026-07-21,1,0,missing_pit_valuation_history_record
valuation_history,CN:BJ:900939,,2026-07-21,1,0,missing_pit_valuation_history_record
valuation_history,CN:BJ:900940,,2026-07-21,1,0,missing_pit_valuation_history_record
valuation_history,CN:BJ:900941,,2026-07-21,1,0,missing_pit_valuation_history_record
valuation_history,CN:BJ:900942,,2026-07-21,1,0,missing_pit_valuation_history_record
valuation_history,CN:BJ:900943,,2026-07-21,1,0,missing_pit_valuation_history_record
valuation_history,CN:BJ:900945,,2026-07-21,1,0,missing_pit_valuation_history_record
valuation_history,CN:BJ:900946,,2026-07-21,1,0,missing_pit_valuation_history_record
valuation_history,CN:BJ:900947,,2026-07-21,1,0,missing_pit_valuation_history_record
valuation_history,CN:BJ:900948,,2026-07-21,1,0,missing_pit_valuation_history_record
valuation_history,CN:BJ:920001,,2026-07-21,1,0,missing_pit_valuation_history_record
valuation_history,CN:BJ:920003,,2026-07-21,1,0,missing_pit_valuation_history_record
valuation_history,CN:BJ:920005,,2026-07-21,1,0,missing_pit_valuation_history_record
valuation_history,CN:BJ:920006,,2026-07-21,1,0,missing_pit_valuation_history_record
valuation_history,CN:BJ:920007,,2026-07-21,1,0,missing_pit_valuation_history_record
valuation_history,CN:BJ:920008,,2026-07-21,1,0,missing_pit_valuation_history_record
valuation_history,CN:BJ:920009,,2026-07-21,1,0,missing_pit_valuation_history_record
valuation_history,CN:BJ:920010,,2026-07-21,1,0,missing_pit_valuation_history_record
valuation_history,CN:BJ:920011,,2026-07-21,1,0,missing_pit_valuation_history_record
valuation_history,CN:BJ:920012,,2026-07-21,1,0,missing_pit_valuation_history_record
valuation_history,CN:BJ:920014,,2026-07-21,1,0,missing_pit_valuation_history_record
valuation_history,CN:BJ:920015,,2026-07-21,1,0,missing_pit_valuation_history_record
valuation_history,CN:BJ:920016,,2026-07-21,1,0,missing_pit_valuation_history_record
valuation_history,CN:BJ:920017,,2026-07-21,1,0,missing_pit_valuation_history_record
valuation_history,CN:BJ:920018,,2026-07-21,1,0,missing_pit_valuation_history_record
valuation_history,CN:BJ:920019,,2026-07-21,1,0,missing_pit_valuation_history_record
valuation_history,CN:BJ:920020,,2026-07-21,1,0,missing_pit_valuation_history_record
valuation_history,CN:BJ:920021,,2026-07-21,1,0,missing_pit_valuation_history_record
valuation_history,CN:BJ:920022,,2026-07-21,1,0,missing_pit_valuation_history_record
valuation_history,CN:BJ:920023,,2026-07-21,1,0,missing_pit_valuation_history_record
valuation_history,CN:BJ:920026,,2026-07-21,1,0,missing_pit_valuation_history_record
valuation_history,CN:BJ:920027,,2026-07-21,1,0,missing_pit_valuation_history_record
valuation_history,CN:BJ:920028,,2026-07-21,1,0,missing_pit_valuation_history_record
valuation_history,CN:BJ:920029,,2026-07-21,1,0,missing_pit_valuation_history_record
valuation_history,CN:BJ:920030,,2026-07-21,1,0,missing_pit_valuation_history_record
valuation_history,CN:BJ:920033,,2026-07-21,1,0,missing_pit_valuation_history_record
valuation_history,CN:BJ:920035,,2026-07-21,1,0,missing_pit_valuation_history_record
valuation_history,CN:BJ:920036,,2026-07-21,1,0,missing_pit_valuation_history_record
valuation_history,CN:BJ:920037,,2026-07-21,1,0,missing_pit_valuation_history_record
valuation_history,CN:BJ:920039,,2026-07-21,1,0,missing_pit_valuation_history_record
valuation_history,CN:BJ:920045,,2026-07-21,1,0,missing_pit_valuation_history_record
valuation_history,CN:BJ:920047,,2026-07-21,1,0,missing_pit_valuation_history_record
valuation_history,CN:BJ:920050,,2026-07-21,1,0,missing_pit_valuation_history_record
valuation_history,CN:BJ:920055,,2026-07-21,1,0,missing_pit_valuation_history_record
valuation_history,CN:BJ:920056,,2026-07-21,1,0,missing_pit_valuation_history_record
valuation_history,CN:BJ:920057,,2026-07-21,1,0,missing_pit_valuation_history_record
valuation_history,CN:BJ:920058,,2026-07-21,1,0,missing_pit_valuation_history_record
valuation_history,CN:BJ:920060,,2026-07-21,1,0,missing_pit_valuation_history_record
valuation_history,CN:BJ:920061,,2026-07-21,1,0,missing_pit_valuation_history_record
valuation_history,CN:BJ:920062,,2026-07-21,1,0,missing_pit_valuation_history_record
valuation_history,CN:BJ:920066,,2026-07-21,1,0,missing_pit_valuation_history_record
valuation_history,CN:BJ:920068,,2026-07-21,1,0,missing_pit_valuation_history_record
valuation_history,CN:BJ:920069,,2026-07-21,1,0,missing_pit_valuation_history_record
valuation_history,CN:BJ:920072,,2026-07-21,1,0,missing_pit_valuation_history_record
valuation_history,CN:BJ:920075,,2026-07-21,1,0,missing_pit_valuation_history_record
valuation_history,CN:BJ:920076,,2026-07-21,1,0,missing_pit_valuation_history_record
valuation_history,CN:BJ:920077,,2026-07-21,1,0,missing_pit_valuation_history_record
valuation_history,CN:BJ:920078,,2026-07-21,1,0,missing_pit_valuation_history_record
valuation_history,CN:BJ:920079,,2026-07-21,1,0,missing_pit_valuation_history_record
valuation_history,CN:BJ:920080,,2026-07-21,1,0,missing_pit_valuation_history_record
valuation_history,CN:BJ:920082,,2026-07-21,1,0,missing_pit_valuation_history_record
valuation_history,CN:BJ:920083,,2026-07-21,1,0,missing_pit_valuation_history_record
valuation_history,CN:BJ:920086,,2026-07-21,1,0,missing_pit_valuation_history_record
valuation_history,CN:BJ:920087,,2026-07-21,1,0,missing_pit_valuation_history_record
valuation_history,CN:BJ:920088,,2026-07-21,1,0,missing_pit_valuation_history_record
valuation_history,CN:BJ:920089,,2026-07-21,1,0,missing_pit_valuation_history_record
valuation_history,CN:BJ:920090,,2026-07-21,1,0,missing_pit_valuation_history_record
valuation_history,CN:BJ:920091,,2026-07-21,1,0,missing_pit_valuation_history_record
valuation_history,CN:BJ:920092,,2026-07-21,1,0,missing_pit_valuation_history_record
valuation_history,CN:BJ:920096,,2026-07-21,1,0,missing_pit_valuation_history_record
valuation_history,CN:BJ:920098,,2026-07-21,1,0,missing_pit_valuation_history_record
valuation_history,CN:BJ:920099,,2026-07-21,1,0,missing_pit_valuation_history_record
valuation_history,CN:BJ:920100,,2026-07-21,1,0,missing_pit_valuation_history_record
valuation_history,CN:BJ:920101,,2026-07-21,1,0,missing_pit_valuation_history_record
valuation_history,CN:BJ:920106,,2026-07-21,1,0,missing_pit_valuation_history_record
valuation_history,CN:BJ:920110,,2026-07-21,1,0,missing_pit_valuation_history_record
valuation_history,CN:BJ:920111,,2026-07-21,1,0,missing_pit_valuation_history_record
valuation_history,CN:BJ:920112,,2026-07-21,1,0,missing_pit_valuation_history_record
valuation_history,CN:BJ:920116,,2026-07-21,1,0,missing_pit_valuation_history_record
valuation_history,CN:BJ:920117,,2026-07-21,1,0,missing_pit_valuation_history_record
valuation_history,CN:BJ:920118,,2026-07-21,1,0,missing_pit_valuation_history_record
valuation_history,CN:BJ:920119,,2026-07-21,1,0,missing_pit_valuation_history_record
valuation_history,CN:BJ:920121,,2026-07-21,1,0,missing_pit_valuation_history_record
valuation_history,CN:BJ:920122,,2026-07-21,1,0,missing_pit_valuation_history_record
valuation_history,CN:BJ:920123,,2026-07-21,1,0,missing_pit_valuation_history_record
valuation_history,CN:BJ:920124,,2026-07-21,1,0,missing_pit_valuation_history_record
valuation_history,CN:BJ:920125,,2026-07-21,1,0,missing_pit_valuation_history_record
valuation_history,CN:BJ:920126,,2026-07-21,1,0,missing_pit_valuation_history_record
valuation_history,CN:BJ:920128,,2026-07-21,1,0,missing_pit_valuation_history_record
valuation_history,CN:BJ:920130,,2026-07-21,1,0,missing_pit_valuation_history_record
valuation_history,CN:BJ:920132,,2026-07-21,1,0,missing_pit_valuation_history_record
valuation_history,CN:BJ:920136,,2026-07-21,1,0,missing_pit_valuation_history_record
valuation_history,CN:BJ:920139,,2026-07-21,1,0,missing_pit_valuation_history_record
valuation_history,CN:BJ:920145,,2026-07-21,1,0,missing_pit_valuation_history_record
valuation_history,CN:BJ:920146,,2026-07-21,1,0,missing_pit_valuation_history_record
valuation_history,CN:BJ:920149,,2026-07-21,1,0,missing_pit_valuation_history_record
valuation_history,CN:BJ:920152,,2026-07-21,1,0,missing_pit_valuation_history_record
valuation_history,CN:BJ:920156,,2026-07-21,1,0,missing_pit_valuation_history_record
valuation_history,CN:BJ:920158,,2026-07-21,1,0,missing_pit_valuation_history_record
valuation_history,CN:BJ:920159,,2026-07-21,1,0,missing_pit_valuation_history_record
valuation_history,CN:BJ:920160,,2026-07-21,1,0,missing_pit_valuation_history_record
valuation_history,CN:BJ:920161,,2026-07-21,1,0,missing_pit_valuation_history_record
valuation_history,CN:BJ:920163,,2026-07-21,1,0,missing_pit_valuation_history_record
valuation_history,CN:BJ:920166,,2026-07-21,1,0,missing_pit_valuation_history_record
valuation_history,CN:BJ:920167,,2026-07-21,1,0,missing_pit_valuation_history_record
valuation_history,CN:BJ:920168,,2026-07-21,1,0,missing_pit_valuation_history_record
valuation_history,CN:BJ:920169,,2026-07-21,1,0,missing_pit_valuation_history_record
valuation_history,CN:BJ:920171,,2026-07-21,1,0,missing_pit_valuation_history_record
valuation_history,CN:BJ:920174,,2026-07-21,1,0,missing_pit_valuation_history_record
valuation_history,CN:BJ:920175,,2026-07-21,1,0,missing_pit_valuation_history_record
valuation_history,CN:BJ:920177,,2026-07-21,1,0,missing_pit_valuation_history_record
valuation_history,CN:BJ:920178,,2026-07-21,1,0,missing_pit_valuation_history_record
valuation_history,CN:BJ:920179,,2026-07-21,1,0,missing_pit_valuation_history_record
valuation_history,CN:BJ:920180,,2026-07-21,1,0,missing_pit_valuation_history_record
valuation_history,CN:BJ:920181,,2026-07-21,1,0,missing_pit_valuation_history_record
valuation_history,CN:BJ:920183,,2026-07-21,1,0,missing_pit_valuation_history_record
valuation_history,CN:BJ:920184,,2026-07-21,1,0,missing_pit_valuation_history_record
valuation_history,CN:BJ:920185,,2026-07-21,1,0,missing_pit_valuation_history_record
valuation_history,CN:BJ:920186,,2026-07-21,1,0,missing_pit_valuation_history_record
valuation_history,CN:BJ:920187,,2026-07-21,1,0,missing_pit_valuation_history_record
valuation_history,CN:BJ:920188,,2026-07-21,1,0,missing_pit_valuation_history_record
valuation_history,CN:BJ:920189,,2026-07-21,1,0,missing_pit_valuation_history_record
valuation_history,CN:BJ:920190,,2026-07-21,1,0,missing_pit_valuation_history_record
valuation_history,CN:BJ:920191,,2026-07-21,1,0,missing_pit_valuation_history_record
valuation_history,CN:BJ:920193,,2026-07-21,1,0,missing_pit_valuation_history_record
valuation_history,CN:BJ:920195,,2026-07-21,1,0,missing_pit_valuation_history_record
valuation_history,CN:BJ:920198,,2026-07-21,1,0,missing_pit_valuation_history_record
valuation_history,CN:BJ:920199,,2026-07-21,1,0,missing_pit_valuation_history_record
valuation_history,CN:BJ:920200,,2026-07-21,1,0,missing_pit_valuation_history_record
valuation_history,CN:BJ:920204,,2026-07-21,1,0,missing_pit_valuation_history_record
valuation_history,CN:BJ:920206,,2026-07-21,1,0,missing_pit_valuation_history_record
valuation_history,CN:BJ:920207,,2026-07-21,1,0,missing_pit_valuation_history_record
valuation_history,CN:BJ:920208,,2026-07-21,1,0,missing_pit_valuation_history_record
valuation_history,CN:BJ:920211,,2026-07-21,1,0,missing_pit_valuation_history_record
valuation_history,CN:BJ:920212,,2026-07-21,1,0,missing_pit_valuation_history_record
valuation_history,CN:BJ:920218,,2026-07-21,1,0,missing_pit_valuation_history_record
valuation_history,CN:BJ:920220,,2026-07-21,1,0,missing_pit_valuation_history_record
valuation_history,CN:BJ:920221,,2026-07-21,1,0,missing_pit_valuation_history_record
valuation_history,CN:BJ:920222,,2026-07-21,1,0,missing_pit_valuation_history_record
valuation_history,CN:BJ:920223,,2026-07-21,1,0,missing_pit_valuation_history_record
valuation_history,CN:BJ:920225,,2026-07-21,1,0,missing_pit_valuation_history_record
valuation_history,CN:BJ:920227,,2026-07-21,1,0,missing_pit_valuation_history_record
valuation_history,CN:BJ:920230,,2026-07-21,1,0,missing_pit_valuation_history_record
valuation_history,CN:BJ:920237,,2026-07-21,1,0,missing_pit_valuation_history_record
valuation_history,CN:BJ:920239,,2026-07-21,1,0,missing_pit_valuation_history_record
valuation_history,CN:BJ:920242,,2026-07-21,1,0,missing_pit_valuation_history_record
valuation_history,CN:BJ:920245,,2026-07-21,1,0,missing_pit_valuation_history_record
valuation_history,CN:BJ:920247,,2026-07-21,1,0,missing_pit_valuation_history_record
valuation_history,CN:BJ:920249,,2026-07-21,1,0,missing_pit_valuation_history_record
valuation_history,CN:BJ:920252,,2026-07-21,1,0,missing_pit_valuation_history_record
valuation_history,CN:BJ:920260,,2026-07-21,1,0,missing_pit_valuation_history_record
valuation_history,CN:BJ:920261,,2026-07-21,1,0,missing_pit_valuation_history_record
valuation_history,CN:BJ:920262,,2026-07-21,1,0,missing_pit_valuation_history_record
valuation_history,CN:BJ:920263,,2026-07-21,1,0,missing_pit_valuation_history_record
valuation_history,CN:BJ:920266,,2026-07-21,1,0,missing_pit_valuation_history_record
valuation_history,CN:BJ:920267,,2026-07-21,1,0,missing_pit_valuation_history_record
valuation_history,CN:BJ:920271,,2026-07-21,1,0,missing_pit_valuation_history_record
valuation_history,CN:BJ:920273,,2026-07-21,1,0,missing_pit_valuation_history_record
valuation_history,CN:BJ:920274,,2026-07-21,1,0,missing_pit_valuation_history_record
valuation_history,CN:BJ:920275,,2026-07-21,1,0,missing_pit_valuation_history_record
valuation_history,CN:BJ:920278,,2026-07-21,1,0,missing_pit_valuation_history_record
valuation_history,CN:BJ:920284,,2026-07-21,1,0,missing_pit_valuation_history_record
valuation_history,CN:BJ:920299,,2026-07-21,1,0,missing_pit_valuation_history_record
valuation_history,CN:BJ:920300,,2026-07-21,1,0,missing_pit_valuation_history_record
valuation_history,CN:BJ:920305,,2026-07-21,1,0,missing_pit_valuation_history_record
valuation_history,CN:BJ:920339,,2026-07-21,1,0,missing_pit_valuation_history_record
valuation_history,CN:BJ:920344,,2026-07-21,1,0,missing_pit_valuation_history_record
valuation_history,CN:BJ:920346,,2026-07-21,1,0,missing_pit_valuation_history_record
valuation_history,CN:BJ:920351,,2026-07-21,1,0,missing_pit_valuation_history_record
valuation_history,CN:BJ:920357,,2026-07-21,1,0,missing_pit_valuation_history_record
valuation_history,CN:BJ:920363,,2026-07-21,1,0,missing_pit_valuation_history_record
valuation_history,CN:BJ:920367,,2026-07-21,1,0,missing_pit_valuation_history_record
valuation_history,CN:BJ:920368,,2026-07-21,1,0,missing_pit_valuation_history_record
valuation_history,CN:BJ:920370,,2026-07-21,1,0,missing_pit_valuation_history_record
valuation_history,CN:BJ:920374,,2026-07-21,1,0,missing_pit_valuation_history_record
valuation_history,CN:BJ:920375,,2026-07-21,1,0,missing_pit_valuation_history_record
valuation_history,CN:BJ:920378,,2026-07-21,1,0,missing_pit_valuation_history_record
valuation_history,CN:BJ:920392,,2026-07-21,1,0,missing_pit_valuation_history_record
valuation_history,CN:BJ:920394,,2026-07-21,1,0,missing_pit_valuation_history_record
valuation_history,CN:BJ:920395,,2026-07-21,1,0,missing_pit_valuation_history_record
valuation_history,CN:BJ:920396,,2026-07-21,1,0,missing_pit_valuation_history_record
valuation_history,CN:BJ:920402,,2026-07-21,1,0,missing_pit_valuation_history_record
valuation_history,CN:BJ:920403,,2026-07-21,1,0,missing_pit_valuation_history_record
valuation_history,CN:BJ:920405,,2026-07-21,1,0,missing_pit_valuation_history_record
valuation_history,CN:BJ:920407,,2026-07-21,1,0,missing_pit_valuation_history_record
valuation_history,CN:BJ:920414,,2026-07-21,1,0,missing_pit_valuation_history_record
valuation_history,CN:BJ:920415,,2026-07-21,1,0,missing_pit_valuation_history_record
valuation_history,CN:BJ:920418,,2026-07-21,1,0,missing_pit_valuation_history_record
valuation_history,CN:BJ:920419,,2026-07-21,1,0,missing_pit_valuation_history_record
valuation_history,CN:BJ:920422,,2026-07-21,1,0,missing_pit_valuation_history_record
valuation_history,CN:BJ:920425,,2026-07-21,1,0,missing_pit_valuation_history_record
valuation_history,CN:BJ:920427,,2026-07-21,1,0,missing_pit_valuation_history_record
valuation_history,CN:BJ:920429,,2026-07-21,1,0,missing_pit_valuation_history_record
valuation_history,CN:BJ:920433,,2026-07-21,1,0,missing_pit_valuation_history_record
valuation_history,CN:BJ:920438,,2026-07-21,1,0,missing_pit_valuation_history_record
valuation_history,CN:BJ:920445,,2026-07-21,1,0,missing_pit_valuation_history_record
valuation_history,CN:BJ:920454,,2026-07-21,1,0,missing_pit_valuation_history_record
valuation_history,CN:BJ:920469,,2026-07-21,1,0,missing_pit_valuation_history_record
valuation_history,CN:BJ:920471,,2026-07-21,1,0,missing_pit_valuation_history_record
valuation_history,CN:BJ:920475,,2026-07-21,1,0,missing_pit_valuation_history_record
valuation_history,CN:BJ:920476,,2026-07-21,1,0,missing_pit_valuation_history_record
valuation_history,CN:BJ:920478,,2026-07-21,1,0,missing_pit_valuation_history_record
valuation_history,CN:BJ:920489,,2026-07-21,1,0,missing_pit_valuation_history_record
valuation_history,CN:BJ:920491,,2026-07-21,1,0,missing_pit_valuation_history_record
valuation_history,CN:BJ:920493,,2026-07-21,1,0,missing_pit_valuation_history_record
valuation_history,CN:BJ:920496,,2026-07-21,1,0,missing_pit_valuation_history_record
valuation_history,CN:BJ:920504,,2026-07-21,1,0,missing_pit_valuation_history_record
valuation_history,CN:BJ:920505,,2026-07-21,1,0,missing_pit_valuation_history_record
valuation_history,CN:BJ:920508,,2026-07-21,1,0,missing_pit_valuation_history_record
valuation_history,CN:BJ:920509,,2026-07-21,1,0,missing_pit_valuation_history_record
valuation_history,CN:BJ:920510,,2026-07-21,1,0,missing_pit_valuation_history_record
valuation_history,CN:BJ:920519,,2026-07-21,1,0,missing_pit_valuation_history_record
valuation_history,CN:BJ:920522,,2026-07-21,1,0,missing_pit_valuation_history_record
valuation_history,CN:BJ:920523,,2026-07-21,1,0,missing_pit_valuation_history_record
valuation_history,CN:BJ:920526,,2026-07-21,1,0,missing_pit_valuation_history_record
valuation_history,CN:BJ:920527,,2026-07-21,1,0,missing_pit_valuation_history_record
valuation_history,CN:BJ:920533,,2026-07-21,1,0,missing_pit_valuation_history_record
valuation_history,CN:BJ:920541,,2026-07-21,1,0,missing_pit_valuation_history_record
valuation_history,CN:BJ:920547,,2026-07-21,1,0,missing_pit_valuation_history_record
valuation_history,CN:BJ:920553,,2026-07-21,1,0,missing_pit_valuation_history_record
valuation_history,CN:BJ:920556,,2026-07-21,1,0,missing_pit_valuation_history_record
valuation_history,CN:BJ:920564,,2026-07-21,1,0,missing_pit_valuation_history_record
valuation_history,CN:BJ:920566,,2026-07-21,1,0,missing_pit_valuation_history_record
valuation_history,CN:BJ:920570,,2026-07-21,1,0,missing_pit_valuation_history_record
valuation_history,CN:BJ:920571,,2026-07-21,1,0,missing_pit_valuation_history_record
valuation_history,CN:BJ:920575,,2026-07-21,1,0,missing_pit_valuation_history_record
valuation_history,CN:BJ:920576,,2026-07-21,1,0,missing_pit_valuation_history_record
valuation_history,CN:BJ:920578,,2026-07-21,1,0,missing_pit_valuation_history_record
valuation_history,CN:BJ:920579,,2026-07-21,1,0,missing_pit_valuation_history_record
valuation_history,CN:BJ:920580,,2026-07-21,1,0,missing_pit_valuation_history_record
valuation_history,CN:BJ:920592,,2026-07-21,1,0,missing_pit_valuation_history_record
valuation_history,CN:BJ:920593,,2026-07-21,1,0,missing_pit_valuation_history_record
valuation_history,CN:BJ:920599,,2026-07-21,1,0,missing_pit_valuation_history_record
valuation_history,CN:BJ:920608,,2026-07-21,1,0,missing_pit_valuation_history_record
valuation_history,CN:BJ:920627,,2026-07-21,1,0,missing_pit_valuation_history_record
valuation_history,CN:BJ:920640,,2026-07-21,1,0,missing_pit_valuation_history_record
valuation_history,CN:BJ:920641,,2026-07-21,1,0,missing_pit_valuation_history_record
valuation_history,CN:BJ:920642,,2026-07-21,1,0,missing_pit_valuation_history_record
valuation_history,CN:BJ:920651,,2026-07-21,1,0,missing_pit_valuation_history_record
valuation_history,CN:BJ:920656,,2026-07-21,1,0,missing_pit_valuation_history_record
valuation_history,CN:BJ:920662,,2026-07-21,1,0,missing_pit_valuation_history_record
valuation_history,CN:BJ:920663,,2026-07-21,1,0,missing_pit_valuation_history_record
valuation_history,CN:BJ:920665,,2026-07-21,1,0,missing_pit_valuation_history_record
valuation_history,CN:BJ:920670,,2026-07-21,1,0,missing_pit_valuation_history_record
valuation_history,CN:BJ:920675,,2026-07-21,1,0,missing_pit_valuation_history_record
valuation_history,CN:BJ:920679,,2026-07-21,1,0,missing_pit_valuation_history_record
valuation_history,CN:BJ:920682,,2026-07-21,1,0,missing_pit_valuation_history_record
valuation_history,CN:BJ:920685,,2026-07-21,1,0,missing_pit_valuation_history_record
valuation_history,CN:BJ:920689,,2026-07-21,1,0,missing_pit_valuation_history_record
valuation_history,CN:BJ:920690,,2026-07-21,1,0,missing_pit_valuation_history_record
valuation_history,CN:BJ:920693,,2026-07-21,1,0,missing_pit_valuation_history_record
valuation_history,CN:BJ:920694,,2026-07-21,1,0,missing_pit_valuation_history_record
valuation_history,CN:BJ:920699,,2026-07-21,1,0,missing_pit_valuation_history_record
valuation_history,CN:BJ:920701,,2026-07-21,1,0,missing_pit_valuation_history_record
valuation_history,CN:BJ:920703,,2026-07-21,1,0,missing_pit_valuation_history_record
valuation_history,CN:BJ:920706,,2026-07-21,1,0,missing_pit_valuation_history_record
valuation_history,CN:BJ:920717,,2026-07-21,1,0,missing_pit_valuation_history_record
valuation_history,CN:BJ:920719,,2026-07-21,1,0,missing_pit_valuation_history_record
valuation_history,CN:BJ:920720,,2026-07-21,1,0,missing_pit_valuation_history_record
valuation_history,CN:BJ:920725,,2026-07-21,1,0,missing_pit_valuation_history_record
valuation_history,CN:BJ:920726,,2026-07-21,1,0,missing_pit_valuation_history_record
valuation_history,CN:BJ:920729,,2026-07-21,1,0,missing_pit_valuation_history_record
valuation_history,CN:BJ:920735,,2026-07-21,1,0,missing_pit_valuation_history_record
valuation_history,CN:BJ:920748,,2026-07-21,1,0,missing_pit_valuation_history_record
valuation_history,CN:BJ:920751,,2026-07-21,1,0,missing_pit_valuation_history_record
valuation_history,CN:BJ:920768,,2026-07-21,1,0,missing_pit_valuation_history_record
valuation_history,CN:BJ:920770,,2026-07-21,1,0,missing_pit_valuation_history_record
valuation_history,CN:BJ:920779,,2026-07-21,1,0,missing_pit_valuation_history_record
valuation_history,CN:BJ:920781,,2026-07-21,1,0,missing_pit_valuation_history_record
valuation_history,CN:BJ:920786,,2026-07-21,1,0,missing_pit_valuation_history_record
valuation_history,CN:BJ:920790,,2026-07-21,1,0,missing_pit_valuation_history_record
valuation_history,CN:BJ:920799,,2026-07-21,1,0,missing_pit_valuation_history_record
valuation_history,CN:BJ:920806,,2026-07-21,1,0,missing_pit_valuation_history_record
valuation_history,CN:BJ:920807,,2026-07-21,1,0,missing_pit_valuation_history_record
valuation_history,CN:BJ:920808,,2026-07-21,1,0,missing_pit_valuation_history_record
valuation_history,CN:BJ:920809,,2026-07-21,1,0,missing_pit_valuation_history_record
valuation_history,CN:BJ:920819,,2026-07-21,1,0,missing_pit_valuation_history_record
valuation_history,CN:BJ:920821,,2026-07-21,1,0,missing_pit_valuation_history_record
valuation_history,CN:BJ:920826,,2026-07-21,1,0,missing_pit_valuation_history_record
valuation_history,CN:BJ:920832,,2026-07-21,1,0,missing_pit_valuation_history_record
valuation_history,CN:BJ:920839,,2026-07-21,1,0,missing_pit_valuation_history_record
valuation_history,CN:BJ:920855,,2026-07-21,1,0,missing_pit_valuation_history_record
valuation_history,CN:BJ:920856,,2026-07-21,1,0,missing_pit_valuation_history_record
valuation_history,CN:BJ:920857,,2026-07-21,1,0,missing_pit_valuation_history_record
valuation_history,CN:BJ:920866,,2026-07-21,1,0,missing_pit_valuation_history_record
valuation_history,CN:BJ:920870,,2026-07-21,1,0,missing_pit_valuation_history_record
valuation_history,CN:BJ:920871,,2026-07-21,1,0,missing_pit_valuation_history_record
valuation_history,CN:BJ:920873,,2026-07-21,1,0,missing_pit_valuation_history_record
valuation_history,CN:BJ:920876,,2026-07-21,1,0,missing_pit_valuation_history_record
valuation_history,CN:BJ:920879,,2026-07-21,1,0,missing_pit_valuation_history_record
valuation_history,CN:BJ:920885,,2026-07-21,1,0,missing_pit_valuation_history_record
valuation_history,CN:BJ:920892,,2026-07-21,1,0,missing_pit_valuation_history_record
valuation_history,CN:BJ:920895,,2026-07-21,1,0,missing_pit_valuation_history_record
valuation_history,CN:BJ:920906,,2026-07-21,1,0,missing_pit_valuation_history_record
valuation_history,CN:BJ:920914,,2026-07-21,1,0,missing_pit_valuation_history_record
valuation_history,CN:BJ:920924,,2026-07-21,1,0,missing_pit_valuation_history_record
valuation_history,CN:BJ:920925,,2026-07-21,1,0,missing_pit_valuation_history_record
valuation_history,CN:BJ:920926,,2026-07-21,1,0,missing_pit_valuation_history_record
valuation_history,CN:BJ:920931,,2026-07-21,1,0,missing_pit_valuation_history_record
valuation_history,CN:BJ:920932,,2026-07-21,1,0,missing_pit_valuation_history_record
valuation_history,CN:BJ:920942,,2026-07-21,1,0,missing_pit_valuation_history_record
valuation_history,CN:BJ:920943,,2026-07-21,1,0,missing_pit_valuation_history_record
valuation_history,CN:BJ:920946,,2026-07-21,1,0,missing_pit_valuation_history_record
valuation_history,CN:BJ:920953,,2026-07-21,1,0,missing_pit_valuation_history_record
valuation_history,CN:BJ:920961,,2026-07-21,1,0,missing_pit_valuation_history_record
valuation_history,CN:BJ:920964,,2026-07-21,1,0,missing_pit_valuation_history_record
valuation_history,CN:BJ:920970,,2026-07-21,1,0,missing_pit_valuation_history_record
valuation_history,CN:BJ:920971,,2026-07-21,1,0,missing_pit_valuation_history_record
valuation_history,CN:BJ:920974,,2026-07-21,1,0,missing_pit_valuation_history_record
valuation_history,CN:BJ:920976,,2026-07-21,1,0,missing_pit_valuation_history_record
valuation_history,CN:BJ:920978,,2026-07-21,1,0,missing_pit_valuation_history_record
valuation_history,CN:BJ:920981,,2026-07-21,1,0,missing_pit_valuation_history_record
valuation_history,CN:BJ:920982,,2026-07-21,1,0,missing_pit_valuation_history_record
valuation_history,CN:BJ:920985,,2026-07-21,1,0,missing_pit_valuation_history_record
valuation_history,CN:BJ:920992,,2026-07-21,1,0,missing_pit_valuation_history_record
valuation_history,CN:SH:600001,,2026-07-21,1,0,missing_pit_valuation_history_record
valuation_history,CN:SH:600002,,2026-07-21,1,0,missing_pit_valuation_history_record
valuation_history,CN:SH:600003,,2026-07-21,1,0,missing_pit_valuation_history_record
valuation_history,CN:SH:600005,,2026-07-21,1,0,missing_pit_valuation_history_record
valuation_history,CN:SH:600065,,2026-07-21,1,0,missing_pit_valuation_history_record
valuation_history,CN:SH:600068,,2026-07-21,1,0,missing_pit_valuation_history_record
valuation_history,CN:SH:600069,,2026-07-21,1,0,missing_pit_valuation_history_record
valuation_history,CN:SH:600070,,2026-07-21,1,0,missing_pit_valuation_history_record
valuation_history,CN:SH:600074,,2026-07-21,1,0,missing_pit_valuation_history_record
valuation_history,CN:SH:600077,,2026-07-21,1,0,missing_pit_valuation_history_record
valuation_history,CN:SH:600083,,2026-07-21,1,0,missing_pit_valuation_history_record
valuation_history,CN:SH:600086,,2026-07-21,1,0,missing_pit_valuation_history_record
valuation_history,CN:SH:600087,,2026-07-21,1,0,missing_pit_valuation_history_record
valuation_history,CN:SH:600090,,2026-07-21,1,0,missing_pit_valuation_history_record
valuation_history,CN:SH:600091,,2026-07-21,1,0,missing_pit_valuation_history_record
valuation_history,CN:SH:600092,,2026-07-21,1,0,missing_pit_valuation_history_record
valuation_history,CN:SH:600093,,2026-07-21,1,0,missing_pit_valuation_history_record
valuation_history,CN:SH:600102,,2026-07-21,1,0,missing_pit_valuation_history_record
valuation_history,CN:SH:600112,,2026-07-21,1,0,missing_pit_valuation_history_record
valuation_history,CN:SH:600122,,2026-07-21,1,0,missing_pit_valuation_history_record
valuation_history,CN:SH:600139,,2026-07-21,1,0,missing_pit_valuation_history_record
valuation_history,CN:SH:600145,,2026-07-21,1,0,missing_pit_valuation_history_record
valuation_history,CN:SH:600146,,2026-07-21,1,0,missing_pit_valuation_history_record
valuation_history,CN:SH:600175,,2026-07-21,1,0,missing_pit_valuation_history_record
valuation_history,CN:SH:600181,,2026-07-21,1,0,missing_pit_valuation_history_record
valuation_history,CN:SH:600190,,2026-07-21,1,0,missing_pit_valuation_history_record
valuation_history,CN:SH:600200,,2026-07-21,1,0,missing_pit_valuation_history_record
valuation_history,CN:SH:600205,,2026-07-21,1,0,missing_pit_valuation_history_record
valuation_history,CN:SH:600209,,2026-07-21,1,0,missing_pit_valuation_history_record
valuation_history,CN:SH:600213,,2026-07-21,1,0,missing_pit_valuation_history_record
valuation_history,CN:SH:600220,,2026-07-21,1,0,missing_pit_valuation_history_record
valuation_history,CN:SH:600225,,2026-07-21,1,0,missing_pit_valuation_history_record
valuation_history,CN:SH:600240,,2026-07-21,1,0,missing_pit_valuation_history_record
valuation_history,CN:SH:600242,,2026-07-21,1,0,missing_pit_valuation_history_record
valuation_history,CN:SH:600247,,2026-07-21,1,0,missing_pit_valuation_history_record
valuation_history,CN:SH:600253,,2026-07-21,1,0,missing_pit_valuation_history_record
valuation_history,CN:SH:600260,,2026-07-21,1,0,missing_pit_valuation_history_record
valuation_history,CN:SH:600263,,2026-07-21,1,0,missing_pit_valuation_history_record
valuation_history,CN:SH:600270,,2026-07-21,1,0,missing_pit_valuation_history_record
valuation_history,CN:SH:600275,,2026-07-21,1,0,missing_pit_valuation_history_record
valuation_history,CN:SH:600277,,2026-07-21,1,0,missing_pit_valuation_history_record
valuation_history,CN:SH:600286,,2026-07-21,1,0,missing_pit_valuation_history_record
valuation_history,CN:SH:600290,,2026-07-21,1,0,missing_pit_valuation_history_record
valuation_history,CN:SH:600291,,2026-07-21,1,0,missing_pit_valuation_history_record
valuation_history,CN:SH:600296,,2026-07-21,1,0,missing_pit_valuation_history_record
valuation_history,CN:SH:600297,,2026-07-21,1,0,missing_pit_valuation_history_record
valuation_history,CN:SH:600306,,2026-07-21,1,0,missing_pit_valuation_history_record
valuation_history,CN:SH:600311,,2026-07-21,1,0,missing_pit_valuation_history_record
valuation_history,CN:SH:600317,,2026-07-21,1,0,missing_pit_valuation_history_record
valuation_history,CN:SH:600321,,2026-07-21,1,0,missing_pit_valuation_history_record
valuation_history,CN:SH:600355,,2026-07-21,1,0,missing_pit_valuation_history_record
valuation_history,CN:SH:600357,,2026-07-21,1,0,missing_pit_valuation_history_record
valuation_history,CN:SH:600385,,2026-07-21,1,0,missing_pit_valuation_history_record
valuation_history,CN:SH:600387,,2026-07-21,1,0,missing_pit_valuation_history_record
valuation_history,CN:SH:600393,,2026-07-21,1,0,missing_pit_valuation_history_record
valuation_history,CN:SH:600401,,2026-07-21,1,0,missing_pit_valuation_history_record
valuation_history,CN:SH:600432,,2026-07-21,1,0,missing_pit_valuation_history_record
valuation_history,CN:SH:600462,,2026-07-21,1,0,missing_pit_valuation_history_record
valuation_history,CN:SH:600466,,2026-07-21,1,0,missing_pit_valuation_history_record
valuation_history,CN:SH:600472,,2026-07-21,1,0,missing_pit_valuation_history_record
valuation_history,CN:SH:600485,,2026-07-21,1,0,missing_pit_valuation_history_record
valuation_history,CN:SH:600532,,2026-07-21,1,0,missing_pit_valuation_history_record
valuation_history,CN:SH:600553,,2026-07-21,1,0,missing_pit_valuation_history_record
valuation_history,CN:SH:600555,,2026-07-21,1,0,missing_pit_valuation_history_record
valuation_history,CN:SH:600565,,2026-07-21,1,0,missing_pit_valuation_history_record
valuation_history,CN:SH:600591,,2026-07-21,1,0,missing_pit_valuation_history_record
valuation_history,CN:SH:600607,,2026-07-21,1,0,missing_pit_valuation_history_record
valuation_history,CN:SH:600614,,2026-07-21,1,0,missing_pit_valuation_history_record
valuation_history,CN:SH:600625,,2026-07-21,1,0,missing_pit_valuation_history_record
valuation_history,CN:SH:600627,,2026-07-21,1,0,missing_pit_valuation_history_record
valuation_history,CN:SH:600631,,2026-07-21,1,0,missing_pit_valuation_history_record
valuation_history,CN:SH:600632,,2026-07-21,1,0,missing_pit_valuation_history_record
valuation_history,CN:SH:600634,,2026-07-21,1,0,missing_pit_valuation_history_record
valuation_history,CN:SH:600646,,2026-07-21,1,0,missing_pit_valuation_history_record
valuation_history,CN:SH:600647,,2026-07-21,1,0,missing_pit_valuation_history_record
valuation_history,CN:SH:600652,,2026-07-21,1,0,missing_pit_valuation_history_record
valuation_history,CN:SH:600656,,2026-07-21,1,0,missing_pit_valuation_history_record
valuation_history,CN:SH:600659,,2026-07-21,1,0,missing_pit_valuation_history_record
valuation_history,CN:SH:600669,,2026-07-21,1,0,missing_pit_valuation_history_record
valuation_history,CN:SH:600670,,2026-07-21,1,0,missing_pit_valuation_history_record
valuation_history,CN:SH:600672,,2026-07-21,1,0,missing_pit_valuation_history_record
valuation_history,CN:SH:600677,,2026-07-21,1,0,missing_pit_valuation_history_record
valuation_history,CN:SH:600680,,2026-07-21,1,0,missing_pit_valuation_history_record
valuation_history,CN:SH:600687,,2026-07-21,1,0,missing_pit_valuation_history_record
valuation_history,CN:SH:600695,,2026-07-21,1,0,missing_pit_valuation_history_record
valuation_history,CN:SH:600700,,2026-07-21,1,0,missing_pit_valuation_history_record
valuation_history,CN:SH:600701,,2026-07-21,1,0,missing_pit_valuation_history_record
valuation_history,CN:SH:600705,,2026-07-21,1,0,missing_pit_valuation_history_record
valuation_history,CN:SH:600709,,2026-07-21,1,0,missing_pit_valuation_history_record
valuation_history,CN:SH:600723,,2026-07-21,1,0,missing_pit_valuation_history_record
valuation_history,CN:SH:600747,,2026-07-21,1,0,missing_pit_valuation_history_record
valuation_history,CN:SH:600752,,2026-07-21,1,0,missing_pit_valuation_history_record
valuation_history,CN:SH:600762,,2026-07-21,1,0,missing_pit_valuation_history_record
valuation_history,CN:SH:600766,,2026-07-21,1,0,missing_pit_valuation_history_record
valuation_history,CN:SH:600767,,2026-07-21,1,0,missing_pit_valuation_history_record
valuation_history,CN:SH:600772,,2026-07-21,1,0,missing_pit_valuation_history_record
valuation_history,CN:SH:600781,,2026-07-21,1,0,missing_pit_valuation_history_record
valuation_history,CN:SH:600786,,2026-07-21,1,0,missing_pit_valuation_history_record
valuation_history,CN:SH:600788,,2026-07-21,1,0,missing_pit_valuation_history_record
valuation_history,CN:SH:600799,,2026-07-21,1,0,missing_pit_valuation_history_record
valuation_history,CN:SH:600804,,2026-07-21,1,0,missing_pit_valuation_history_record
valuation_history,CN:SH:600806,,2026-07-21,1,0,missing_pit_valuation_history_record
valuation_history,CN:SH:600811,,2026-07-21,1,0,missing_pit_valuation_history_record
valuation_history,CN:SH:600813,,2026-07-21,1,0,missing_pit_valuation_history_record
valuation_history,CN:SH:600823,,2026-07-21,1,0,missing_pit_valuation_history_record
valuation_history,CN:SH:600832,,2026-07-21,1,0,missing_pit_valuation_history_record
valuation_history,CN:SH:600836,,2026-07-21,1,0,missing_pit_valuation_history_record
valuation_history,CN:SH:600837,,2026-07-21,1,0,missing_pit_valuation_history_record
valuation_history,CN:SH:600840,,2026-07-21,1,0,missing_pit_valuation_history_record
valuation_history,CN:SH:600842,,2026-07-21,1,0,missing_pit_valuation_history_record
valuation_history,CN:SH:600849,,2026-07-21,1,0,missing_pit_valuation_history_record
valuation_history,CN:SH:600852,,2026-07-21,1,0,missing_pit_valuation_history_record
valuation_history,CN:SH:600856,,2026-07-21,1,0,missing_pit_valuation_history_record
valuation_history,CN:SH:600870,,2026-07-21,1,0,missing_pit_valuation_history_record
valuation_history,CN:SH:600878,,2026-07-21,1,0,missing_pit_valuation_history_record
valuation_history,CN:SH:600890,,2026-07-21,1,0,missing_pit_valuation_history_record
valuation_history,CN:SH:600891,,2026-07-21,1,0,missing_pit_valuation_history_record
valuation_history,CN:SH:600896,,2026-07-21,1,0,missing_pit_valuation_history_record
valuation_history,CN:SH:600898,,2026-07-21,1,0,missing_pit_valuation_history_record
valuation_history,CN:SH:600899,,2026-07-21,1,0,missing_pit_valuation_history_record
valuation_history,CN:SH:600978,,2026-07-21,1,0,missing_pit_valuation_history_record
valuation_history,CN:SH:600991,,2026-07-21,1,0,missing_pit_valuation_history_record
valuation_history,CN:SH:601028,,2026-07-21,1,0,missing_pit_valuation_history_record
valuation_history,CN:SH:601112,,2026-07-21,1,0,missing_pit_valuation_history_record
valuation_history,CN:SH:601258,,2026-07-21,1,0,missing_pit_valuation_history_record
valuation_history,CN:SH:601268,,2026-07-21,1,0,missing_pit_valuation_history_record
valuation_history,CN:SH:601299,,2026-07-21,1,0,missing_pit_valuation_history_record
valuation_history,CN:SH:601558,,2026-07-21,1,0,missing_pit_valuation_history_record
valuation_history,CN:SH:601989,,2026-07-21,1,0,missing_pit_valuation_history_record
valuation_history,CN:SH:603003,,2026-07-21,1,0,missing_pit_valuation_history_record
valuation_history,CN:SH:603056,,2026-07-21,1,0,missing_pit_valuation_history_record
valuation_history,CN:SH:603133,,2026-07-21,1,0,missing_pit_valuation_history_record
valuation_history,CN:SH:603157,,2026-07-21,1,0,missing_pit_valuation_history_record
valuation_history,CN:SH:603284,,2026-07-21,1,0,missing_pit_valuation_history_record
valuation_history,CN:SH:603293,,2026-07-21,1,0,missing_pit_valuation_history_record
valuation_history,CN:SH:603352,,2026-07-21,1,0,missing_pit_valuation_history_record
valuation_history,CN:SH:603388,,2026-07-21,1,0,missing_pit_valuation_history_record
valuation_history,CN:SH:603402,,2026-07-21,1,0,missing_pit_valuation_history_record
valuation_history,CN:SH:603407,,2026-07-21,1,0,missing_pit_valuation_history_record
valuation_history,CN:SH:603435,,2026-07-21,1,0,missing_pit_valuation_history_record
valuation_history,CN:SH:603459,,2026-07-21,1,0,missing_pit_valuation_history_record
valuation_history,CN:SH:603555,,2026-07-21,1,0,missing_pit_valuation_history_record
valuation_history,CN:SH:603603,,2026-07-21,1,0,missing_pit_valuation_history_record
valuation_history,CN:SH:603963,,2026-07-21,1,0,missing_pit_valuation_history_record
valuation_history,CN:SH:603996,,2026-07-21,1,0,missing_pit_valuation_history_record
valuation_history,CN:SH:688086,,2026-07-21,1,0,missing_pit_valuation_history_record
valuation_history,CN:SH:688555,,2026-07-21,1,0,missing_pit_valuation_history_record
valuation_history,CN:SH:688635,,2026-07-21,1,0,missing_pit_valuation_history_record
valuation_history,CN:SH:688712,,2026-07-21,1,0,missing_pit_valuation_history_record
valuation_history,CN:SH:688781,,2026-07-21,1,0,missing_pit_valuation_history_record
valuation_history,CN:SH:688785,,2026-07-21,1,0,missing_pit_valuation_history_record
valuation_history,CN:SH:688797,,2026-07-21,1,0,missing_pit_valuation_history_record
valuation_history,CN:SH:688808,,2026-07-21,1,0,missing_pit_valuation_history_record
valuation_history,CN:SH:688811,,2026-07-21,1,0,missing_pit_valuation_history_record
valuation_history,CN:SH:688813,,2026-07-21,1,0,missing_pit_valuation_history_record
valuation_history,CN:SH:688816,,2026-07-21,1,0,missing_pit_valuation_history_record
valuation_history,CN:SH:688818,,2026-07-21,1,0,missing_pit_valuation_history_record
valuation_history,CN:SH:688820,,2026-07-21,1,0,missing_pit_valuation_history_record
valuation_history,CN:SZ:000003,,2026-07-21,1,0,missing_pit_valuation_history_record
valuation_history,CN:SZ:000005,,2026-07-21,1,0,missing_pit_valuation_history_record
valuation_history,CN:SZ:000013,,2026-07-21,1,0,missing_pit_valuation_history_record
valuation_history,CN:SZ:000015,,2026-07-21,1,0,missing_pit_valuation_history_record
valuation_history,CN:SZ:000018,,2026-07-21,1,0,missing_pit_valuation_history_record
valuation_history,CN:SZ:000022,,2026-07-21,1,0,missing_pit_valuation_history_record
valuation_history,CN:SZ:000023,,2026-07-21,1,0,missing_pit_valuation_history_record
valuation_history,CN:SZ:000024,,2026-07-21,1,0,missing_pit_valuation_history_record
valuation_history,CN:SZ:000033,,2026-07-21,1,0,missing_pit_valuation_history_record
valuation_history,CN:SZ:000038,,2026-07-21,1,0,missing_pit_valuation_history_record
valuation_history,CN:SZ:000040,,2026-07-21,1,0,missing_pit_valuation_history_record
valuation_history,CN:SZ:000043,,2026-07-21,1,0,missing_pit_valuation_history_record
valuation_history,CN:SZ:000046,,2026-07-21,1,0,missing_pit_valuation_history_record
valuation_history,CN:SZ:000047,,2026-07-21,1,0,missing_pit_valuation_history_record
valuation_history,CN:SZ:000150,,2026-07-21,1,0,missing_pit_valuation_history_record
valuation_history,CN:SZ:000405,,2026-07-21,1,0,missing_pit_valuation_history_record
valuation_history,CN:SZ:000406,,2026-07-21,1,0,missing_pit_valuation_history_record
valuation_history,CN:SZ:000412,,2026-07-21,1,0,missing_pit_valuation_history_record
valuation_history,CN:SZ:000413,,2026-07-21,1,0,missing_pit_valuation_history_record
valuation_history,CN:SZ:000416,,2026-07-21,1,0,missing_pit_valuation_history_record
valuation_history,CN:SZ:000418,,2026-07-21,1,0,missing_pit_valuation_history_record
valuation_history,CN:SZ:000502,,2026-07-21,1,0,missing_pit_valuation_history_record
valuation_history,CN:SZ:000508,,2026-07-21,1,0,missing_pit_valuation_history_record
valuation_history,CN:SZ:000511,,2026-07-21,1,0,missing_pit_valuation_history_record
valuation_history,CN:SZ:000515,,2026-07-21,1,0,missing_pit_valuation_history_record
valuation_history,CN:SZ:000522,,2026-07-21,1,0,missing_pit_valuation_history_record
valuation_history,CN:SZ:000527,,2026-07-21,1,0,missing_pit_valuation_history_record
valuation_history,CN:SZ:000535,,2026-07-21,1,0,missing_pit_valuation_history_record
valuation_history,CN:SZ:000540,,2026-07-21,1,0,missing_pit_valuation_history_record
valuation_history,CN:SZ:000542,,2026-07-21,1,0,missing_pit_valuation_history_record
valuation_history,CN:SZ:000549,,2026-07-21,1,0,missing_pit_valuation_history_record
valuation_history,CN:SZ:000556,,2026-07-21,1,0,missing_pit_valuation_history_record
valuation_history,CN:SZ:000562,,2026-07-21,1,0,missing_pit_valuation_history_record
valuation_history,CN:SZ:000569,,2026-07-21,1,0,missing_pit_valuation_history_record
valuation_history,CN:SZ:000578,,2026-07-21,1,0,missing_pit_valuation_history_record
valuation_history,CN:SZ:000583,,2026-07-21,1,0,missing_pit_valuation_history_record
valuation_history,CN:SZ:000584,,2026-07-21,1,0,missing_pit_valuation_history_record
valuation_history,CN:SZ:000585,,2026-07-21,1,0,missing_pit_valuation_history_record
valuation_history,CN:SZ:000587,,2026-07-21,1,0,missing_pit_valuation_history_record
valuation_history,CN:SZ:000588,,2026-07-21,1,0,missing_pit_valuation_history_record
valuation_history,CN:SZ:000594,,2026-07-21,1,0,missing_pit_valuation_history_record
valuation_history,CN:SZ:000602,,2026-07-21,1,0,missing_pit_valuation_history_record
valuation_history,CN:SZ:000606,,2026-07-21,1,0,missing_pit_valuation_history_record
valuation_history,CN:SZ:000611,,2026-07-21,1,0,missing_pit_valuation_history_record
valuation_history,CN:SZ:000613,,2026-07-21,1,0,missing_pit_valuation_history_record
valuation_history,CN:SZ:000616,,2026-07-21,1,0,missing_pit_valuation_history_record
valuation_history,CN:SZ:000618,,2026-07-21,1,0,missing_pit_valuation_history_record
valuation_history,CN:SZ:000621,,2026-07-21,1,0,missing_pit_valuation_history_record
valuation_history,CN:SZ:000622,,2026-07-21,1,0,missing_pit_valuation_history_record
valuation_history,CN:SZ:000627,,2026-07-21,1,0,missing_pit_valuation_history_record
valuation_history,CN:SZ:000653,,2026-07-21,1,0,missing_pit_valuation_history_record
valuation_history,CN:SZ:000658,,2026-07-21,1,0,missing_pit_valuation_history_record
valuation_history,CN:SZ:000660,,2026-07-21,1,0,missing_pit_valuation_history_record
valuation_history,CN:SZ:000662,,2026-07-21,1,0,missing_pit_valuation_history_record
valuation_history,CN:SZ:000666,,2026-07-21,1,0,missing_pit_valuation_history_record
valuation_history,CN:SZ:000667,,2026-07-21,1,0,missing_pit_valuation_history_record
valuation_history,CN:SZ:000671,,2026-07-21,1,0,missing_pit_valuation_history_record
valuation_history,CN:SZ:000673,,2026-07-21,1,0,missing_pit_valuation_history_record
valuation_history,CN:SZ:000675,,2026-07-21,1,0,missing_pit_valuation_history_record
valuation_history,CN:SZ:000687,,2026-07-21,1,0,missing_pit_valuation_history_record
valuation_history,CN:SZ:000689,,2026-07-21,1,0,missing_pit_valuation_history_record
valuation_history,CN:SZ:000693,,2026-07-21,1,0,missing_pit_valuation_history_record
valuation_history,CN:SZ:000699,,2026-07-21,1,0,missing_pit_valuation_history_record
valuation_history,CN:SZ:000730,,2026-07-21,1,0,missing_pit_valuation_history_record
valuation_history,CN:SZ:000732,,2026-07-21,1,0,missing_pit_valuation_history_record
valuation_history,CN:SZ:000748,,2026-07-21,1,0,missing_pit_valuation_history_record
valuation_history,CN:SZ:000760,,2026-07-21,1,0,missing_pit_valuation_history_record
valuation_history,CN:SZ:000763,,2026-07-21,1,0,missing_pit_valuation_history_record
valuation_history,CN:SZ:000765,,2026-07-21,1,0,missing_pit_valuation_history_record
valuation_history,CN:SZ:000769,,2026-07-21,1,0,missing_pit_valuation_history_record
valuation_history,CN:SZ:000780,,2026-07-21,1,0,missing_pit_valuation_history_record
valuation_history,CN:SZ:000787,,2026-07-21,1,0,missing_pit_valuation_history_record
valuation_history,CN:SZ:000805,,2026-07-21,1,0,missing_pit_valuation_history_record
valuation_history,CN:SZ:000806,,2026-07-21,1,0,missing_pit_valuation_history_record
valuation_history,CN:SZ:000817,,2026-07-21,1,0,missing_pit_valuation_history_record
valuation_history,CN:SZ:000827,,2026-07-21,1,0,missing_pit_valuation_history_record
valuation_history,CN:SZ:000832,,2026-07-21,1,0,missing_pit_valuation_history_record
valuation_history,CN:SZ:000835,,2026-07-21,1,0,missing_pit_valuation_history_record
valuation_history,CN:SZ:000836,,2026-07-21,1,0,missing_pit_valuation_history_record
valuation_history,CN:SZ:000851,,2026-07-21,1,0,missing_pit_valuation_history_record
valuation_history,CN:SZ:000861,,2026-07-21,1,0,missing_pit_valuation_history_record
valuation_history,CN:SZ:000866,,2026-07-21,1,0,missing_pit_valuation_history_record
valuation_history,CN:SZ:000916,,2026-07-21,1,0,missing_pit_valuation_history_record
valuation_history,CN:SZ:000918,,2026-07-21,1,0,missing_pit_valuation_history_record
valuation_history,CN:SZ:000939,,2026-07-21,1,0,missing_pit_valuation_history_record
valuation_history,CN:SZ:000956,,2026-07-21,1,0,missing_pit_valuation_history_record
valuation_history,CN:SZ:000961,,2026-07-21,1,0,missing_pit_valuation_history_record
valuation_history,CN:SZ:000971,,2026-07-21,1,0,missing_pit_valuation_history_record
valuation_history,CN:SZ:000976,,2026-07-21,1,0,missing_pit_valuation_history_record
valuation_history,CN:SZ:000979,,2026-07-21,1,0,missing_pit_valuation_history_record
valuation_history,CN:SZ:000982,,2026-07-21,1,0,missing_pit_valuation_history_record
valuation_history,CN:SZ:000996,,2026-07-21,1,0,missing_pit_valuation_history_record
valuation_history,CN:SZ:001220,,2026-07-21,1,0,missing_pit_valuation_history_record
valuation_history,CN:SZ:001237,,2026-07-21,1,0,missing_pit_valuation_history_record
valuation_history,CN:SZ:001248,,2026-07-21,1,0,missing_pit_valuation_history_record
valuation_history,CN:SZ:001257,,2026-07-21,1,0,missing_pit_valuation_history_record
valuation_history,CN:SZ:001312,,2026-07-21,1,0,missing_pit_valuation_history_record
valuation_history,CN:SZ:001365,,2026-07-21,1,0,missing_pit_valuation_history_record
valuation_history,CN:SZ:001393,,2026-07-21,1,0,missing_pit_valuation_history_record
valuation_history,CN:SZ:001399,,2026-07-21,1,0,missing_pit_valuation_history_record
valuation_history,CN:SZ:002002,,2026-07-21,1,0,missing_pit_valuation_history_record
valuation_history,CN:SZ:002013,,2026-07-21,1,0,missing_pit_valuation_history_record
valuation_history,CN:SZ:002018,,2026-07-21,1,0,missing_pit_valuation_history_record
valuation_history,CN:SZ:002070,,2026-07-21,1,0,missing_pit_valuation_history_record
valuation_history,CN:SZ:002071,,2026-07-21,1,0,missing_pit_valuation_history_record
valuation_history,CN:SZ:002087,,2026-07-21,1,0,missing_pit_valuation_history_record
valuation_history,CN:SZ:002089,,2026-07-21,1,0,missing_pit_valuation_history_record
valuation_history,CN:SZ:002113,,2026-07-21,1,0,missing_pit_valuation_history_record
valuation_history,CN:SZ:002118,,2026-07-21,1,0,missing_pit_valuation_history_record
valuation_history,CN:SZ:002143,,2026-07-21,1,0,missing_pit_valuation_history_record
valuation_history,CN:SZ:002147,,2026-07-21,1,0,missing_pit_valuation_history_record
valuation_history,CN:SZ:002220,,2026-07-21,1,0,missing_pit_valuation_history_record
valuation_history,CN:SZ:002231,,2026-07-21,1,0,missing_pit_valuation_history_record
valuation_history,CN:SZ:002260,,2026-07-21,1,0,missing_pit_valuation_history_record
valuation_history,CN:SZ:002280,,2026-07-21,1,0,missing_pit_valuation_history_record
valuation_history,CN:SZ:002288,,2026-07-21,1,0,missing_pit_valuation_history_record
valuation_history,CN:SZ:002308,,2026-07-21,1,0,missing_pit_valuation_history_record
valuation_history,CN:SZ:002325,,2026-07-21,1,0,missing_pit_valuation_history_record
valuation_history,CN:SZ:002336,,2026-07-21,1,0,missing_pit_valuation_history_record
valuation_history,CN:SZ:002341,,2026-07-21,1,0,missing_pit_valuation_history_record
valuation_history,CN:SZ:002359,,2026-07-21,1,0,missing_pit_valuation_history_record
valuation_history,CN:SZ:002411,,2026-07-21,1,0,missing_pit_valuation_history_record
valuation_history,CN:SZ:002417,,2026-07-21,1,0,missing_pit_valuation_history_record
valuation_history,CN:SZ:002433,,2026-07-21,1,0,missing_pit_valuation_history_record
valuation_history,CN:SZ:002435,,2026-07-21,1,0,missing_pit_valuation_history_record
valuation_history,CN:SZ:002447,,2026-07-21,1,0,missing_pit_valuation_history_record
valuation_history,CN:SZ:002450,,2026-07-21,1,0,missing_pit_valuation_history_record
valuation_history,CN:SZ:002464,,2026-07-21,1,0,missing_pit_valuation_history_record
valuation_history,CN:SZ:002473,,2026-07-21,1,0,missing_pit_valuation_history_record
valuation_history,CN:SZ:002477,,2026-07-21,1,0,missing_pit_valuation_history_record
valuation_history,CN:SZ:002499,,2026-07-21,1,0,missing_pit_valuation_history_record
valuation_history,CN:SZ:002502,,2026-07-21,1,0,missing_pit_valuation_history_record
valuation_history,CN:SZ:002503,,2026-07-21,1,0,missing_pit_valuation_history_record
valuation_history,CN:SZ:002504,,2026-07-21,1,0,missing_pit_valuation_history_record
valuation_history,CN:SZ:002505,,2026-07-21,1,0,missing_pit_valuation_history_record
valuation_history,CN:SZ:002509,,2026-07-21,1,0,missing_pit_valuation_history_record
valuation_history,CN:SZ:002604,,2026-07-21,1,0,missing_pit_valuation_history_record
valuation_history,CN:SZ:002610,,2026-07-21,1,0,missing_pit_valuation_history_record
valuation_history,CN:SZ:002618,,2026-07-21,1,0,missing_pit_valuation_history_record
valuation_history,CN:SZ:002619,,2026-07-21,1,0,missing_pit_valuation_history_record
valuation_history,CN:SZ:002621,,2026-07-21,1,0,missing_pit_valuation_history_record
valuation_history,CN:SZ:002665,,2026-07-21,1,0,missing_pit_valuation_history_record
valuation_history,CN:SZ:002680,,2026-07-21,1,0,missing_pit_valuation_history_record
valuation_history,CN:SZ:002684,,2026-07-21,1,0,missing_pit_valuation_history_record
valuation_history,CN:SZ:002699,,2026-07-21,1,0,missing_pit_valuation_history_record
valuation_history,CN:SZ:002711,,2026-07-21,1,0,missing_pit_valuation_history_record
valuation_history,CN:SZ:002740,,2026-07-21,1,0,missing_pit_valuation_history_record
valuation_history,CN:SZ:002750,,2026-07-21,1,0,missing_pit_valuation_history_record
valuation_history,CN:SZ:002751,,2026-07-21,1,0,missing_pit_valuation_history_record
valuation_history,CN:SZ:002770,,2026-07-21,1,0,missing_pit_valuation_history_record
valuation_history,CN:SZ:002776,,2026-07-21,1,0,missing_pit_valuation_history_record
valuation_history,CN:SZ:002781,,2026-07-21,1,0,missing_pit_valuation_history_record
valuation_history,CN:SZ:300023,,2026-07-21,1,0,missing_pit_valuation_history_record
valuation_history,CN:SZ:300028,,2026-07-21,1,0,missing_pit_valuation_history_record
valuation_history,CN:SZ:300038,,2026-07-21,1,0,missing_pit_valuation_history_record
valuation_history,CN:SZ:300064,,2026-07-21,1,0,missing_pit_valuation_history_record
valuation_history,CN:SZ:300089,,2026-07-21,1,0,missing_pit_valuation_history_record
valuation_history,CN:SZ:300090,,2026-07-21,1,0,missing_pit_valuation_history_record
valuation_history,CN:SZ:300104,,2026-07-21,1,0,missing_pit_valuation_history_record
valuation_history,CN:SZ:300108,,2026-07-21,1,0,missing_pit_valuation_history_record
valuation_history,CN:SZ:300114,,2026-07-21,1,0,missing_pit_valuation_history_record
valuation_history,CN:SZ:300116,,2026-07-21,1,0,missing_pit_valuation_history_record
valuation_history,CN:SZ:300117,,2026-07-21,1,0,missing_pit_valuation_history_record
valuation_history,CN:SZ:300156,,2026-07-21,1,0,missing_pit_valuation_history_record
valuation_history,CN:SZ:300178,,2026-07-21,1,0,missing_pit_valuation_history_record
valuation_history,CN:SZ:300186,,2026-07-21,1,0,missing_pit_valuation_history_record
valuation_history,CN:SZ:300202,,2026-07-21,1,0,missing_pit_valuation_history_record
valuation_history,CN:SZ:300208,,2026-07-21,1,0,missing_pit_valuation_history_record
valuation_history,CN:SZ:300216,,2026-07-21,1,0,missing_pit_valuation_history_record
valuation_history,CN:SZ:300262,,2026-07-21,1,0,missing_pit_valuation_history_record
valuation_history,CN:SZ:300273,,2026-07-21,1,0,missing_pit_valuation_history_record
valuation_history,CN:SZ:300280,,2026-07-21,1,0,missing_pit_valuation_history_record
valuation_history,CN:SZ:300282,,2026-07-21,1,0,missing_pit_valuation_history_record
valuation_history,CN:SZ:300297,,2026-07-21,1,0,missing_pit_valuation_history_record
valuation_history,CN:SZ:300309,,2026-07-21,1,0,missing_pit_valuation_history_record
valuation_history,CN:SZ:300312,,2026-07-21,1,0,missing_pit_valuation_history_record
valuation_history,CN:SZ:300325,,2026-07-21,1,0,missing_pit_valuation_history_record
valuation_history,CN:SZ:300330,,2026-07-21,1,0,missing_pit_valuation_history_record
valuation_history,CN:SZ:300336,,2026-07-21,1,0,missing_pit_valuation_history_record
valuation_history,CN:SZ:300344,,2026-07-21,1,0,missing_pit_valuation_history_record
valuation_history,CN:SZ:300356,,2026-07-21,1,0,missing_pit_valuation_history_record
valuation_history,CN:SZ:300362,,2026-07-21,1,0,missing_pit_valuation_history_record
valuation_history,CN:SZ:300367,,2026-07-21,1,0,missing_pit_valuation_history_record
valuation_history,CN:SZ:300372,,2026-07-21,1,0,missing_pit_valuation_history_record
valuation_history,CN:SZ:300379,,2026-07-21,1,0,missing_pit_valuation_history_record
valuation_history,CN:SZ:300391,,2026-07-21,1,0,missing_pit_valuation_history_record
valuation_history,CN:SZ:300392,,2026-07-21,1,0,missing_pit_valuation_history_record
valuation_history,CN:SZ:300431,,2026-07-21,1,0,missing_pit_valuation_history_record
valuation_history,CN:SZ:300495,,2026-07-21,1,0,missing_pit_valuation_history_record
valuation_history,CN:SZ:300526,,2026-07-21,1,0,missing_pit_valuation_history_record
valuation_history,CN:SZ:300630,,2026-07-21,1,0,missing_pit_valuation_history_record
valuation_history,CN:SZ:300742,,2026-07-21,1,0,missing_pit_valuation_history_record
valuation_history,CN:SZ:300799,,2026-07-21,1,0,missing_pit_valuation_history_record
valuation_history,CN:SZ:301513,,2026-07-21,1,0,missing_pit_valuation_history_record
valuation_history,CN:SZ:301531,,2026-07-21,1,0,missing_pit_valuation_history_record
valuation_history,CN:SZ:301599,,2026-07-21,1,0,missing_pit_valuation_history_record
valuation_history,CN:SZ:301666,,2026-07-21,1,0,missing_pit_valuation_history_record
valuation_history,CN:SZ:301669,,2026-07-21,1,0,missing_pit_valuation_history_record
valuation_history,CN:SZ:301680,,2026-07-21,1,0,missing_pit_valuation_history_record
valuation_history,CN:SZ:301682,,2026-07-21,1,0,missing_pit_valuation_history_record
valuation_history,CN:SZ:301683,,2026-07-21,1,0,missing_pit_valuation_history_record
valuation_history,CN:SZ:301696,,2026-07-21,1,0,missing_pit_valuation_history_record
